ISO-10303-21;
HEADER;
/* Generated by software containing ST-Developer
 * from STEP Tools, Inc. (www.steptools.com) 
 */
/* OPTION: using custom renumber hook */

FILE_DESCRIPTION(
/* description */ ('STEP AP242 Edition 2',
'CAx-IF Rec.Pracs.---Representation and Presentation of Product Manufa
cturing Information (PMI)---4.0---2014-10-13',
'CAx-IF Rec.Pracs.---3D Tessellated Geometry---0.4---2014-09-14','2;1',
'CAx-IF Rec.Pracs.---User Defined Attributes---1.5---2016-08-15'),
/* implementation_level */ '2;1');

FILE_NAME(
/* name */ 'Part Studio 1 - Back',
/* time_stamp */ '2026-07-03T17:03:20Z',
/* author */ (''),
/* organization */ (''),
/* preprocessor_version */ 'ST-DEVELOPER v20',
/* originating_system */ 'ONSHAPE BY PTC INC, 1.217',
/* authorisation */ '  ');

FILE_SCHEMA (('AP242_MANAGED_MODEL_BASED_3D_ENGINEERING_MIM_LF { 1 0 10303 442 3 1 4 }'));
ENDSEC;

DATA;
#10=SHAPE_REPRESENTATION_RELATIONSHIP('','',#2933,#11);
#11=ADVANCED_BREP_SHAPE_REPRESENTATION('',(#2931),#7891);
#12=CONICAL_SURFACE('',#3031,0.002,0.139626340159546);
#13=CONICAL_SURFACE('',#3041,0.002,0.139626340159546);
#14=ELLIPSE('',#2972,0.0170000000762709,0.0107141613002083);
#15=ELLIPSE('',#2978,0.017,0.0107142738302914);
#16=ELLIPSE('',#2980,0.017,0.0107142738302914);
#17=ELLIPSE('',#2982,0.0170000000762709,0.0107141613002083);
#18=ELLIPSE('',#2986,0.0170000000762709,0.0107141613002083);
#19=B_SPLINE_SURFACE_WITH_KNOTS('',3,1,((#4721,#4722),(#4723,#4724),(#4725,
#4726),(#4727,#4728)),.SURF_OF_LINEAR_EXTRUSION.,.F.,.F.,.F.,(4,4),(2,2),
(0.517907219726567,0.557367314689556),(0.,1.),.PIECEWISE_BEZIER_KNOTS.);
#20=B_SPLINE_SURFACE_WITH_KNOTS('',3,1,((#4753,#4754),(#4755,#4756),(#4757,
#4758),(#4759,#4760)),.SURF_OF_LINEAR_EXTRUSION.,.F.,.F.,.F.,(4,4),(2,2),
(3.25585656258385,3.50012472913947),(0.,1.),.PIECEWISE_BEZIER_KNOTS.);
#21=B_SPLINE_SURFACE_WITH_KNOTS('',3,1,((#4766,#4767),(#4768,#4769),(#4770,
#4771),(#4772,#4773),(#4774,#4775),(#4776,#4777),(#4778,#4779),(#4780,#4781),
(#4782,#4783),(#4784,#4785),(#4786,#4787),(#4788,#4789),(#4790,#4791)),
 .SURF_OF_LINEAR_EXTRUSION.,.F.,.F.,.F.,(4,1,1,1,1,1,1,1,1,1,4),(2,2),(0.516219627872825,
0.576690992301479,0.637162356730134,0.697633721158788,0.727869403373116,
0.758105085587443,0.818576450016097,0.848812132230425,0.879047814444752,
0.939519178873407,0.999990543302061),(0.,1.),.UNSPECIFIED.);
#22=B_SPLINE_SURFACE_WITH_KNOTS('',3,1,((#5112,#5113),(#5114,#5115),(#5116,
#5117),(#5118,#5119),(#5120,#5121),(#5122,#5123),(#5124,#5125)),
 .SURF_OF_LINEAR_EXTRUSION.,.F.,.F.,.F.,(4,1,1,1,4),(2,2),(0.015988242614957,
0.0762391464911737,0.13649005036739,0.196740954243607,0.256991858119824),
(0.,1.),.UNSPECIFIED.);
#23=B_SPLINE_SURFACE_WITH_KNOTS('',3,1,((#5154,#5155),(#5156,#5157),(#5158,
#5159),(#5160,#5161),(#5162,#5163)),.SURF_OF_LINEAR_EXTRUSION.,.F.,.F.,
 .F.,(4,1,4),(2,2),(2.17083233250005,2.59561895624944,3.02040557999882),
(0.,1.),.UNSPECIFIED.);
#24=B_SPLINE_SURFACE_WITH_KNOTS('',3,1,((#5300,#5301),(#5302,#5303),(#5304,
#5305),(#5306,#5307)),.SURF_OF_LINEAR_EXTRUSION.,.F.,.F.,.F.,(4,4),(2,2),
(4.13228652642378,4.73555212447915),(0.,1.),.PIECEWISE_BEZIER_KNOTS.);
#25=B_SPLINE_SURFACE_WITH_KNOTS('',3,1,((#5317,#5318),(#5319,#5320),(#5321,
#5322),(#5323,#5324)),.SURF_OF_LINEAR_EXTRUSION.,.F.,.F.,.F.,(4,4),(2,2),
(0.657133662022801,0.753668302327974),(0.,1.),.PIECEWISE_BEZIER_KNOTS.);
#26=B_SPLINE_SURFACE_WITH_KNOTS('',3,1,((#5327,#5328),(#5329,#5330),(#5331,
#5332),(#5333,#5334),(#5335,#5336)),.SURF_OF_LINEAR_EXTRUSION.,.F.,.F.,
 .F.,(4,1,4),(2,2),(5.29233774252651,5.74352100037502,6.19470425822352),
(0.,1.),.UNSPECIFIED.);
#27=B_SPLINE_SURFACE_WITH_KNOTS('',3,1,((#5350,#5351),(#5352,#5353),(#5354,
#5355),(#5356,#5357)),.SURF_OF_LINEAR_EXTRUSION.,.F.,.F.,.F.,(4,4),(2,2),
(-3.86610120707148E-12,0.999999999999843),(0.,1.),
 .PIECEWISE_BEZIER_KNOTS.);
#28=B_SPLINE_SURFACE_WITH_KNOTS('',3,1,((#5379,#5380),(#5381,#5382),(#5383,
#5384),(#5385,#5386)),.SURF_OF_LINEAR_EXTRUSION.,.F.,.F.,.F.,(4,4),(2,2),
(-5.83926202012524E-15,1.00000000000103),(0.,1.),
 .PIECEWISE_BEZIER_KNOTS.);
#29=B_SPLINE_SURFACE_WITH_KNOTS('',3,1,((#5407,#5408),(#5409,#5410),(#5411,
#5412),(#5413,#5414),(#5415,#5416),(#5417,#5418),(#5419,#5420),(#5421,#5422),
(#5423,#5424),(#5425,#5426)),.SURF_OF_LINEAR_EXTRUSION.,.F.,.F.,.F.,(4,
1,1,1,1,1,1,4),(2,2),(0.51939655089049,0.575256075257889,0.631115599625289,
0.742834648360088,0.798694172727487,0.854553697094886,0.910413221462286,
0.966272745829685),(0.,1.),.UNSPECIFIED.);
#30=B_SPLINE_SURFACE_WITH_KNOTS('',3,1,((#5512,#5513),(#5514,#5515),(#5516,
#5517),(#5518,#5519),(#5520,#5521),(#5522,#5523),(#5524,#5525),(#5526,#5527),
(#5528,#5529),(#5530,#5531)),.SURF_OF_LINEAR_EXTRUSION.,.F.,.F.,.F.,(4,
1,1,1,1,1,1,4),(2,2),(0.0337175737491614,0.0894577726319308,0.1451979715147,
0.20093817039747,0.256678369280239,0.368158767045778,0.423898965928547,
0.479639164811316),(0.,1.),.UNSPECIFIED.);
#31=B_SPLINE_SURFACE_WITH_KNOTS('',2,3,((#5626,#5627,#5628,#5629),(#5630,
#5631,#5632,#5633),(#5634,#5635,#5636,#5637)),.UNSPECIFIED.,.F.,.F.,.F.,
(3,3),(4,4),(0.,1.),(0.0110091589240325,0.0113706941194229),
 .PIECEWISE_BEZIER_KNOTS.);
#32=B_SPLINE_SURFACE_WITH_KNOTS('',2,3,((#5648,#5649,#5650,#5651),(#5652,
#5653,#5654,#5655),(#5656,#5657,#5658,#5659)),.UNSPECIFIED.,.F.,.F.,.F.,
(3,3),(4,4),(0.,1.),(0.,0.000359988792089728),.PIECEWISE_BEZIER_KNOTS.);
#33=B_SPLINE_SURFACE_WITH_KNOTS('',3,3,((#6063,#6064,#6065,#6066,#6067,
#6068,#6069,#6070,#6071,#6072,#6073,#6074,#6075),(#6076,#6077,#6078,#6079,
#6080,#6081,#6082,#6083,#6084,#6085,#6086,#6087,#6088),(#6089,#6090,#6091,
#6092,#6093,#6094,#6095,#6096,#6097,#6098,#6099,#6100,#6101),(#6102,#6103,
#6104,#6105,#6106,#6107,#6108,#6109,#6110,#6111,#6112,#6113,#6114),(#6115,
#6116,#6117,#6118,#6119,#6120,#6121,#6122,#6123,#6124,#6125,#6126,#6127),
(#6128,#6129,#6130,#6131,#6132,#6133,#6134,#6135,#6136,#6137,#6138,#6139,
#6140),(#6141,#6142,#6143,#6144,#6145,#6146,#6147,#6148,#6149,#6150,#6151,
#6152,#6153),(#6154,#6155,#6156,#6157,#6158,#6159,#6160,#6161,#6162,#6163,
#6164,#6165,#6166),(#6167,#6168,#6169,#6170,#6171,#6172,#6173,#6174,#6175,
#6176,#6177,#6178,#6179),(#6180,#6181,#6182,#6183,#6184,#6185,#6186,#6187,
#6188,#6189,#6190,#6191,#6192),(#6193,#6194,#6195,#6196,#6197,#6198,#6199,
#6200,#6201,#6202,#6203,#6204,#6205),(#6206,#6207,#6208,#6209,#6210,#6211,
#6212,#6213,#6214,#6215,#6216,#6217,#6218)),.UNSPECIFIED.,.F.,.F.,.F.,(4,
1,1,1,1,1,1,1,1,4),(4,1,1,1,1,1,1,1,1,1,4),(-2.38524477946811E-18,0.000661007609538293,
0.00132201521907659,0.00198302282861488,0.00264403043815318,0.00330503804769148,
0.00396604565722977,0.00462705326676807,0.00495755707153721,0.00528806087630636),
(-0.687192629924732,-0.579500715267932,-0.471808800611133,-0.256424971297534,
-0.0410411419839351,0.174342687329664,0.389726516643263,0.605110345956862,
0.82049417527046,0.92818608992726,1.03587800458406),.UNSPECIFIED.);
#34=B_SPLINE_SURFACE_WITH_KNOTS('',3,1,((#6288,#6289),(#6290,#6291),(#6292,
#6293),(#6294,#6295),(#6296,#6297),(#6298,#6299),(#6300,#6301)),
 .SURF_OF_LINEAR_EXTRUSION.,.F.,.F.,.F.,(4,1,1,1,4),(2,2),(0.0822434029500871,
0.467683997939082,0.853124592928078,1.23856518791707,1.62400578290607),
(0.,1.),.UNSPECIFIED.);
#35=B_SPLINE_SURFACE_WITH_KNOTS('',3,1,((#6312,#6313),(#6314,#6315),(#6316,
#6317),(#6318,#6319),(#6320,#6321),(#6322,#6323),(#6324,#6325),(#6326,#6327),
(#6328,#6329),(#6330,#6331),(#6332,#6333),(#6334,#6335),(#6336,#6337)),
 .SURF_OF_LINEAR_EXTRUSION.,.F.,.F.,.F.,(4,1,1,1,1,1,1,1,1,1,4),(2,2),(0.,
0.0603491335331174,0.120698267066235,0.150872833832794,0.181047400599352,
0.24139653413247,0.271571100899028,0.301745667665587,0.362094801198704,
0.422443934731822,0.482793068264939),(0.,1.),.UNSPECIFIED.);
#36=B_SPLINE_SURFACE_WITH_KNOTS('',3,1,((#6345,#6346),(#6347,#6348),(#6349,
#6350),(#6351,#6352),(#6353,#6354)),.SURF_OF_LINEAR_EXTRUSION.,.F.,.F.,
 .F.,(4,1,4),(2,2),(0.842266124066722,0.912648242913984,0.983030361761247),
(0.,1.),.UNSPECIFIED.);
#37=B_SPLINE_SURFACE_WITH_KNOTS('',3,1,((#6360,#6361),(#6362,#6363),(#6364,
#6365),(#6366,#6367),(#6368,#6369)),.SURF_OF_LINEAR_EXTRUSION.,.F.,.F.,
 .F.,(4,1,4),(2,2),(0.347111515026201,0.414332615089335,0.481553715152468),
(0.,1.),.UNSPECIFIED.);
#38=CYLINDRICAL_SURFACE('',#2963,0.002);
#39=CYLINDRICAL_SURFACE('',#2970,0.008);
#40=CYLINDRICAL_SURFACE('',#2989,0.0064);
#41=CYLINDRICAL_SURFACE('',#2990,0.0064);
#42=CYLINDRICAL_SURFACE('',#2991,0.008);
#43=CYLINDRICAL_SURFACE('',#2994,0.00300000000000023);
#44=CYLINDRICAL_SURFACE('',#2997,0.001);
#45=CYLINDRICAL_SURFACE('',#3006,0.003);
#46=CYLINDRICAL_SURFACE('',#3013,0.0064);
#47=CYLINDRICAL_SURFACE('',#3014,0.002);
#48=CYLINDRICAL_SURFACE('',#3015,0.002);
#49=CYLINDRICAL_SURFACE('',#3017,0.002);
#50=CYLINDRICAL_SURFACE('',#3019,0.001);
#51=CYLINDRICAL_SURFACE('',#3020,0.001);
#52=CYLINDRICAL_SURFACE('',#3022,0.00121741392988093);
#53=CYLINDRICAL_SURFACE('',#3023,0.002);
#54=CYLINDRICAL_SURFACE('',#3033,0.001);
#55=CYLINDRICAL_SURFACE('',#3038,0.001);
#56=CYLINDRICAL_SURFACE('',#3058,0.0022);
#57=CYLINDRICAL_SURFACE('',#3062,0.0022);
#58=CYLINDRICAL_SURFACE('',#3073,0.001);
#59=CYLINDRICAL_SURFACE('',#3077,0.00135);
#60=CYLINDRICAL_SURFACE('',#3078,0.00135);
#61=CYLINDRICAL_SURFACE('',#3080,0.0005);
#62=CYLINDRICAL_SURFACE('',#3085,0.0005);
#63=CYLINDRICAL_SURFACE('',#3090,0.0005);
#64=CYLINDRICAL_SURFACE('',#3091,0.001);
#65=CYLINDRICAL_SURFACE('',#3093,0.001);
#66=CYLINDRICAL_SURFACE('',#3095,0.003);
#67=CYLINDRICAL_SURFACE('',#3097,0.001);
#68=CYLINDRICAL_SURFACE('',#3101,0.001);
#69=CYLINDRICAL_SURFACE('',#3104,0.001);
#70=CYLINDRICAL_SURFACE('',#3107,0.001);
#71=CYLINDRICAL_SURFACE('',#3110,0.003);
#72=CYLINDRICAL_SURFACE('',#3116,0.001);
#73=CYLINDRICAL_SURFACE('',#3119,0.001);
#74=CYLINDRICAL_SURFACE('',#3122,0.003);
#75=CYLINDRICAL_SURFACE('',#3124,0.001);
#76=CYLINDRICAL_SURFACE('',#3127,0.001);
#77=CYLINDRICAL_SURFACE('',#3130,0.001);
#78=CYLINDRICAL_SURFACE('',#3133,0.003);
#79=CYLINDRICAL_SURFACE('',#3135,0.001);
#80=CYLINDRICAL_SURFACE('',#3138,0.001);
#81=CYLINDRICAL_SURFACE('',#3154,0.001);
#82=LINE('',#4394,#161);
#83=LINE('',#4401,#162);
#84=LINE('',#4405,#163);
#85=LINE('',#4430,#164);
#86=LINE('',#4446,#165);
#87=LINE('',#4453,#166);
#88=LINE('',#4457,#167);
#89=LINE('',#4729,#168);
#90=LINE('',#4736,#169);
#91=LINE('',#4746,#170);
#92=LINE('',#4752,#171);
#93=LINE('',#4761,#172);
#94=LINE('',#4765,#173);
#95=LINE('',#4792,#174);
#96=LINE('',#4856,#175);
#97=LINE('',#4927,#176);
#98=LINE('',#4928,#177);
#99=LINE('',#4990,#178);
#100=LINE('',#5000,#179);
#101=LINE('',#5004,#180);
#102=LINE('',#5020,#181);
#103=LINE('',#5024,#182);
#104=LINE('',#5036,#183);
#105=LINE('',#5040,#184);
#106=LINE('',#5047,#185);
#107=LINE('',#5056,#186);
#108=LINE('',#5088,#187);
#109=LINE('',#5097,#188);
#110=LINE('',#5107,#189);
#111=LINE('',#5164,#190);
#112=LINE('',#5315,#191);
#113=LINE('',#5316,#192);
#114=LINE('',#5325,#193);
#115=LINE('',#5326,#194);
#116=LINE('',#5349,#195);
#117=LINE('',#5490,#196);
#118=LINE('',#5537,#197);
#119=LINE('',#5866,#198);
#120=LINE('',#5867,#199);
#121=LINE('',#6220,#200);
#122=LINE('',#6225,#201);
#123=LINE('',#6287,#202);
#124=LINE('',#6311,#203);
#125=LINE('',#6338,#204);
#126=LINE('',#6359,#205);
#127=LINE('',#6370,#206);
#128=LINE('',#6381,#207);
#129=LINE('',#6396,#208);
#130=LINE('',#6403,#209);
#131=LINE('',#6417,#210);
#132=LINE('',#6471,#211);
#133=LINE('',#6677,#212);
#134=LINE('',#6705,#213);
#135=LINE('',#6755,#214);
#136=LINE('',#6760,#215);
#137=LINE('',#7094,#216);
#138=LINE('',#7261,#217);
#139=LINE('',#7263,#218);
#140=LINE('',#7265,#219);
#141=LINE('',#7267,#220);
#142=LINE('',#7269,#221);
#143=LINE('',#7298,#222);
#144=LINE('',#7305,#223);
#145=LINE('',#7396,#224);
#146=LINE('',#7400,#225);
#147=LINE('',#7404,#226);
#148=LINE('',#7423,#227);
#149=LINE('',#7428,#228);
#150=LINE('',#7434,#229);
#151=LINE('',#7446,#230);
#152=LINE('',#7459,#231);
#153=LINE('',#7472,#232);
#154=LINE('',#7477,#233);
#155=LINE('',#7491,#234);
#156=LINE('',#7495,#235);
#157=LINE('',#7516,#236);
#158=LINE('',#7521,#237);
#159=LINE('',#7527,#238);
#160=LINE('',#7541,#239);
#161=VECTOR('',#3245,1.);
#162=VECTOR('',#3254,1.);
#163=VECTOR('',#3257,1.);
#164=VECTOR('',#3266,1.);
#165=VECTOR('',#3269,1.);
#166=VECTOR('',#3270,1.);
#167=VECTOR('',#3273,1.);
#168=VECTOR('',#3282,1.);
#169=VECTOR('',#3283,1.);
#170=VECTOR('',#3288,1.);
#171=VECTOR('',#3289,1.);
#172=VECTOR('',#3290,1.);
#173=VECTOR('',#3293,1.);
#174=VECTOR('',#3294,1.);
#175=VECTOR('',#3295,1.);
#176=VECTOR('',#3306,1.);
#177=VECTOR('',#3307,1.);
#178=VECTOR('',#3308,1.);
#179=VECTOR('',#3311,1.);
#180=VECTOR('',#3314,1.);
#181=VECTOR('',#3317,1.);
#182=VECTOR('',#3320,1.);
#183=VECTOR('',#3325,1.);
#184=VECTOR('',#3328,1.);
#185=VECTOR('',#3335,1.);
#186=VECTOR('',#3340,1.);
#187=VECTOR('',#3345,1.);
#188=VECTOR('',#3346,1.);
#189=VECTOR('',#3349,1.);
#190=VECTOR('',#3350,1.);
#191=VECTOR('',#3353,1.);
#192=VECTOR('',#3354,1.);
#193=VECTOR('',#3355,1.);
#194=VECTOR('',#3356,1.);
#195=VECTOR('',#3357,1.);
#196=VECTOR('',#3358,1.);
#197=VECTOR('',#3359,1.);
#198=VECTOR('',#3376,1.);
#199=VECTOR('',#3377,1.);
#200=VECTOR('',#3394,1.);
#201=VECTOR('',#3399,1.);
#202=VECTOR('',#3400,1.);
#203=VECTOR('',#3403,1.);
#204=VECTOR('',#3404,1.);
#205=VECTOR('',#3407,1.);
#206=VECTOR('',#3408,1.);
#207=VECTOR('',#3411,1.);
#208=VECTOR('',#3414,1.);
#209=VECTOR('',#3417,1.);
#210=VECTOR('',#3420,1.);
#211=VECTOR('',#3429,1.);
#212=VECTOR('',#3450,1.);
#213=VECTOR('',#3453,1.);
#214=VECTOR('',#3464,1.);
#215=VECTOR('',#3471,1.);
#216=VECTOR('',#3522,1.);
#217=VECTOR('',#3543,1.);
#218=VECTOR('',#3544,1.);
#219=VECTOR('',#3547,1.);
#220=VECTOR('',#3548,1.);
#221=VECTOR('',#3549,1.);
#222=VECTOR('',#3554,1.);
#223=VECTOR('',#3557,1.);
#224=VECTOR('',#3582,1.);
#225=VECTOR('',#3585,1.);
#226=VECTOR('',#3590,1.);
#227=VECTOR('',#3605,1.);
#228=VECTOR('',#3608,1.);
#229=VECTOR('',#3615,1.);
#230=VECTOR('',#3620,1.);
#231=VECTOR('',#3629,1.);
#232=VECTOR('',#3640,1.);
#233=VECTOR('',#3643,1.);
#234=VECTOR('',#3650,1.);
#235=VECTOR('',#3655,1.);
#236=VECTOR('',#3666,1.);
#237=VECTOR('',#3669,1.);
#238=VECTOR('',#3676,1.);
#239=VECTOR('',#3683,1.);
#240=PLANE('',#2954);
#241=PLANE('',#2973);
#242=PLANE('',#3000);
#243=PLANE('',#3001);
#244=PLANE('',#3009);
#245=PLANE('',#3012);
#246=PLANE('',#3016);
#247=PLANE('',#3018);
#248=PLANE('',#3021);
#249=PLANE('',#3035);
#250=PLANE('',#3036);
#251=PLANE('',#3037);
#252=PLANE('',#3040);
#253=PLANE('',#3060);
#254=PLANE('',#3064);
#255=PLANE('',#3075);
#256=PLANE('',#3076);
#257=PLANE('',#3079);
#258=PLANE('',#3099);
#259=PLANE('',#3112);
#260=SPHERICAL_SURFACE('',#2941,0.001);
#261=SPHERICAL_SURFACE('',#3141,0.001);
#262=SPHERICAL_SURFACE('',#3146,0.001);
#263=SPHERICAL_SURFACE('',#3152,0.001);
#264=SPHERICAL_SURFACE('',#3160,0.001);
#265=SPHERICAL_SURFACE('',#3169,0.001);
#266=SPHERICAL_SURFACE('',#3179,0.001);
#267=SPHERICAL_SURFACE('',#3180,0.001);
#268=SPHERICAL_SURFACE('',#3184,0.001);
#269=SPHERICAL_SURFACE('',#3188,0.001);
#270=SPHERICAL_SURFACE('',#3189,0.001);
#271=SPHERICAL_SURFACE('',#3193,0.001);
#272=SPHERICAL_SURFACE('',#3196,0.001);
#273=SPHERICAL_SURFACE('',#3201,0.001);
#274=TOROIDAL_SURFACE('',#2937,0.002,0.001);
#275=TOROIDAL_SURFACE('',#2944,0.002,0.001);
#276=TOROIDAL_SURFACE('',#3003,0.00220000000000023,0.0008);
#277=TOROIDAL_SURFACE('',#3047,0.00491911648712922,0.002);
#278=TOROIDAL_SURFACE('',#3053,0.00491911648713254,0.002);
#279=TOROIDAL_SURFACE('',#3066,0.0012,0.001);
#280=TOROIDAL_SURFACE('',#3067,0.0012,0.001);
#281=TOROIDAL_SURFACE('',#3144,0.002,0.001);
#282=TOROIDAL_SURFACE('',#3148,0.002,0.001);
#283=TOROIDAL_SURFACE('',#3156,0.002,0.001);
#284=TOROIDAL_SURFACE('',#3163,0.002,0.001);
#285=TOROIDAL_SURFACE('',#3165,0.002,0.001);
#286=TOROIDAL_SURFACE('',#3172,0.002,0.001);
#287=TOROIDAL_SURFACE('',#3174,0.00338226078447664,0.001);
#288=TOROIDAL_SURFACE('',#3175,0.002,0.001);
#289=TOROIDAL_SURFACE('',#3186,0.002,0.001);
#290=TOROIDAL_SURFACE('',#3191,0.002,0.001);
#291=TOROIDAL_SURFACE('',#3194,0.002,0.001);
#292=TOROIDAL_SURFACE('',#3198,0.002,0.001);
#293=TOROIDAL_SURFACE('',#3202,0.002,0.001);
#294=B_SPLINE_CURVE_WITH_KNOTS('',3,(#3839,#3840,#3841,#3842,#3843,#3844),
 .UNSPECIFIED.,.F.,.F.,(4,1,1,4),(0.,0.000273159230054777,0.000546318460109553,
0.00109263692021911),.UNSPECIFIED.);
#295=B_SPLINE_CURVE_WITH_KNOTS('',3,(#3848,#3849,#3850,#3851,#3852),
 .UNSPECIFIED.,.F.,.F.,(4,1,4),(0.,0.00142884453832088,0.00285768907664176),
 .UNSPECIFIED.);
#296=B_SPLINE_CURVE_WITH_KNOTS('',3,(#3884,#3885,#3886,#3887,#3888),
 .UNSPECIFIED.,.F.,.F.,(4,1,4),(0.,0.000715002397236587,0.00143000479447317),
 .UNSPECIFIED.);
#297=B_SPLINE_CURVE_WITH_KNOTS('',3,(#3892,#3893,#3894,#3895,#3896),
 .UNSPECIFIED.,.F.,.F.,(4,1,4),(0.,0.00154707267180438,0.00309414534360876),
 .UNSPECIFIED.);
#298=B_SPLINE_CURVE_WITH_KNOTS('',3,(#3918,#3919,#3920,#3921,#3922),
 .UNSPECIFIED.,.F.,.F.,(4,1,4),(0.,0.00191447843759874,0.00382895687519747),
 .UNSPECIFIED.);
#299=B_SPLINE_CURVE_WITH_KNOTS('',3,(#3926,#3927,#3928,#3929,#3930,#3931),
 .UNSPECIFIED.,.F.,.F.,(4,1,1,4),(0.,0.00268231983649131,0.00402347975473696,
0.00536463967298262),.UNSPECIFIED.);
#300=B_SPLINE_CURVE_WITH_KNOTS('',3,(#3953,#3954,#3955,#3956,#3957,#3958),
 .UNSPECIFIED.,.F.,.F.,(4,1,1,4),(0.,0.000819544500088469,0.0012293167501327,
0.00163908900017694),.UNSPECIFIED.);
#301=B_SPLINE_CURVE_WITH_KNOTS('',3,(#3962,#3963,#3964,#3965,#3966),
 .UNSPECIFIED.,.F.,.F.,(4,1,4),(0.,0.00164703866767662,0.00329407733535323),
 .UNSPECIFIED.);
#302=B_SPLINE_CURVE_WITH_KNOTS('',3,(#3979,#3980,#3981,#3982),
 .UNSPECIFIED.,.F.,.F.,(4,4),(0.,0.000693084558273017),.UNSPECIFIED.);
#303=B_SPLINE_CURVE_WITH_KNOTS('',3,(#3985,#3986,#3987,#3988,#3989,#3990),
 .UNSPECIFIED.,.F.,.F.,(4,1,1,4),(0.,0.000562040053969816,0.00112408010793963,
0.00224816021587926),.UNSPECIFIED.);
#304=B_SPLINE_CURVE_WITH_KNOTS('',3,(#3992,#3993,#3994,#3995),
 .UNSPECIFIED.,.F.,.F.,(4,4),(0.,0.00210081681868779),.UNSPECIFIED.);
#305=B_SPLINE_CURVE_WITH_KNOTS('',3,(#3996,#3997,#3998,#3999),
 .UNSPECIFIED.,.F.,.F.,(4,4),(0.00100599634435032,0.00108583867926126),
 .UNSPECIFIED.);
#306=B_SPLINE_CURVE_WITH_KNOTS('',3,(#4012,#4013,#4014,#4015),
 .UNSPECIFIED.,.F.,.F.,(4,4),(0.00282066560386821,0.00674911093425647),
 .UNSPECIFIED.);
#307=B_SPLINE_CURVE_WITH_KNOTS('',3,(#4017,#4018,#4019,#4020,#4021,#4022),
 .UNSPECIFIED.,.F.,.F.,(4,1,1,4),(0.,0.000564430353827596,0.00112886070765519,
0.00225772141531038),.UNSPECIFIED.);
#308=B_SPLINE_CURVE_WITH_KNOTS('',3,(#4024,#4025,#4026,#4027),
 .UNSPECIFIED.,.F.,.F.,(4,4),(0.,0.000630965433302776),.UNSPECIFIED.);
#309=B_SPLINE_CURVE_WITH_KNOTS('',3,(#4029,#4030,#4031,#4032),
 .UNSPECIFIED.,.F.,.F.,(4,4),(0.,0.00189390537545439),.UNSPECIFIED.);
#310=B_SPLINE_CURVE_WITH_KNOTS('',3,(#4054,#4055,#4056,#4057,#4058,#4059,
#4060),.UNSPECIFIED.,.F.,.F.,(4,1,1,1,4),(5.10386189116169E-16,0.00122425409333676,
0.002448508186673,0.00367276228000925,0.00489701637334549),
 .UNSPECIFIED.);
#311=B_SPLINE_CURVE_WITH_KNOTS('',3,(#4063,#4064,#4065,#4066),
 .UNSPECIFIED.,.F.,.F.,(4,4),(8.67361737988404E-19,0.00111737244653193),
 .UNSPECIFIED.);
#312=B_SPLINE_CURVE_WITH_KNOTS('',3,(#4068,#4069,#4070,#4071),
 .UNSPECIFIED.,.F.,.F.,(4,4),(0.0104590629084499,0.0112241421223881),
 .UNSPECIFIED.);
#313=B_SPLINE_CURVE_WITH_KNOTS('',3,(#4073,#4074,#4075,#4076,#4077,#4078),
 .UNSPECIFIED.,.F.,.F.,(4,1,1,4),(0.,0.00118221658659815,0.00236443317319629,
0.00472886634639259),.UNSPECIFIED.);
#314=B_SPLINE_CURVE_WITH_KNOTS('',3,(#4080,#4081,#4082,#4083,#4084),
 .UNSPECIFIED.,.F.,.F.,(4,1,4),(0.0124763478973126,0.01746266526214,0.0224489826269675),
 .UNSPECIFIED.);
#315=B_SPLINE_CURVE_WITH_KNOTS('',3,(#4086,#4087,#4088,#4089,#4090),
 .UNSPECIFIED.,.F.,.F.,(4,1,4),(0.,0.00191819644520244,0.00383639289040488),
 .UNSPECIFIED.);
#316=B_SPLINE_CURVE_WITH_KNOTS('',3,(#4092,#4093,#4094,#4095),
 .UNSPECIFIED.,.F.,.F.,(4,4),(0.,0.00314502235735472),.UNSPECIFIED.);
#317=B_SPLINE_CURVE_WITH_KNOTS('',3,(#4097,#4098,#4099,#4100,#4101,#4102,
#4103),.UNSPECIFIED.,.F.,.F.,(4,1,1,1,4),(0.,0.00163012319710517,0.00326024639421035,
0.00489036959131552,0.00652049278842069),.UNSPECIFIED.);
#318=B_SPLINE_CURVE_WITH_KNOTS('',3,(#4105,#4106,#4107,#4108),
 .UNSPECIFIED.,.F.,.F.,(4,4),(0.00339364711188537,0.00488737680082615),
 .UNSPECIFIED.);
#319=B_SPLINE_CURVE_WITH_KNOTS('',3,(#4110,#4111,#4112,#4113,#4114,#4115,
#4116),.UNSPECIFIED.,.F.,.F.,(4,1,1,1,4),(0.00573493820891314,0.00897177632336392,
0.0122086144378147,0.0154454525522655,0.0186822906667163),.UNSPECIFIED.);
#320=B_SPLINE_CURVE_WITH_KNOTS('',3,(#4171,#4172,#4173,#4174),
 .UNSPECIFIED.,.F.,.F.,(4,4),(0.0169840194653576,0.0182765373559271),
 .UNSPECIFIED.);
#321=B_SPLINE_CURVE_WITH_KNOTS('',3,(#4176,#4177,#4178,#4179),
 .UNSPECIFIED.,.F.,.F.,(4,4),(1.24187301616503E-17,0.00394311461794088),
 .UNSPECIFIED.);
#322=B_SPLINE_CURVE_WITH_KNOTS('',3,(#4181,#4182,#4183,#4184,#4185,#4186),
 .UNSPECIFIED.,.F.,.F.,(4,1,1,4),(0.0323340328293406,0.0375696286925557,
0.0401874266241632,0.0428052245557708),.UNSPECIFIED.);
#323=B_SPLINE_CURVE_WITH_KNOTS('',3,(#4188,#4189,#4190,#4191,#4192),
 .UNSPECIFIED.,.F.,.F.,(4,1,4),(0.,0.00102580916777062,0.00205161833554123),
 .UNSPECIFIED.);
#324=B_SPLINE_CURVE_WITH_KNOTS('',3,(#4196,#4197,#4198,#4199),
 .UNSPECIFIED.,.F.,.F.,(4,4),(0.,0.000295185117394079),.UNSPECIFIED.);
#325=B_SPLINE_CURVE_WITH_KNOTS('',3,(#4266,#4267,#4268,#4269),
 .UNSPECIFIED.,.F.,.F.,(4,4),(0.,0.000296136319155238),.UNSPECIFIED.);
#326=B_SPLINE_CURVE_WITH_KNOTS('',3,(#4272,#4273,#4274,#4275,#4276),
 .UNSPECIFIED.,.F.,.F.,(4,1,4),(1.87036659188704E-17,0.00154735711206821,
0.0030947142241364),.UNSPECIFIED.);
#327=B_SPLINE_CURVE_WITH_KNOTS('',3,(#4278,#4279,#4280,#4281,#4282,#4283,
#4284),.UNSPECIFIED.,.F.,.F.,(4,1,1,1,4),(0.,0.00172278884325503,0.00344557768651005,
0.00516836652976508,0.0068911553730201),.UNSPECIFIED.);
#328=B_SPLINE_CURVE_WITH_KNOTS('',3,(#4286,#4287,#4288,#4289),
 .UNSPECIFIED.,.F.,.F.,(4,4),(3.87895961444886E-18,0.000772746521806042),
 .UNSPECIFIED.);
#329=B_SPLINE_CURVE_WITH_KNOTS('',3,(#4291,#4292,#4293,#4294),
 .UNSPECIFIED.,.F.,.F.,(4,4),(0.00910709344238574,0.0103043772536299),
 .UNSPECIFIED.);
#330=B_SPLINE_CURVE_WITH_KNOTS('',3,(#4296,#4297,#4298,#4299),
 .UNSPECIFIED.,.F.,.F.,(4,4),(0.,0.000590539294838279),.UNSPECIFIED.);
#331=B_SPLINE_CURVE_WITH_KNOTS('',3,(#4301,#4302,#4303,#4304,#4305),
 .UNSPECIFIED.,.F.,.F.,(4,1,4),(0.,0.00232253487714039,0.00464506975428078),
 .UNSPECIFIED.);
#332=B_SPLINE_CURVE_WITH_KNOTS('',3,(#4307,#4308,#4309,#4310,#4311,#4312,
#4313),.UNSPECIFIED.,.F.,.F.,(4,1,1,1,4),(0.0316366694568664,0.0344042362341846,
0.0371718030115029,0.0399393697888211,0.0427069365661394),.UNSPECIFIED.);
#333=B_SPLINE_CURVE_WITH_KNOTS('',3,(#4315,#4316,#4317,#4318),
 .UNSPECIFIED.,.F.,.F.,(4,4),(0.,0.00162709103037256),.UNSPECIFIED.);
#334=B_SPLINE_CURVE_WITH_KNOTS('',3,(#4320,#4321,#4322,#4323,#4324),
 .UNSPECIFIED.,.F.,.F.,(4,1,4),(8.67361737988404E-19,0.00337106807387479,
0.00674213614774959),.UNSPECIFIED.);
#335=B_SPLINE_CURVE_WITH_KNOTS('',3,(#4354,#4355,#4356,#4357),
 .UNSPECIFIED.,.F.,.F.,(4,4),(0.,0.00258859681539042),.UNSPECIFIED.);
#336=B_SPLINE_CURVE_WITH_KNOTS('',3,(#4360,#4361,#4362,#4363),
 .UNSPECIFIED.,.F.,.F.,(4,4),(2.2816724964205E-17,0.00217343922616944),
 .UNSPECIFIED.);
#337=B_SPLINE_CURVE_WITH_KNOTS('',3,(#4365,#4366,#4367,#4368),
 .UNSPECIFIED.,.F.,.F.,(4,4),(0.0241243789156559,0.0244198782737737),
 .UNSPECIFIED.);
#338=B_SPLINE_CURVE_WITH_KNOTS('',3,(#4372,#4373,#4374,#4375,#4376),
 .UNSPECIFIED.,.F.,.F.,(4,1,4),(0.,0.00098960412768023,0.00197920825536046),
 .UNSPECIFIED.);
#339=B_SPLINE_CURVE_WITH_KNOTS('',3,(#4378,#4379,#4380,#4381),
 .UNSPECIFIED.,.F.,.F.,(4,4),(0.00122262041046584,0.00394103735537908),
 .UNSPECIFIED.);
#340=B_SPLINE_CURVE_WITH_KNOTS('',3,(#4383,#4384,#4385,#4386,#4387),
 .UNSPECIFIED.,.F.,.F.,(4,1,4),(0.,0.00100386594644538,0.00200773189289075),
 .UNSPECIFIED.);
#341=B_SPLINE_CURVE_WITH_KNOTS('',3,(#4389,#4390,#4391,#4392),
 .UNSPECIFIED.,.F.,.F.,(4,4),(0.,0.00341402469324293),.UNSPECIFIED.);
#342=B_SPLINE_CURVE_WITH_KNOTS('',3,(#4407,#4408,#4409,#4410),
 .UNSPECIFIED.,.F.,.F.,(4,4),(0.0241235326861566,0.0244199794302991),
 .UNSPECIFIED.);
#343=B_SPLINE_CURVE_WITH_KNOTS('',3,(#4416,#4417,#4418,#4419,#4420),
 .UNSPECIFIED.,.F.,.F.,(4,1,4),(0.0112727379480959,0.0149775060467619,0.018682274145428),
 .UNSPECIFIED.);
#344=B_SPLINE_CURVE_WITH_KNOTS('',3,(#4424,#4425,#4426,#4427),
 .UNSPECIFIED.,.F.,.F.,(4,4),(9.13109997059758E-14,0.000551883694039027),
 .UNSPECIFIED.);
#345=B_SPLINE_CURVE_WITH_KNOTS('',3,(#4432,#4433,#4434,#4435,#4436),
 .UNSPECIFIED.,.F.,.F.,(4,1,4),(2.72216893821914E-15,0.000905598789782145,
0.00181119757956157),.UNSPECIFIED.);
#346=B_SPLINE_CURVE_WITH_KNOTS('',3,(#4440,#4441,#4442,#4443,#4444),
 .UNSPECIFIED.,.F.,.F.,(4,1,4),(2.72270614174724E-15,0.000905598789782128,
0.00181119757956153),.UNSPECIFIED.);
#347=B_SPLINE_CURVE_WITH_KNOTS('',3,(#4448,#4449,#4450,#4451),
 .UNSPECIFIED.,.F.,.F.,(4,4),(0.00555821352802712,0.00723549843744119),
 .UNSPECIFIED.);
#348=B_SPLINE_CURVE_WITH_KNOTS('',3,(#4628,#4629,#4630,#4631,#4632,#4633,
#4634,#4635,#4636,#4637,#4638,#4639,#4640,#4641,#4642,#4643,#4644,#4645,
#4646,#4647,#4648,#4649,#4650),.UNSPECIFIED.,.F.,.F.,(4,1,1,1,1,1,1,1,1,
1,1,1,1,1,1,1,1,1,1,1,4),(0.,0.000381562178598423,0.000763124357196845,
0.00152624871439369,0.00228937307159054,0.00305249742878738,0.00457874614318107,
0.00610499485757476,0.00763124357196845,0.00915749228636215,0.0122099897151495,
0.0152624871439369,0.0167887358583306,0.0183149845727243,0.019841233287118,
0.0213674820015117,0.0221306063587085,0.0228937307159054,0.0236568550731022,
0.0240384172517006,0.0244199794302991),.UNSPECIFIED.);
#349=B_SPLINE_CURVE_WITH_KNOTS('',3,(#4654,#4655,#4656,#4657,#4658),
 .UNSPECIFIED.,.F.,.F.,(4,1,4),(0.,0.00150818244937943,0.00301636489875886),
 .UNSPECIFIED.);
#350=B_SPLINE_CURVE_WITH_KNOTS('',3,(#4660,#4661,#4662,#4663,#4664,#4665,
#4666,#4667,#4668,#4669,#4670,#4671,#4672,#4673,#4674,#4675),
 .UNSPECIFIED.,.F.,.F.,(4,1,1,1,1,1,1,1,1,1,1,1,1,4),(0.00281020490656164,
0.00558382506801354,0.00835744522946544,0.0111310653909173,0.0139046855523692,
0.019451925875273,0.0249991661981768,0.0277727863596287,0.0305464065210806,
0.0333200266825325,0.0360936468439844,0.0388672670054363,0.0416408871668882,
0.047188127489792),.UNSPECIFIED.);
#351=B_SPLINE_CURVE_WITH_KNOTS('',3,(#4677,#4678,#4679,#4680),
 .UNSPECIFIED.,.F.,.F.,(4,4),(0.,1.),.UNSPECIFIED.);
#352=B_SPLINE_CURVE_WITH_KNOTS('',3,(#4682,#4683,#4684,#4685,#4686,#4687),
 .UNSPECIFIED.,.F.,.F.,(4,1,1,4),(4.33680868994202E-19,0.000467455817083757,
0.000701183725625635,0.000934911634167513),.UNSPECIFIED.);
#353=B_SPLINE_CURVE_WITH_KNOTS('',3,(#4689,#4690,#4691,#4692),
 .UNSPECIFIED.,.F.,.F.,(4,4),(0.,0.000548689453710504),.UNSPECIFIED.);
#354=B_SPLINE_CURVE_WITH_KNOTS('',3,(#4694,#4695,#4696,#4697,#4698),
 .UNSPECIFIED.,.F.,.F.,(4,1,4),(0.,0.00149243671443271,0.00298487342886542),
 .UNSPECIFIED.);
#355=B_SPLINE_CURVE_WITH_KNOTS('',3,(#4699,#4700,#4701,#4702,#4703,#4704,
#4705),.UNSPECIFIED.,.F.,.F.,(4,1,1,1,4),(0.,0.00149785894223917,0.00299571788447835,
0.00449357682671752,0.0059914357689567),.UNSPECIFIED.);
#356=B_SPLINE_CURVE_WITH_KNOTS('',3,(#4708,#4709,#4710,#4711,#4712,#4713,
#4714,#4715,#4716,#4717,#4718,#4719,#4720),.UNSPECIFIED.,.F.,.F.,(4,1,1,
1,1,1,1,1,1,1,4),(0.00554077746130224,0.00785769158540738,0.0101746057095125,
0.0124915198336177,0.0136499768956702,0.0148084339577228,0.0159668910197754,
0.0171253480818279,0.0194422622059331,0.0217591763300382,0.0240760904541434),
 .UNSPECIFIED.);
#357=B_SPLINE_CURVE_WITH_KNOTS('',3,(#4731,#4732,#4733,#4734),
 .UNSPECIFIED.,.F.,.F.,(4,4),(0.0401562407147741,0.0428719375019939),
 .UNSPECIFIED.);
#358=B_SPLINE_CURVE_WITH_KNOTS('',3,(#4741,#4742,#4743,#4744),
 .UNSPECIFIED.,.F.,.F.,(4,4),(1.90659107909752E-13,0.00012788384005253),
 .UNSPECIFIED.);
#359=B_SPLINE_CURVE_WITH_KNOTS('',3,(#4748,#4749,#4750,#4751),
 .UNSPECIFIED.,.F.,.F.,(4,4),(0.,5.47516302774975E-5),.UNSPECIFIED.);
#360=B_SPLINE_CURVE_WITH_KNOTS('',3,(#4795,#4796,#4797,#4798,#4799,#4800,
#4801,#4802,#4803,#4804,#4805,#4806,#4807,#4808,#4809,#4810,#4811,#4812,
#4813,#4814,#4815,#4816,#4817,#4818,#4819,#4820,#4821,#4822,#4823,#4824,
#4825,#4826,#4827,#4828,#4829,#4830,#4831,#4832,#4833,#4834,#4835,#4836,
#4837,#4838,#4839,#4840,#4841,#4842,#4843,#4844,#4845,#4846,#4847,#4848,
#4849,#4850,#4851,#4852,#4853,#4854),.UNSPECIFIED.,.F.,.F.,(4,1,1,1,1,1,
1,1,1,1,1,1,1,1,1,1,1,1,1,1,1,1,1,1,1,1,1,1,1,1,1,1,1,1,1,1,1,1,1,1,1,1,
1,1,1,1,1,1,1,1,1,1,1,1,1,1,1,4),(0.499990543302011,0.5,0.5078125,0.515625,
0.53125,0.546875,0.5625,0.5703125,0.578125,0.58203125,0.5859375,0.59375,
0.6015625,0.609375,0.625,0.640625,0.6484375,0.65625,0.6640625,0.66796875,
0.671875,0.6796875,0.6875,0.703125,0.71875,0.7265625,0.734375,0.7421875,
0.74609375,0.75,0.75390625,0.7578125,0.765625,0.7734375,0.78125,0.796875,
0.8125,0.8203125,0.828125,0.83203125,0.8359375,0.84375,0.8515625,0.859375,
0.875,0.890625,0.8984375,0.90625,0.9140625,0.91796875,0.921875,0.9296875,
0.9375,0.953125,0.96875,0.984375,0.9921875,0.999990543302061),
 .UNSPECIFIED.);
#361=B_SPLINE_CURVE_WITH_KNOTS('',3,(#4858,#4859,#4860,#4861,#4862,#4863,
#4864,#4865,#4866,#4867,#4868,#4869,#4870,#4871,#4872,#4873,#4874,#4875,
#4876,#4877,#4878,#4879,#4880,#4881,#4882,#4883,#4884,#4885,#4886,#4887,
#4888,#4889,#4890,#4891,#4892,#4893,#4894,#4895,#4896,#4897,#4898,#4899,
#4900,#4901,#4902,#4903,#4904,#4905,#4906,#4907,#4908,#4909,#4910,#4911,
#4912,#4913,#4914,#4915,#4916,#4917),.UNSPECIFIED.,.F.,.F.,(4,1,1,1,1,1,
1,1,1,1,1,1,1,1,1,1,1,1,1,1,1,1,1,1,1,1,1,1,1,1,1,1,1,1,1,1,1,1,1,1,1,1,
1,1,1,1,1,1,1,1,1,1,1,1,1,1,1,4),(0.499990543302011,0.5,0.5078125,0.515625,
0.53125,0.546875,0.5625,0.5703125,0.578125,0.58203125,0.5859375,0.59375,
0.6015625,0.609375,0.625,0.640625,0.6484375,0.65625,0.6640625,0.66796875,
0.671875,0.6796875,0.6875,0.703125,0.71875,0.7265625,0.734375,0.7421875,
0.74609375,0.75,0.75390625,0.7578125,0.765625,0.7734375,0.78125,0.796875,
0.8125,0.8203125,0.828125,0.83203125,0.8359375,0.84375,0.8515625,0.859375,
0.875,0.890625,0.8984375,0.90625,0.9140625,0.91796875,0.921875,0.9296875,
0.9375,0.953125,0.96875,0.984375,0.9921875,0.999990543302061),
 .UNSPECIFIED.);
#362=B_SPLINE_CURVE_WITH_KNOTS('',3,(#4930,#4931,#4932,#4933,#4934,#4935,
#4936,#4937,#4938,#4939,#4940,#4941,#4942,#4943,#4944,#4945,#4946,#4947,
#4948,#4949,#4950,#4951,#4952,#4953,#4954,#4955,#4956,#4957,#4958,#4959,
#4960,#4961,#4962,#4963,#4964,#4965,#4966,#4967,#4968,#4969,#4970,#4971,
#4972,#4973,#4974,#4975,#4976,#4977,#4978,#4979,#4980,#4981,#4982,#4983,
#4984,#4985,#4986,#4987,#4988),.UNSPECIFIED.,.F.,.F.,(4,1,1,1,1,1,1,1,1,
1,1,1,1,1,1,1,1,1,1,1,1,1,1,1,1,1,1,1,1,1,1,1,1,1,1,1,1,1,1,1,1,1,1,1,1,
1,1,1,1,1,1,1,1,1,1,1,4),(0.,0.0078125,0.015625,0.03125,0.046875,0.0625,
0.0703125,0.078125,0.08203125,0.0859375,0.09375,0.1015625,0.109375,0.125,
0.140625,0.1484375,0.15625,0.1640625,0.16796875,0.171875,0.1796875,0.1875,
0.203125,0.21875,0.2265625,0.234375,0.2421875,0.24609375,0.25,0.25390625,
0.2578125,0.265625,0.2734375,0.28125,0.296875,0.3125,0.3203125,0.328125,
0.33203125,0.3359375,0.34375,0.3515625,0.359375,0.375,0.390625,0.3984375,
0.40625,0.4140625,0.41796875,0.421875,0.4296875,0.4375,0.453125,0.46875,
0.484375,0.4921875,0.5),.UNSPECIFIED.);
#363=B_SPLINE_CURVE_WITH_KNOTS('',3,(#4994,#4995,#4996,#4997,#4998),
 .UNSPECIFIED.,.F.,.F.,(4,1,4),(0.,0.00167100802714734,0.00334201605429469),
 .UNSPECIFIED.);
#364=B_SPLINE_CURVE_WITH_KNOTS('',3,(#5006,#5007,#5008,#5009,#5010),
 .UNSPECIFIED.,.F.,.F.,(4,1,4),(0.,0.00150240646092201,0.00300481292184403),
 .UNSPECIFIED.);
#365=B_SPLINE_CURVE_WITH_KNOTS('',3,(#5014,#5015,#5016,#5017,#5018),
 .UNSPECIFIED.,.F.,.F.,(4,1,4),(0.,0.001540199937337,0.00308039987467399),
 .UNSPECIFIED.);
#366=B_SPLINE_CURVE_WITH_KNOTS('',3,(#5026,#5027,#5028,#5029,#5030),
 .UNSPECIFIED.,.F.,.F.,(4,1,4),(0.,0.0015438633587952,0.0030877267175904),
 .UNSPECIFIED.);
#367=B_SPLINE_CURVE_WITH_KNOTS('',3,(#5051,#5052,#5053,#5054),
 .UNSPECIFIED.,.F.,.F.,(4,4),(0.,5.47561522001292E-5),.UNSPECIFIED.);
#368=B_SPLINE_CURVE_WITH_KNOTS('',3,(#5058,#5059,#5060,#5061),
 .UNSPECIFIED.,.F.,.F.,(4,4),(0.,0.000127942201844329),.UNSPECIFIED.);
#369=B_SPLINE_CURVE_WITH_KNOTS('',3,(#5063,#5064,#5065,#5066,#5067),
 .UNSPECIFIED.,.F.,.F.,(4,1,4),(0.00607129481789439,0.007809947118131,0.0095485994183676),
 .UNSPECIFIED.);
#370=B_SPLINE_CURVE_WITH_KNOTS('',3,(#5069,#5070,#5071,#5072,#5073,#5074,
#5075,#5076,#5077),.UNSPECIFIED.,.F.,.F.,(4,1,1,1,1,1,4),(0.,0.00251945042578337,
0.00377917563867506,0.00503890085156675,0.00629862606445843,0.00755835127735012,
0.0100778017031335),.UNSPECIFIED.);
#371=B_SPLINE_CURVE_WITH_KNOTS('',3,(#5080,#5081,#5082,#5083,#5084,#5085,
#5086),.UNSPECIFIED.,.F.,.F.,(4,1,1,1,4),(0.,0.00121633883404265,0.00243267766808529,
0.00364901650212794,0.00486535533617059),.UNSPECIFIED.);
#372=B_SPLINE_CURVE_WITH_KNOTS('',3,(#5090,#5091,#5092,#5093,#5094,#5095,
#5096),.UNSPECIFIED.,.F.,.F.,(4,1,1,1,4),(0.00546683182378158,0.00668057421269743,
0.00789431660161329,0.00910805899052915,0.010321801379445),
 .UNSPECIFIED.);
#373=B_SPLINE_CURVE_WITH_KNOTS('',3,(#5100,#5101,#5102,#5103),
 .UNSPECIFIED.,.F.,.F.,(4,4),(0.,0.00105788777560507),.UNSPECIFIED.);
#374=B_SPLINE_CURVE_WITH_KNOTS('',3,(#5108,#5109,#5110,#5111),
 .UNSPECIFIED.,.F.,.F.,(4,4),(0.,0.0010578609973632),.UNSPECIFIED.);
#375=B_SPLINE_CURVE_WITH_KNOTS('',3,(#5126,#5127,#5128,#5129,#5130,#5131,
#5132),.UNSPECIFIED.,.F.,.F.,(4,1,1,1,4),(0.488822650139589,0.607886156591258,
0.726949663042927,0.846013169494595,0.965076675946264),.UNSPECIFIED.);
#376=B_SPLINE_CURVE_WITH_KNOTS('',3,(#5135,#5136,#5137,#5138),
 .UNSPECIFIED.,.F.,.F.,(4,4),(0.,0.00101149865399733),.UNSPECIFIED.);
#377=B_SPLINE_CURVE_WITH_KNOTS('',3,(#5140,#5141,#5142,#5143,#5144,#5145,
#5146,#5147,#5148),.UNSPECIFIED.,.F.,.F.,(4,1,1,1,1,1,4),(0.00136995290838678,
0.00401113156122438,0.00665231021406198,0.00929348886689958,0.0119346675197372,
0.0172170248254124,0.0224993821310876),.UNSPECIFIED.);
#378=B_SPLINE_CURVE_WITH_KNOTS('',3,(#5150,#5151,#5152,#5153),
 .UNSPECIFIED.,.F.,.F.,(4,4),(0.,0.00101924027597855),.UNSPECIFIED.);
#379=B_SPLINE_CURVE_WITH_KNOTS('',3,(#5166,#5167,#5168,#5169,#5170),
 .UNSPECIFIED.,.F.,.F.,(4,1,4),(0.0385751041537356,0.171334812164404,0.304094520175071),
 .UNSPECIFIED.);
#380=B_SPLINE_CURVE_WITH_KNOTS('',3,(#5172,#5173,#5174,#5175),
 .UNSPECIFIED.,.F.,.F.,(4,4),(2.51390670372621E-20,0.00101234277444183),
 .UNSPECIFIED.);
#381=B_SPLINE_CURVE_WITH_KNOTS('',3,(#5257,#5258,#5259,#5260,#5261,#5262,
#5263),.UNSPECIFIED.,.F.,.F.,(4,1,1,1,4),(0.,0.00172176666325111,0.00344353332650222,
0.00516529998975333,0.00688706665300444),.UNSPECIFIED.);
#382=B_SPLINE_CURVE_WITH_KNOTS('',3,(#5266,#5267,#5268,#5269,#5270),
 .UNSPECIFIED.,.F.,.F.,(4,1,4),(1.93947980722443E-18,0.0015445034255875,
0.003089006851175),.UNSPECIFIED.);
#383=B_SPLINE_CURVE_WITH_KNOTS('',3,(#5273,#5274,#5275,#5276,#5277),
 .UNSPECIFIED.,.F.,.F.,(4,1,4),(0.,0.00334576358779965,0.00669152717559931),
 .UNSPECIFIED.);
#384=B_SPLINE_CURVE_WITH_KNOTS('',3,(#5279,#5280,#5281,#5282),
 .UNSPECIFIED.,.F.,.F.,(4,4),(0.,0.00165180493112072),.UNSPECIFIED.);
#385=B_SPLINE_CURVE_WITH_KNOTS('',3,(#5283,#5284,#5285,#5286),
 .UNSPECIFIED.,.F.,.F.,(4,4),(0.,0.00553498336426106),.UNSPECIFIED.);
#386=B_SPLINE_CURVE_WITH_KNOTS('',3,(#5288,#5289,#5290,#5291,#5292),
 .UNSPECIFIED.,.F.,.F.,(4,1,4),(2.48848183757709E-16,0.0023263676209902,
0.00465273524198015),.UNSPECIFIED.);
#387=B_SPLINE_CURVE_WITH_KNOTS('',3,(#5293,#5294,#5295,#5296,#5297,#5298,
#5299),.UNSPECIFIED.,.F.,.F.,(4,1,1,1,4),(6.82134652271452E-17,0.00122442352638599,
0.00244884705277192,0.00367327057915785,0.00489769410554378),
 .UNSPECIFIED.);
#388=B_SPLINE_CURVE_WITH_KNOTS('',3,(#5308,#5309,#5310,#5311,#5312),
 .UNSPECIFIED.,.F.,.F.,(4,1,4),(0.021656606909961,0.0266455210361697,0.0316344351623784),
 .UNSPECIFIED.);
#389=B_SPLINE_CURVE_WITH_KNOTS('',3,(#5337,#5338,#5339,#5340),
 .UNSPECIFIED.,.F.,.F.,(4,4),(0.,0.00101938668493278),.UNSPECIFIED.);
#390=B_SPLINE_CURVE_WITH_KNOTS('',3,(#5342,#5343,#5344,#5345,#5346,#5347),
 .UNSPECIFIED.,.F.,.F.,(4,1,1,4),(0.00119871368813122,0.004017911009844,
0.00683710833155678,0.0124755029749823),.UNSPECIFIED.);
#391=B_SPLINE_CURVE_WITH_KNOTS('',3,(#5358,#5359,#5360,#5361,#5362),
 .UNSPECIFIED.,.F.,.F.,(4,1,4),(0.,0.0023844295326072,0.00476885906521439),
 .UNSPECIFIED.);
#392=B_SPLINE_CURVE_WITH_KNOTS('',3,(#5365,#5366,#5367,#5368),
 .UNSPECIFIED.,.F.,.F.,(4,4),(0.,1.),.UNSPECIFIED.);
#393=B_SPLINE_CURVE_WITH_KNOTS('',3,(#5370,#5371,#5372,#5373),
 .UNSPECIFIED.,.F.,.F.,(4,4),(0.,1.),.UNSPECIFIED.);
#394=B_SPLINE_CURVE_WITH_KNOTS('',3,(#5375,#5376,#5377,#5378),
 .UNSPECIFIED.,.F.,.F.,(4,4),(0.666666666666667,1.),.UNSPECIFIED.);
#395=B_SPLINE_CURVE_WITH_KNOTS('',3,(#5387,#5388,#5389,#5390,#5391),
 .UNSPECIFIED.,.F.,.F.,(4,1,4),(0.,0.00238442604151618,0.00476885208303236),
 .UNSPECIFIED.);
#396=B_SPLINE_CURVE_WITH_KNOTS('',3,(#5394,#5395,#5396,#5397),
 .UNSPECIFIED.,.F.,.F.,(4,4),(0.,0.333333333333333),.UNSPECIFIED.);
#397=B_SPLINE_CURVE_WITH_KNOTS('',3,(#5399,#5400,#5401,#5402),
 .UNSPECIFIED.,.F.,.F.,(4,4),(0.,1.),.UNSPECIFIED.);
#398=B_SPLINE_CURVE_WITH_KNOTS('',3,(#5403,#5404,#5405,#5406),
 .UNSPECIFIED.,.F.,.F.,(4,4),(0.,1.),.UNSPECIFIED.);
#399=B_SPLINE_CURVE_WITH_KNOTS('',3,(#5427,#5428,#5429,#5430,#5431,#5432,
#5433,#5434,#5435,#5436,#5437,#5438,#5439,#5440,#5441,#5442,#5443,#5444,
#5445,#5446,#5447,#5448,#5449,#5450,#5451,#5452,#5453,#5454,#5455,#5456,
#5457,#5458,#5459,#5460,#5461,#5462,#5463,#5464,#5465,#5466,#5467,#5468,
#5469,#5470,#5471,#5472,#5473,#5474,#5475,#5476,#5477,#5478,#5479,#5480,
#5481,#5482,#5483,#5484,#5485,#5486,#5487,#5488),.UNSPECIFIED.,.F.,.F.,
(4,1,1,1,1,1,1,1,1,1,1,1,1,1,1,1,1,1,1,1,1,1,1,1,1,1,1,1,1,1,1,1,1,1,1,
1,1,1,1,1,1,1,1,1,1,1,1,1,1,1,1,1,1,1,1,1,1,1,1,4),(0.499990547683254,0.5,
0.50390625,0.5078125,0.515625,0.53125,0.546875,0.5625,0.5703125,0.578125,
0.58203125,0.5859375,0.59375,0.6015625,0.609375,0.625,0.640625,0.6484375,
0.65625,0.6640625,0.66796875,0.671875,0.6796875,0.6875,0.703125,0.71875,
0.7265625,0.734375,0.7421875,0.74609375,0.75,0.75390625,0.7578125,0.765625,
0.7734375,0.78125,0.796875,0.8125,0.8203125,0.828125,0.83203125,0.8359375,
0.84375,0.8515625,0.859375,0.875,0.890625,0.8984375,0.90625,0.9140625,0.91796875,
0.921875,0.9296875,0.9375,0.953125,0.96875,0.984375,0.9921875,0.99609375,
0.999990547683514),.UNSPECIFIED.);
#400=B_SPLINE_CURVE_WITH_KNOTS('',3,(#5492,#5493,#5494,#5495),
 .UNSPECIFIED.,.F.,.F.,(4,4),(0.,2.87596050115228E-6),.UNSPECIFIED.);
#401=B_SPLINE_CURVE_WITH_KNOTS('',3,(#5497,#5498,#5499,#5500,#5501,#5502,
#5503,#5504,#5505,#5506,#5507,#5508,#5509,#5510,#5511),.UNSPECIFIED.,.F.,
 .F.,(4,1,1,1,1,1,1,1,1,1,1,1,4),(0.00183758208034717,0.00461630541789392,
0.00739502875544067,0.0129524754305342,0.0157311987680809,0.0185099221056277,
0.0240673687807211,0.0296248154558146,0.0324035387933614,0.0351822621309081,
0.0407397088060016,0.0435184321435484,0.0462971554810951),.UNSPECIFIED.);
#402=B_SPLINE_CURVE_WITH_KNOTS('',3,(#5532,#5533,#5534,#5535),
 .UNSPECIFIED.,.F.,.F.,(4,4),(0.,2.87596050503138E-6),.UNSPECIFIED.);
#403=B_SPLINE_CURVE_WITH_KNOTS('',3,(#5539,#5540,#5541,#5542,#5543,#5544,
#5545,#5546,#5547,#5548,#5549,#5550,#5551,#5552,#5553,#5554,#5555,#5556,
#5557,#5558,#5559,#5560,#5561,#5562,#5563,#5564,#5565,#5566,#5567,#5568,
#5569,#5570,#5571,#5572,#5573,#5574,#5575,#5576,#5577,#5578,#5579,#5580,
#5581,#5582,#5583,#5584,#5585,#5586,#5587,#5588,#5589,#5590,#5591,#5592,
#5593,#5594,#5595,#5596,#5597,#5598,#5599),.UNSPECIFIED.,.F.,.F.,(4,1,1,
1,1,1,1,1,1,1,1,1,1,1,1,1,1,1,1,1,1,1,1,1,1,1,1,1,1,1,1,1,1,1,1,1,1,1,1,
1,1,1,1,1,1,1,1,1,1,1,1,1,1,1,1,1,1,1,4),(0.,0.00390625,0.0078125,0.015625,
0.03125,0.046875,0.0625,0.0703125,0.078125,0.08203125,0.0859375,0.09375,
0.1015625,0.109375,0.125,0.140625,0.1484375,0.15625,0.1640625,0.16796875,
0.171875,0.1796875,0.1875,0.203125,0.21875,0.2265625,0.234375,0.2421875,
0.24609375,0.25,0.25390625,0.2578125,0.265625,0.2734375,0.28125,0.296875,
0.3125,0.3203125,0.328125,0.33203125,0.3359375,0.34375,0.3515625,0.359375,
0.375,0.390625,0.3984375,0.40625,0.4140625,0.41796875,0.421875,0.4296875,
0.4375,0.453125,0.46875,0.484375,0.4921875,0.49609375,0.5),
 .UNSPECIFIED.);
#404=B_SPLINE_CURVE_WITH_KNOTS('',3,(#5602,#5603,#5604,#5605),
 .UNSPECIFIED.,.F.,.F.,(4,4),(0.,0.201226251779185),.UNSPECIFIED.);
#405=B_SPLINE_CURVE_WITH_KNOTS('',3,(#5609,#5610,#5611,#5612),
 .UNSPECIFIED.,.F.,.F.,(4,4),(0.799355348592934,1.),.UNSPECIFIED.);
#406=B_SPLINE_CURVE_WITH_KNOTS('',3,(#5617,#5618,#5619,#5620,#5621,#5622,
#5623),.UNSPECIFIED.,.F.,.F.,(4,1,1,1,4),(0.,0.000918312197476143,0.00183662439495229,
0.00275493659242843,0.00367324878990457),.UNSPECIFIED.);
#407=B_SPLINE_CURVE_WITH_KNOTS('',3,(#5638,#5639,#5640,#5641),
 .UNSPECIFIED.,.F.,.F.,(4,4),(0.,0.999992378730566),.UNSPECIFIED.);
#408=B_SPLINE_CURVE_WITH_KNOTS('',3,(#5643,#5644,#5645,#5646,#5647),
 .UNSPECIFIED.,.F.,.F.,(4,1,4),(-5.99999999952647E-8,0.00241288880051892,
0.00482583760103784),.UNSPECIFIED.);
#409=B_SPLINE_CURVE_WITH_KNOTS('',3,(#5660,#5661,#5662,#5663,#5664),
 .UNSPECIFIED.,.F.,.F.,(4,1,4),(-6.00000000040661E-8,0.00239043401549912,
0.00478092803099825),.UNSPECIFIED.);
#410=B_SPLINE_CURVE_WITH_KNOTS('',3,(#5666,#5667,#5668,#5669,#5670,#5671,
#5672,#5673,#5674,#5675,#5676,#5677,#5678,#5679,#5680,#5681,#5682,#5683,
#5684,#5685,#5686,#5687,#5688),.UNSPECIFIED.,.F.,.F.,(4,1,1,1,1,1,1,1,1,
1,1,1,1,1,1,1,1,1,1,1,4),(0.,0.000381560599732786,0.000763121199465572,
0.00152624239893114,0.00228936359839672,0.00305248479786229,0.00457872719679343,
0.00610496959572457,0.00763121199465572,0.00915745439358686,0.0122099391914491,
0.0152624239893114,0.0167886663882426,0.0183149087871737,0.0198411511861049,
0.021367393585036,0.0221305147845016,0.0228936359839672,0.0236567571834327,
0.0240383177831655,0.0244198783828983),.UNSPECIFIED.);
#411=B_SPLINE_CURVE_WITH_KNOTS('',3,(#5842,#5843,#5844,#5845,#5846,#5847,
#5848,#5849,#5850,#5851,#5852,#5853),.UNSPECIFIED.,.F.,.F.,(4,1,1,1,1,1,
1,1,1,4),(0.,0.000969487066381253,0.00193897413276251,0.00242371766595313,
0.00290846119914376,0.00315083296573907,0.00339320473233439,0.0036355764989297,
0.00375676238222736,0.00387794826552501),.UNSPECIFIED.);
#412=B_SPLINE_CURVE_WITH_KNOTS('',3,(#5854,#5855,#5856,#5857,#5858),
 .UNSPECIFIED.,.F.,.F.,(4,1,4),(4.33680868994202E-19,0.00146988024309932,
0.00293976048619864),.UNSPECIFIED.);
#413=B_SPLINE_CURVE_WITH_KNOTS('',3,(#5860,#5861,#5862,#5863),
 .UNSPECIFIED.,.F.,.F.,(4,4),(0.,0.000392451196085283),.UNSPECIFIED.);
#414=B_SPLINE_CURVE_WITH_KNOTS('',3,(#5869,#5870,#5871,#5872),
 .UNSPECIFIED.,.F.,.F.,(4,4),(0.00281624359312673,0.00320994453890944),
 .UNSPECIFIED.);
#415=B_SPLINE_CURVE_WITH_KNOTS('',3,(#5911,#5912,#5913,#5914,#5915),
 .UNSPECIFIED.,.F.,.F.,(4,1,4),(1.37962330106861E-17,0.00145868608850541,
0.0029173721770108),.UNSPECIFIED.);
#416=B_SPLINE_CURVE_WITH_KNOTS('',3,(#5918,#5919,#5920,#5921,#5922),
 .UNSPECIFIED.,.F.,.F.,(4,1,4),(1.5241152517122E-16,0.00073290867206493,
0.00146581734412971),.UNSPECIFIED.);
#417=B_SPLINE_CURVE_WITH_KNOTS('',3,(#5923,#5924,#5925,#5926,#5927),
 .UNSPECIFIED.,.F.,.F.,(4,1,4),(0.,0.499988178599265,0.99997635719853),
 .UNSPECIFIED.);
#418=B_SPLINE_CURVE_WITH_KNOTS('',3,(#5928,#5929,#5930,#5931),
 .UNSPECIFIED.,.F.,.F.,(4,4),(2.71527173011421E-17,0.000415933099108161),
 .UNSPECIFIED.);
#419=B_SPLINE_CURVE_WITH_KNOTS('',3,(#5933,#5934,#5935,#5936,#5937),
 .UNSPECIFIED.,.F.,.F.,(4,1,4),(2.39713560443391E-5,0.500011985678022,1.),
 .UNSPECIFIED.);
#420=B_SPLINE_CURVE_WITH_KNOTS('',3,(#5965,#5966,#5967,#5968,#5969,#5970,
#5971,#5972,#5973,#5974,#5975,#5976,#5977,#5978,#5979,#5980),
 .UNSPECIFIED.,.F.,.F.,(4,1,1,1,1,1,1,1,1,1,1,1,1,4),(0.,3.44716265286226E-5,
6.89432530572452E-5,0.00013788650611449,0.000275773012228981,0.000413659518343471,
0.000551546024457961,0.000827319036686942,0.00110309204891592,0.00165463807337388,
0.00220618409783185,0.00275773012228981,0.00330927614674777,0.00441236819566369),
 .UNSPECIFIED.);
#421=B_SPLINE_CURVE_WITH_KNOTS('',3,(#5982,#5983,#5984,#5985),
 .UNSPECIFIED.,.F.,.F.,(4,4),(0.,0.000415935354373574),.UNSPECIFIED.);
#422=B_SPLINE_CURVE_WITH_KNOTS('',3,(#6227,#6228,#6229,#6230,#6231,#6232,
#6233,#6234,#6235,#6236,#6237,#6238,#6239,#6240,#6241,#6242,#6243,#6244,
#6245,#6246,#6247,#6248,#6249,#6250,#6251,#6252,#6253,#6254,#6255,#6256,
#6257,#6258,#6259,#6260,#6261,#6262,#6263,#6264,#6265,#6266,#6267,#6268,
#6269,#6270,#6271,#6272,#6273,#6274,#6275,#6276,#6277,#6278,#6279,#6280,
#6281,#6282,#6283,#6284,#6285),.UNSPECIFIED.,.F.,.F.,(4,1,1,1,1,1,1,1,1,
1,1,1,1,1,1,1,1,1,1,1,1,1,1,1,1,1,1,1,1,1,1,1,1,1,1,1,1,1,1,1,1,1,1,1,1,
1,1,1,1,1,1,1,1,1,1,1,4),(0.,0.0078125,0.015625,0.03125,0.046875,0.0625,
0.0703125,0.078125,0.08203125,0.0859375,0.09375,0.1015625,0.109375,0.125,
0.140625,0.1484375,0.15625,0.1640625,0.16796875,0.171875,0.1796875,0.1875,
0.203125,0.21875,0.2265625,0.234375,0.2421875,0.24609375,0.25,0.25390625,
0.2578125,0.265625,0.2734375,0.28125,0.296875,0.3125,0.3203125,0.328125,
0.33203125,0.3359375,0.34375,0.3515625,0.359375,0.375,0.390625,0.3984375,
0.40625,0.4140625,0.41796875,0.421875,0.4296875,0.4375,0.453125,0.46875,
0.484375,0.4921875,0.5),.UNSPECIFIED.);
#423=B_SPLINE_CURVE_WITH_KNOTS('',3,(#6302,#6303,#6304,#6305),
 .UNSPECIFIED.,.F.,.F.,(4,4),(0.,0.00101150721902487),.UNSPECIFIED.);
#424=B_SPLINE_CURVE_WITH_KNOTS('',3,(#6306,#6307,#6308,#6309),
 .UNSPECIFIED.,.F.,.F.,(4,4),(0.,0.0010194075690441),.UNSPECIFIED.);
#425=B_SPLINE_CURVE_WITH_KNOTS('',3,(#6340,#6341,#6342,#6343,#6344),
 .UNSPECIFIED.,.F.,.F.,(4,1,4),(0.0104149325880779,0.0121728937796281,0.0139308549711782),
 .UNSPECIFIED.);
#426=B_SPLINE_CURVE_WITH_KNOTS('',3,(#6355,#6356,#6357,#6358),
 .UNSPECIFIED.,.F.,.F.,(4,4),(0.,0.00101922022589822),.UNSPECIFIED.);
#427=B_SPLINE_CURVE_WITH_KNOTS('',3,(#6372,#6373,#6374,#6375),
 .UNSPECIFIED.,.F.,.F.,(4,4),(5.20417042793042E-18,2.87596110590239E-6),
 .UNSPECIFIED.);
#428=B_SPLINE_CURVE_WITH_KNOTS('',3,(#6376,#6377,#6378,#6379),
 .UNSPECIFIED.,.F.,.F.,(4,4),(0.,0.00101239673121333),.UNSPECIFIED.);
#429=B_SPLINE_CURVE_WITH_KNOTS('',3,(#6383,#6384,#6385,#6386,#6387),
 .UNSPECIFIED.,.F.,.F.,(4,1,4),(0.,0.00205679979718053,0.00411359959436107),
 .UNSPECIFIED.);
#430=B_SPLINE_CURVE_WITH_KNOTS('',3,(#6389,#6390,#6391,#6392,#6393,#6394),
 .UNSPECIFIED.,.F.,.F.,(4,1,1,4),(0.,0.00253698821291755,0.00380548231937632,
0.00507397642583509),.UNSPECIFIED.);
#431=B_SPLINE_CURVE_WITH_KNOTS('',3,(#6398,#6399,#6400,#6401),
 .UNSPECIFIED.,.F.,.F.,(4,4),(7.13800560604759E-14,0.000499851318047547),
 .UNSPECIFIED.);
#432=B_SPLINE_CURVE_WITH_KNOTS('',3,(#6405,#6406,#6407,#6408,#6409,#6410,
#6411,#6412,#6413,#6414,#6415),.UNSPECIFIED.,.F.,.F.,(4,1,1,1,1,1,1,1,4),
(6.76520344912479E-14,0.000825909097017746,0.00165181819396784,0.00247772729091793,
0.00330363638786803,0.00412954548481812,0.00495545458176822,0.00578136367871831,
0.00660727277566841),.UNSPECIFIED.);
#433=B_SPLINE_CURVE_WITH_KNOTS('',3,(#6419,#6420,#6421,#6422),
 .UNSPECIFIED.,.F.,.F.,(4,4),(5.12189977812673E-14,0.00268843970245436),
 .UNSPECIFIED.);
#434=B_SPLINE_CURVE_WITH_KNOTS('',3,(#6424,#6425,#6426,#6427,#6428,#6429,
#6430,#6431,#6432,#6433,#6434,#6435,#6436),.UNSPECIFIED.,.T.,.F.,(1,1,1,
1,1,1,1,1,1,1,1,1,1,1,1,1,1),(-0.00170187710498835,-0.000850938552491735,
-0.000425469276243427,4.87939601422026E-15,0.000425469276253187,0.000850938552501494,
0.00170187710499811,0.00255281565749472,0.00340375420999134,0.00425469276248795,
0.00510563131498457,0.00595656986748118,0.00638203914372949,0.0068075084199778,
0.0072329776962261,0.00765844697247441,0.00850938552497102),
 .UNSPECIFIED.);
#435=B_SPLINE_CURVE_WITH_KNOTS('',3,(#6451,#6452,#6453,#6454,#6455,#6456,
#6457,#6458,#6459,#6460,#6461,#6462,#6463),.UNSPECIFIED.,.T.,.F.,(1,1,1,
1,1,1,1,1,1,1,1,1,1,1,1,1,1),(-0.00260732232963853,-0.00173821488642432,
-0.000869107443210104,4.11169947843757E-15,0.000434553721611219,0.000869107443218326,
0.00130366116482543,0.00173821488643254,0.00260732232964676,0.00347642977286097,
0.00434553721607519,0.0052146446592894,0.00608375210250361,0.00695285954571783,
0.00738741326732494,0.00782196698893205,0.00825652071053915),
 .UNSPECIFIED.);
#436=B_SPLINE_CURVE_WITH_KNOTS('',3,(#6466,#6467,#6468,#6469),
 .UNSPECIFIED.,.F.,.F.,(4,4),(8.47737073509724E-14,0.00290892190741404),
 .UNSPECIFIED.);
#437=B_SPLINE_CURVE_WITH_KNOTS('',3,(#6473,#6474,#6475,#6476,#6477,#6478,
#6479),.UNSPECIFIED.,.F.,.F.,(4,1,1,1,4),(0.,0.00135103296666016,0.00202654944999023,
0.00236430769165527,0.00270206593332031),.UNSPECIFIED.);
#438=B_SPLINE_CURVE_WITH_KNOTS('',3,(#6481,#6482,#6483,#6484,#6485,#6486),
 .UNSPECIFIED.,.F.,.F.,(4,1,1,4),(0.,0.00259118806017397,0.00388678209026096,
0.00518237612034794),.UNSPECIFIED.);
#439=B_SPLINE_CURVE_WITH_KNOTS('',3,(#6567,#6568,#6569,#6570,#6571),
 .UNSPECIFIED.,.F.,.F.,(4,1,4),(-8.253795741583E-6,0.0012658213463064,0.00253989648835438),
 .UNSPECIFIED.);
#440=B_SPLINE_CURVE_WITH_KNOTS('',3,(#6679,#6680,#6681,#6682,#6683,#6684),
 .UNSPECIFIED.,.F.,.F.,(4,1,1,4),(0.,0.00188107042833252,0.00282160564249879,
0.00376214085666505),.UNSPECIFIED.);
#441=B_SPLINE_CURVE_WITH_KNOTS('',3,(#6686,#6687,#6688,#6689),
 .UNSPECIFIED.,.F.,.F.,(4,4),(0.00340302291077273,0.00534002246429641),
 .UNSPECIFIED.);
#442=B_SPLINE_CURVE_WITH_KNOTS('',3,(#6693,#6694,#6695,#6696),
 .UNSPECIFIED.,.F.,.F.,(4,4),(0.00586212682234939,0.0077793735160376),
 .UNSPECIFIED.);
#443=B_SPLINE_CURVE_WITH_KNOTS('',3,(#6698,#6699,#6700,#6701,#6702,#6703),
 .UNSPECIFIED.,.F.,.F.,(4,1,1,4),(0.,0.000948066000636267,0.00189613200127253,
0.00379226400254507),.UNSPECIFIED.);
#444=B_SPLINE_CURVE_WITH_KNOTS('',3,(#6710,#6711,#6712,#6713),
 .UNSPECIFIED.,.F.,.F.,(4,4),(0.,0.00112626310928123),.UNSPECIFIED.);
#445=B_SPLINE_CURVE_WITH_KNOTS('',3,(#6715,#6716,#6717,#6718),
 .UNSPECIFIED.,.F.,.F.,(4,4),(0.,0.00100983021913013),.UNSPECIFIED.);
#446=B_SPLINE_CURVE_WITH_KNOTS('',3,(#6720,#6721,#6722,#6723),
 .UNSPECIFIED.,.F.,.F.,(4,4),(0.,0.00129091569434875),.UNSPECIFIED.);
#447=B_SPLINE_CURVE_WITH_KNOTS('',3,(#6725,#6726,#6727,#6728),
 .UNSPECIFIED.,.F.,.F.,(4,4),(0.,0.00129091419794587),.UNSPECIFIED.);
#448=B_SPLINE_CURVE_WITH_KNOTS('',3,(#6730,#6731,#6732,#6733),
 .UNSPECIFIED.,.F.,.F.,(4,4),(0.,0.00100982915763654),.UNSPECIFIED.);
#449=B_SPLINE_CURVE_WITH_KNOTS('',3,(#6735,#6736,#6737,#6738),
 .UNSPECIFIED.,.F.,.F.,(4,4),(0.,0.00114271068343598),.UNSPECIFIED.);
#450=B_SPLINE_CURVE_WITH_KNOTS('',3,(#6740,#6741,#6742,#6743),
 .UNSPECIFIED.,.F.,.F.,(4,4),(0.,0.00129104717021151),.UNSPECIFIED.);
#451=B_SPLINE_CURVE_WITH_KNOTS('',3,(#6745,#6746,#6747,#6748),
 .UNSPECIFIED.,.F.,.F.,(4,4),(0.,0.00100995571961119),.UNSPECIFIED.);
#452=B_SPLINE_CURVE_WITH_KNOTS('',3,(#6750,#6751,#6752,#6753),
 .UNSPECIFIED.,.F.,.F.,(4,4),(0.,0.00274079117074959),.UNSPECIFIED.);
#453=B_SPLINE_CURVE_WITH_KNOTS('',3,(#6762,#6763,#6764,#6765),
 .UNSPECIFIED.,.F.,.F.,(4,4),(1.99213940065773E-16,0.00385262147620887),
 .UNSPECIFIED.);
#454=B_SPLINE_CURVE_WITH_KNOTS('',3,(#6767,#6768,#6769,#6770),
 .UNSPECIFIED.,.F.,.F.,(4,4),(0.,0.00100986284346258),.UNSPECIFIED.);
#455=B_SPLINE_CURVE_WITH_KNOTS('',3,(#6772,#6773,#6774,#6775),
 .UNSPECIFIED.,.F.,.F.,(4,4),(0.,0.00129096454296803),.UNSPECIFIED.);
#456=B_SPLINE_CURVE_WITH_KNOTS('',3,(#6780,#6781,#6782,#6783,#6784),
 .UNSPECIFIED.,.F.,.F.,(4,1,4),(0.00720854458948775,0.00831273540240509,
0.00941692621532243),.UNSPECIFIED.);
#457=B_SPLINE_CURVE_WITH_KNOTS('',3,(#6785,#6786,#6787,#6788),
 .UNSPECIFIED.,.F.,.F.,(4,4),(5.07610442859724E-18,5.8611659539533E-5),
 .UNSPECIFIED.);
#458=B_SPLINE_CURVE_WITH_KNOTS('',3,(#6801,#6802,#6803,#6804,#6805),
 .UNSPECIFIED.,.F.,.F.,(4,1,4),(0.,0.5,1.),.UNSPECIFIED.);
#459=B_SPLINE_CURVE_WITH_KNOTS('',3,(#6887,#6888,#6889,#6890,#6891),
 .UNSPECIFIED.,.F.,.F.,(4,1,4),(0.,0.5,1.),.UNSPECIFIED.);
#460=B_SPLINE_CURVE_WITH_KNOTS('',3,(#6916,#6917,#6918,#6919,#6920),
 .UNSPECIFIED.,.F.,.F.,(4,1,4),(0.,0.5,1.),.UNSPECIFIED.);
#461=B_SPLINE_CURVE_WITH_KNOTS('',3,(#6933,#6934,#6935,#6936,#6937),
 .UNSPECIFIED.,.F.,.F.,(4,1,4),(0.,0.5,1.),.UNSPECIFIED.);
#462=B_SPLINE_CURVE_WITH_KNOTS('',3,(#7042,#7043,#7044,#7045,#7046),
 .UNSPECIFIED.,.F.,.F.,(4,1,4),(0.,0.5,1.),.UNSPECIFIED.);
#463=B_SPLINE_CURVE_WITH_KNOTS('',3,(#7063,#7064,#7065,#7066,#7067,#7068,
#7069,#7070,#7071,#7072,#7073,#7074,#7075),.UNSPECIFIED.,.F.,.F.,(4,1,1,
1,1,1,1,1,1,1,4),(0.00142398314814476,0.00301092539167843,0.0045978676352121,
0.00539133875697893,0.00618480987874577,0.00777175212227944,0.00935869436581311,
0.0101521654875799,0.0109456366093468,0.0125325788528805,0.0141195210964141),
 .UNSPECIFIED.);
#464=B_SPLINE_CURVE_WITH_KNOTS('',3,(#7083,#7084,#7085,#7086,#7087,#7088,
#7089),.UNSPECIFIED.,.F.,.F.,(4,1,1,1,4),(0.,0.001719813955615,0.00343962791123,
0.005159441866845,0.00687925582246),.UNSPECIFIED.);
#465=B_SPLINE_CURVE_WITH_KNOTS('',3,(#7096,#7097,#7098,#7099,#7100,#7101,
#7102),.UNSPECIFIED.,.F.,.F.,(4,1,1,1,4),(5.70681840311587E-17,0.000943428282213807,
0.00188685656442756,0.00283028484664131,0.00377371312885505),
 .UNSPECIFIED.);
#466=B_SPLINE_CURVE_WITH_KNOTS('',3,(#7104,#7105,#7106,#7107,#7108,#7109,
#7110),.UNSPECIFIED.,.F.,.F.,(4,1,1,1,4),(0.,0.000743531204487875,0.00148706240897575,
0.00223059361346363,0.0029741248179515),.UNSPECIFIED.);
#467=B_SPLINE_CURVE_WITH_KNOTS('',3,(#7111,#7112,#7113,#7114,#7115,#7116,
#7117),.UNSPECIFIED.,.F.,.F.,(4,1,1,1,4),(0.00356950855342973,0.00430761338559324,
0.00504571821775674,0.00578382304992025,0.00652192788208375),
 .UNSPECIFIED.);
#468=B_SPLINE_CURVE_WITH_KNOTS('',3,(#7271,#7272,#7273,#7274,#7275),
 .UNSPECIFIED.,.F.,.F.,(4,1,4),(3.08451803973267E-14,0.00101882483481946,
0.00203764966960808),.UNSPECIFIED.);
#469=B_SPLINE_CURVE_WITH_KNOTS('',3,(#7278,#7279,#7280,#7281),
 .UNSPECIFIED.,.F.,.F.,(4,4),(0.,2.09867382257639E-6),.UNSPECIFIED.);
#470=B_SPLINE_CURVE_WITH_KNOTS('',3,(#7282,#7283,#7284,#7285),
 .UNSPECIFIED.,.F.,.F.,(4,4),(0.,9.33156440329581E-5),.UNSPECIFIED.);
#471=B_SPLINE_CURVE_WITH_KNOTS('',3,(#7287,#7288,#7289,#7290,#7291),
 .UNSPECIFIED.,.F.,.F.,(4,1,4),(0.,0.00104373806016757,0.00208747612033514),
 .UNSPECIFIED.);
#472=B_SPLINE_CURVE_WITH_KNOTS('',3,(#7294,#7295,#7296,#7297),
 .UNSPECIFIED.,.F.,.F.,(4,4),(0.,3.99534986673928E-5),.UNSPECIFIED.);
#473=B_SPLINE_CURVE_WITH_KNOTS('',3,(#7300,#7301,#7302,#7303),
 .UNSPECIFIED.,.F.,.F.,(4,4),(0.,2.0986738277754E-6),.UNSPECIFIED.);
#474=B_SPLINE_CURVE_WITH_KNOTS('',3,(#7413,#7414,#7415,#7416),
 .UNSPECIFIED.,.F.,.F.,(4,4),(1.86835436258807E-17,7.97299593765022E-6),
 .UNSPECIFIED.);
#475=B_SPLINE_CURVE_WITH_KNOTS('',3,(#7418,#7419,#7420,#7421),
 .UNSPECIFIED.,.F.,.F.,(4,4),(0.00122465290135859,0.00135041713134259),
 .UNSPECIFIED.);
#476=B_SPLINE_CURVE_WITH_KNOTS('',3,(#7436,#7437,#7438,#7439,#7440,#7441,
#7442),.UNSPECIFIED.,.F.,.F.,(4,1,1,1,4),(0.,0.000610930246213822,0.00122186049242764,
0.00183279073864147,0.00244372098485529),.UNSPECIFIED.);
#477=B_SPLINE_CURVE_WITH_KNOTS('',3,(#7452,#7453,#7454,#7455),
 .UNSPECIFIED.,.F.,.F.,(4,4),(0.,0.000971021265686121),.UNSPECIFIED.);
#478=B_SPLINE_CURVE_WITH_KNOTS('',3,(#7461,#7462,#7463,#7464),
 .UNSPECIFIED.,.F.,.F.,(4,4),(0.,0.000807774824998907),.UNSPECIFIED.);
#479=B_SPLINE_CURVE_WITH_KNOTS('',3,(#7481,#7482,#7483,#7484,#7485,#7486,
#7487),.UNSPECIFIED.,.F.,.F.,(4,1,1,1,4),(0.,0.000605504445139749,0.0012110088902795,
0.00181651333541925,0.00242201778055899),.UNSPECIFIED.);
#480=B_SPLINE_CURVE_WITH_KNOTS('',3,(#7499,#7500,#7501,#7502,#7503,#7504,
#7505),.UNSPECIFIED.,.F.,.F.,(4,1,1,1,4),(0.,0.00123020226372855,0.00246040452745709,
0.00369060679118564,0.00492080905491419),.UNSPECIFIED.);
#481=B_SPLINE_CURVE_WITH_KNOTS('',3,(#7508,#7509,#7510,#7511,#7512),
 .UNSPECIFIED.,.F.,.F.,(4,1,4),(0.,0.000707264177045933,0.00141452835409187),
 .UNSPECIFIED.);
#482=B_SPLINE_CURVE_WITH_KNOTS('',3,(#7529,#7530,#7531,#7532,#7533,#7534,
#7535),.UNSPECIFIED.,.F.,.F.,(4,1,1,1,4),(0.,0.000611027553802404,0.00122205510760481,
0.00183308266140721,0.00244411021520962),.UNSPECIFIED.);
#483=B_SPLINE_CURVE_WITH_KNOTS('',3,(#7543,#7544,#7545,#7546,#7547,#7548,
#7549),.UNSPECIFIED.,.F.,.F.,(4,1,1,1,4),(2.23103109288664E-15,0.00124026123779842,
0.00248052247559461,0.00372078371339079,0.00496104495118698),
 .UNSPECIFIED.);
#484=B_SPLINE_CURVE_WITH_KNOTS('',3,(#7554,#7555,#7556,#7557,#7558),
 .UNSPECIFIED.,.F.,.F.,(4,1,4),(0.,0.0007097716478447,0.0014195432956894),
 .UNSPECIFIED.);
#485=B_SPLINE_CURVE_WITH_KNOTS('',3,(#7773,#7774,#7775,#7776),
 .UNSPECIFIED.,.F.,.F.,(4,4),(0.000949593624371595,0.00217904087798544),
 .UNSPECIFIED.);
#486=B_SPLINE_CURVE_WITH_KNOTS('',3,(#7778,#7779,#7780,#7781),
 .UNSPECIFIED.,.F.,.F.,(4,4),(0.000950994156086587,0.00218121564480387),
 .UNSPECIFIED.);
#487=B_SPLINE_CURVE_WITH_KNOTS('',3,(#7801,#7802,#7803,#7804),
 .UNSPECIFIED.,.F.,.F.,(4,4),(0.000386817809898355,0.00154583722923683),
 .UNSPECIFIED.);
#488=B_SPLINE_CURVE_WITH_KNOTS('',3,(#7821,#7822,#7823,#7824),
 .UNSPECIFIED.,.F.,.F.,(4,4),(0.000568339181356268,0.000568678301775688),
 .UNSPECIFIED.);
#489=B_SPLINE_CURVE_WITH_KNOTS('',3,(#7846,#7847,#7848,#7849),
 .UNSPECIFIED.,.F.,.F.,(4,4),(-5.92001979310078E-6,0.000816267035793817),
 .UNSPECIFIED.);
#490=ORIENTED_EDGE('',*,*,#1376,.F.);
#491=ORIENTED_EDGE('',*,*,#1377,.F.);
#492=ORIENTED_EDGE('',*,*,#1378,.T.);
#493=ORIENTED_EDGE('',*,*,#1379,.F.);
#494=ORIENTED_EDGE('',*,*,#1378,.F.);
#495=ORIENTED_EDGE('',*,*,#1380,.F.);
#496=ORIENTED_EDGE('',*,*,#1381,.T.);
#497=ORIENTED_EDGE('',*,*,#1382,.F.);
#498=ORIENTED_EDGE('',*,*,#1381,.F.);
#499=ORIENTED_EDGE('',*,*,#1383,.F.);
#500=ORIENTED_EDGE('',*,*,#1384,.T.);
#501=ORIENTED_EDGE('',*,*,#1384,.F.);
#502=ORIENTED_EDGE('',*,*,#1385,.F.);
#503=ORIENTED_EDGE('',*,*,#1386,.T.);
#504=ORIENTED_EDGE('',*,*,#1387,.F.);
#505=ORIENTED_EDGE('',*,*,#1386,.F.);
#506=ORIENTED_EDGE('',*,*,#1388,.F.);
#507=ORIENTED_EDGE('',*,*,#1389,.T.);
#508=ORIENTED_EDGE('',*,*,#1390,.F.);
#509=ORIENTED_EDGE('',*,*,#1389,.F.);
#510=ORIENTED_EDGE('',*,*,#1391,.F.);
#511=ORIENTED_EDGE('',*,*,#1392,.T.);
#512=ORIENTED_EDGE('',*,*,#1393,.F.);
#513=ORIENTED_EDGE('',*,*,#1392,.F.);
#514=ORIENTED_EDGE('',*,*,#1394,.F.);
#515=ORIENTED_EDGE('',*,*,#1395,.T.);
#516=ORIENTED_EDGE('',*,*,#1396,.F.);
#517=ORIENTED_EDGE('',*,*,#1397,.T.);
#518=ORIENTED_EDGE('',*,*,#1398,.T.);
#519=ORIENTED_EDGE('',*,*,#1399,.F.);
#520=ORIENTED_EDGE('',*,*,#1395,.F.);
#521=ORIENTED_EDGE('',*,*,#1400,.F.);
#522=ORIENTED_EDGE('',*,*,#1401,.F.);
#523=ORIENTED_EDGE('',*,*,#1402,.T.);
#524=ORIENTED_EDGE('',*,*,#1403,.T.);
#525=ORIENTED_EDGE('',*,*,#1404,.F.);
#526=ORIENTED_EDGE('',*,*,#1376,.T.);
#527=ORIENTED_EDGE('',*,*,#1405,.T.);
#528=ORIENTED_EDGE('',*,*,#1406,.T.);
#529=ORIENTED_EDGE('',*,*,#1407,.T.);
#530=ORIENTED_EDGE('',*,*,#1408,.T.);
#531=ORIENTED_EDGE('',*,*,#1409,.T.);
#532=ORIENTED_EDGE('',*,*,#1410,.T.);
#533=ORIENTED_EDGE('',*,*,#1411,.T.);
#534=ORIENTED_EDGE('',*,*,#1412,.T.);
#535=ORIENTED_EDGE('',*,*,#1413,.T.);
#536=ORIENTED_EDGE('',*,*,#1414,.T.);
#537=ORIENTED_EDGE('',*,*,#1390,.T.);
#538=ORIENTED_EDGE('',*,*,#1393,.T.);
#539=ORIENTED_EDGE('',*,*,#1415,.T.);
#540=ORIENTED_EDGE('',*,*,#1416,.T.);
#541=ORIENTED_EDGE('',*,*,#1417,.T.);
#542=ORIENTED_EDGE('',*,*,#1418,.F.);
#543=ORIENTED_EDGE('',*,*,#1419,.F.);
#544=ORIENTED_EDGE('',*,*,#1420,.T.);
#545=ORIENTED_EDGE('',*,*,#1421,.T.);
#546=ORIENTED_EDGE('',*,*,#1422,.T.);
#547=ORIENTED_EDGE('',*,*,#1423,.T.);
#548=ORIENTED_EDGE('',*,*,#1424,.T.);
#549=ORIENTED_EDGE('',*,*,#1425,.T.);
#550=ORIENTED_EDGE('',*,*,#1426,.T.);
#551=ORIENTED_EDGE('',*,*,#1427,.T.);
#552=ORIENTED_EDGE('',*,*,#1428,.T.);
#553=ORIENTED_EDGE('',*,*,#1429,.T.);
#554=ORIENTED_EDGE('',*,*,#1430,.T.);
#555=ORIENTED_EDGE('',*,*,#1431,.T.);
#556=ORIENTED_EDGE('',*,*,#1432,.T.);
#557=ORIENTED_EDGE('',*,*,#1433,.T.);
#558=ORIENTED_EDGE('',*,*,#1434,.T.);
#559=ORIENTED_EDGE('',*,*,#1435,.F.);
#560=ORIENTED_EDGE('',*,*,#1436,.T.);
#561=ORIENTED_EDGE('',*,*,#1437,.T.);
#562=ORIENTED_EDGE('',*,*,#1438,.T.);
#563=ORIENTED_EDGE('',*,*,#1439,.T.);
#564=ORIENTED_EDGE('',*,*,#1382,.T.);
#565=ORIENTED_EDGE('',*,*,#1387,.T.);
#566=ORIENTED_EDGE('',*,*,#1420,.F.);
#567=ORIENTED_EDGE('',*,*,#1440,.F.);
#568=ORIENTED_EDGE('',*,*,#1434,.F.);
#569=ORIENTED_EDGE('',*,*,#1441,.T.);
#570=ORIENTED_EDGE('',*,*,#1442,.T.);
#571=ORIENTED_EDGE('',*,*,#1414,.F.);
#572=ORIENTED_EDGE('',*,*,#1443,.T.);
#573=ORIENTED_EDGE('',*,*,#1444,.T.);
#574=ORIENTED_EDGE('',*,*,#1421,.F.);
#575=ORIENTED_EDGE('',*,*,#1445,.F.);
#576=ORIENTED_EDGE('',*,*,#1446,.T.);
#577=ORIENTED_EDGE('',*,*,#1447,.F.);
#578=ORIENTED_EDGE('',*,*,#1448,.F.);
#579=ORIENTED_EDGE('',*,*,#1449,.T.);
#580=ORIENTED_EDGE('',*,*,#1450,.T.);
#581=ORIENTED_EDGE('',*,*,#1451,.F.);
#582=ORIENTED_EDGE('',*,*,#1452,.T.);
#583=ORIENTED_EDGE('',*,*,#1453,.T.);
#584=ORIENTED_EDGE('',*,*,#1454,.T.);
#585=ORIENTED_EDGE('',*,*,#1455,.T.);
#586=ORIENTED_EDGE('',*,*,#1456,.T.);
#587=ORIENTED_EDGE('',*,*,#1457,.T.);
#588=ORIENTED_EDGE('',*,*,#1458,.T.);
#589=ORIENTED_EDGE('',*,*,#1459,.T.);
#590=ORIENTED_EDGE('',*,*,#1460,.T.);
#591=ORIENTED_EDGE('',*,*,#1461,.F.);
#592=ORIENTED_EDGE('',*,*,#1462,.F.);
#593=ORIENTED_EDGE('',*,*,#1407,.F.);
#594=ORIENTED_EDGE('',*,*,#1463,.T.);
#595=ORIENTED_EDGE('',*,*,#1453,.F.);
#596=ORIENTED_EDGE('',*,*,#1464,.T.);
#597=ORIENTED_EDGE('',*,*,#1465,.F.);
#598=ORIENTED_EDGE('',*,*,#1466,.F.);
#599=ORIENTED_EDGE('',*,*,#1467,.T.);
#600=ORIENTED_EDGE('',*,*,#1468,.T.);
#601=ORIENTED_EDGE('',*,*,#1469,.F.);
#602=ORIENTED_EDGE('',*,*,#1470,.T.);
#603=ORIENTED_EDGE('',*,*,#1471,.T.);
#604=ORIENTED_EDGE('',*,*,#1472,.F.);
#605=ORIENTED_EDGE('',*,*,#1472,.T.);
#606=ORIENTED_EDGE('',*,*,#1473,.T.);
#607=ORIENTED_EDGE('',*,*,#1474,.T.);
#608=ORIENTED_EDGE('',*,*,#1475,.T.);
#609=ORIENTED_EDGE('',*,*,#1476,.F.);
#610=ORIENTED_EDGE('',*,*,#1477,.F.);
#611=ORIENTED_EDGE('',*,*,#1478,.F.);
#612=ORIENTED_EDGE('',*,*,#1437,.F.);
#613=ORIENTED_EDGE('',*,*,#1479,.F.);
#614=ORIENTED_EDGE('',*,*,#1480,.T.);
#615=ORIENTED_EDGE('',*,*,#1481,.T.);
#616=ORIENTED_EDGE('',*,*,#1482,.T.);
#617=ORIENTED_EDGE('',*,*,#1467,.F.);
#618=ORIENTED_EDGE('',*,*,#1483,.F.);
#619=ORIENTED_EDGE('',*,*,#1477,.T.);
#620=ORIENTED_EDGE('',*,*,#1484,.T.);
#621=ORIENTED_EDGE('',*,*,#1485,.T.);
#622=ORIENTED_EDGE('',*,*,#1486,.F.);
#623=ORIENTED_EDGE('',*,*,#1487,.F.);
#624=ORIENTED_EDGE('',*,*,#1488,.T.);
#625=ORIENTED_EDGE('',*,*,#1489,.F.);
#626=ORIENTED_EDGE('',*,*,#1490,.F.);
#627=ORIENTED_EDGE('',*,*,#1491,.F.);
#628=ORIENTED_EDGE('',*,*,#1492,.F.);
#629=ORIENTED_EDGE('',*,*,#1493,.T.);
#630=ORIENTED_EDGE('',*,*,#1494,.T.);
#631=ORIENTED_EDGE('',*,*,#1485,.F.);
#632=ORIENTED_EDGE('',*,*,#1495,.T.);
#633=ORIENTED_EDGE('',*,*,#1490,.T.);
#634=ORIENTED_EDGE('',*,*,#1496,.F.);
#635=ORIENTED_EDGE('',*,*,#1497,.T.);
#636=ORIENTED_EDGE('',*,*,#1498,.F.);
#637=ORIENTED_EDGE('',*,*,#1499,.F.);
#638=ORIENTED_EDGE('',*,*,#1500,.T.);
#639=ORIENTED_EDGE('',*,*,#1501,.F.);
#640=ORIENTED_EDGE('',*,*,#1502,.F.);
#641=ORIENTED_EDGE('',*,*,#1503,.T.);
#642=ORIENTED_EDGE('',*,*,#1504,.T.);
#643=ORIENTED_EDGE('',*,*,#1505,.F.);
#644=ORIENTED_EDGE('',*,*,#1506,.T.);
#645=ORIENTED_EDGE('',*,*,#1507,.F.);
#646=ORIENTED_EDGE('',*,*,#1508,.F.);
#647=ORIENTED_EDGE('',*,*,#1509,.T.);
#648=ORIENTED_EDGE('',*,*,#1510,.T.);
#649=ORIENTED_EDGE('',*,*,#1511,.F.);
#650=ORIENTED_EDGE('',*,*,#1512,.F.);
#651=ORIENTED_EDGE('',*,*,#1513,.F.);
#652=ORIENTED_EDGE('',*,*,#1514,.T.);
#653=ORIENTED_EDGE('',*,*,#1515,.T.);
#654=ORIENTED_EDGE('',*,*,#1516,.F.);
#655=ORIENTED_EDGE('',*,*,#1517,.F.);
#656=ORIENTED_EDGE('',*,*,#1518,.F.);
#657=ORIENTED_EDGE('',*,*,#1461,.T.);
#658=ORIENTED_EDGE('',*,*,#1519,.T.);
#659=ORIENTED_EDGE('',*,*,#1520,.F.);
#660=ORIENTED_EDGE('',*,*,#1521,.F.);
#661=ORIENTED_EDGE('',*,*,#1522,.T.);
#662=ORIENTED_EDGE('',*,*,#1523,.T.);
#663=ORIENTED_EDGE('',*,*,#1435,.T.);
#664=ORIENTED_EDGE('',*,*,#1440,.T.);
#665=ORIENTED_EDGE('',*,*,#1419,.T.);
#666=ORIENTED_EDGE('',*,*,#1431,.F.);
#667=ORIENTED_EDGE('',*,*,#1524,.T.);
#668=ORIENTED_EDGE('',*,*,#1445,.T.);
#669=ORIENTED_EDGE('',*,*,#1525,.T.);
#670=ORIENTED_EDGE('',*,*,#1526,.T.);
#671=ORIENTED_EDGE('',*,*,#1527,.T.);
#672=ORIENTED_EDGE('',*,*,#1528,.T.);
#673=ORIENTED_EDGE('',*,*,#1529,.T.);
#674=ORIENTED_EDGE('',*,*,#1530,.T.);
#675=ORIENTED_EDGE('',*,*,#1531,.T.);
#676=ORIENTED_EDGE('',*,*,#1532,.F.);
#677=ORIENTED_EDGE('',*,*,#1465,.T.);
#678=ORIENTED_EDGE('',*,*,#1533,.T.);
#679=ORIENTED_EDGE('',*,*,#1534,.F.);
#680=ORIENTED_EDGE('',*,*,#1535,.T.);
#681=ORIENTED_EDGE('',*,*,#1536,.F.);
#682=ORIENTED_EDGE('',*,*,#1537,.T.);
#683=ORIENTED_EDGE('',*,*,#1538,.F.);
#684=ORIENTED_EDGE('',*,*,#1539,.T.);
#685=ORIENTED_EDGE('',*,*,#1540,.T.);
#686=ORIENTED_EDGE('',*,*,#1499,.T.);
#687=ORIENTED_EDGE('',*,*,#1541,.T.);
#688=ORIENTED_EDGE('',*,*,#1542,.T.);
#689=ORIENTED_EDGE('',*,*,#1448,.T.);
#690=ORIENTED_EDGE('',*,*,#1543,.T.);
#691=ORIENTED_EDGE('',*,*,#1544,.T.);
#692=ORIENTED_EDGE('',*,*,#1545,.T.);
#693=ORIENTED_EDGE('',*,*,#1536,.T.);
#694=ORIENTED_EDGE('',*,*,#1546,.T.);
#695=ORIENTED_EDGE('',*,*,#1547,.T.);
#696=ORIENTED_EDGE('',*,*,#1451,.T.);
#697=ORIENTED_EDGE('',*,*,#1548,.T.);
#698=ORIENTED_EDGE('',*,*,#1549,.T.);
#699=ORIENTED_EDGE('',*,*,#1550,.T.);
#700=ORIENTED_EDGE('',*,*,#1517,.T.);
#701=ORIENTED_EDGE('',*,*,#1551,.F.);
#702=ORIENTED_EDGE('',*,*,#1409,.F.);
#703=ORIENTED_EDGE('',*,*,#1552,.T.);
#704=ORIENTED_EDGE('',*,*,#1549,.F.);
#705=ORIENTED_EDGE('',*,*,#1553,.F.);
#706=ORIENTED_EDGE('',*,*,#1511,.T.);
#707=ORIENTED_EDGE('',*,*,#1554,.T.);
#708=ORIENTED_EDGE('',*,*,#1555,.T.);
#709=ORIENTED_EDGE('',*,*,#1556,.T.);
#710=ORIENTED_EDGE('',*,*,#1557,.F.);
#711=ORIENTED_EDGE('',*,*,#1558,.F.);
#712=ORIENTED_EDGE('',*,*,#1559,.T.);
#713=ORIENTED_EDGE('',*,*,#1560,.F.);
#714=ORIENTED_EDGE('',*,*,#1561,.F.);
#715=ORIENTED_EDGE('',*,*,#1562,.F.);
#716=ORIENTED_EDGE('',*,*,#1563,.F.);
#717=ORIENTED_EDGE('',*,*,#1564,.F.);
#718=ORIENTED_EDGE('',*,*,#1565,.T.);
#719=ORIENTED_EDGE('',*,*,#1566,.T.);
#720=ORIENTED_EDGE('',*,*,#1567,.T.);
#721=ORIENTED_EDGE('',*,*,#1568,.T.);
#722=ORIENTED_EDGE('',*,*,#1558,.T.);
#723=ORIENTED_EDGE('',*,*,#1469,.T.);
#724=ORIENTED_EDGE('',*,*,#1569,.T.);
#725=ORIENTED_EDGE('',*,*,#1570,.T.);
#726=ORIENTED_EDGE('',*,*,#1571,.T.);
#727=ORIENTED_EDGE('',*,*,#1564,.T.);
#728=ORIENTED_EDGE('',*,*,#1572,.F.);
#729=ORIENTED_EDGE('',*,*,#1560,.T.);
#730=ORIENTED_EDGE('',*,*,#1573,.T.);
#731=ORIENTED_EDGE('',*,*,#1574,.T.);
#732=ORIENTED_EDGE('',*,*,#1575,.T.);
#733=ORIENTED_EDGE('',*,*,#1562,.T.);
#734=ORIENTED_EDGE('',*,*,#1576,.F.);
#735=ORIENTED_EDGE('',*,*,#1577,.T.);
#736=ORIENTED_EDGE('',*,*,#1578,.T.);
#737=ORIENTED_EDGE('',*,*,#1579,.F.);
#738=ORIENTED_EDGE('',*,*,#1580,.T.);
#739=ORIENTED_EDGE('',*,*,#1573,.F.);
#740=ORIENTED_EDGE('',*,*,#1559,.F.);
#741=ORIENTED_EDGE('',*,*,#1575,.F.);
#742=ORIENTED_EDGE('',*,*,#1581,.T.);
#743=ORIENTED_EDGE('',*,*,#1470,.F.);
#744=ORIENTED_EDGE('',*,*,#1563,.T.);
#745=ORIENTED_EDGE('',*,*,#1582,.T.);
#746=ORIENTED_EDGE('',*,*,#1483,.T.);
#747=ORIENTED_EDGE('',*,*,#1466,.T.);
#748=ORIENTED_EDGE('',*,*,#1532,.T.);
#749=ORIENTED_EDGE('',*,*,#1479,.T.);
#750=ORIENTED_EDGE('',*,*,#1582,.F.);
#751=ORIENTED_EDGE('',*,*,#1531,.F.);
#752=ORIENTED_EDGE('',*,*,#1583,.T.);
#753=ORIENTED_EDGE('',*,*,#1579,.T.);
#754=ORIENTED_EDGE('',*,*,#1568,.F.);
#755=ORIENTED_EDGE('',*,*,#1584,.T.);
#756=ORIENTED_EDGE('',*,*,#1585,.T.);
#757=ORIENTED_EDGE('',*,*,#1586,.T.);
#758=ORIENTED_EDGE('',*,*,#1576,.T.);
#759=ORIENTED_EDGE('',*,*,#1587,.T.);
#760=ORIENTED_EDGE('',*,*,#1588,.T.);
#761=ORIENTED_EDGE('',*,*,#1589,.T.);
#762=ORIENTED_EDGE('',*,*,#1590,.T.);
#763=ORIENTED_EDGE('',*,*,#1591,.T.);
#764=ORIENTED_EDGE('',*,*,#1581,.F.);
#765=ORIENTED_EDGE('',*,*,#1592,.F.);
#766=ORIENTED_EDGE('',*,*,#1588,.F.);
#767=ORIENTED_EDGE('',*,*,#1593,.T.);
#768=ORIENTED_EDGE('',*,*,#1592,.T.);
#769=ORIENTED_EDGE('',*,*,#1574,.F.);
#770=ORIENTED_EDGE('',*,*,#1594,.F.);
#771=ORIENTED_EDGE('',*,*,#1589,.F.);
#772=ORIENTED_EDGE('',*,*,#1580,.F.);
#773=ORIENTED_EDGE('',*,*,#1595,.T.);
#774=ORIENTED_EDGE('',*,*,#1596,.T.);
#775=ORIENTED_EDGE('',*,*,#1585,.F.);
#776=ORIENTED_EDGE('',*,*,#1594,.T.);
#777=ORIENTED_EDGE('',*,*,#1595,.F.);
#778=ORIENTED_EDGE('',*,*,#1583,.F.);
#779=ORIENTED_EDGE('',*,*,#1597,.F.);
#780=ORIENTED_EDGE('',*,*,#1597,.T.);
#781=ORIENTED_EDGE('',*,*,#1530,.F.);
#782=ORIENTED_EDGE('',*,*,#1598,.F.);
#783=ORIENTED_EDGE('',*,*,#1596,.F.);
#784=ORIENTED_EDGE('',*,*,#1598,.T.);
#785=ORIENTED_EDGE('',*,*,#1529,.F.);
#786=ORIENTED_EDGE('',*,*,#1599,.F.);
#787=ORIENTED_EDGE('',*,*,#1587,.F.);
#788=ORIENTED_EDGE('',*,*,#1577,.F.);
#789=ORIENTED_EDGE('',*,*,#1586,.F.);
#790=ORIENTED_EDGE('',*,*,#1599,.T.);
#791=ORIENTED_EDGE('',*,*,#1533,.F.);
#792=ORIENTED_EDGE('',*,*,#1600,.F.);
#793=ORIENTED_EDGE('',*,*,#1593,.F.);
#794=ORIENTED_EDGE('',*,*,#1600,.T.);
#795=ORIENTED_EDGE('',*,*,#1473,.F.);
#796=ORIENTED_EDGE('',*,*,#1471,.F.);
#797=ORIENTED_EDGE('',*,*,#1591,.F.);
#798=ORIENTED_EDGE('',*,*,#1590,.F.);
#799=ORIENTED_EDGE('',*,*,#1601,.T.);
#800=ORIENTED_EDGE('',*,*,#1602,.T.);
#801=ORIENTED_EDGE('',*,*,#1565,.F.);
#802=ORIENTED_EDGE('',*,*,#1557,.T.);
#803=ORIENTED_EDGE('',*,*,#1572,.T.);
#804=ORIENTED_EDGE('',*,*,#1561,.T.);
#805=ORIENTED_EDGE('',*,*,#1571,.F.);
#806=ORIENTED_EDGE('',*,*,#1603,.T.);
#807=ORIENTED_EDGE('',*,*,#1604,.F.);
#808=ORIENTED_EDGE('',*,*,#1605,.F.);
#809=ORIENTED_EDGE('',*,*,#1606,.T.);
#810=ORIENTED_EDGE('',*,*,#1488,.F.);
#811=ORIENTED_EDGE('',*,*,#1578,.F.);
#812=ORIENTED_EDGE('',*,*,#1505,.T.);
#813=ORIENTED_EDGE('',*,*,#1607,.T.);
#814=ORIENTED_EDGE('',*,*,#1534,.T.);
#815=ORIENTED_EDGE('',*,*,#1608,.T.);
#816=ORIENTED_EDGE('',*,*,#1606,.F.);
#817=ORIENTED_EDGE('',*,*,#1609,.F.);
#818=ORIENTED_EDGE('',*,*,#1496,.T.);
#819=ORIENTED_EDGE('',*,*,#1489,.T.);
#820=ORIENTED_EDGE('',*,*,#1605,.T.);
#821=ORIENTED_EDGE('',*,*,#1610,.T.);
#822=ORIENTED_EDGE('',*,*,#1497,.F.);
#823=ORIENTED_EDGE('',*,*,#1609,.T.);
#824=ORIENTED_EDGE('',*,*,#1447,.T.);
#825=ORIENTED_EDGE('',*,*,#1611,.T.);
#826=ORIENTED_EDGE('',*,*,#1543,.F.);
#827=ORIENTED_EDGE('',*,*,#1555,.F.);
#828=ORIENTED_EDGE('',*,*,#1612,.T.);
#829=ORIENTED_EDGE('',*,*,#1428,.F.);
#830=ORIENTED_EDGE('',*,*,#1613,.T.);
#831=ORIENTED_EDGE('',*,*,#1539,.F.);
#832=ORIENTED_EDGE('',*,*,#1614,.T.);
#833=ORIENTED_EDGE('',*,*,#1615,.F.);
#834=ORIENTED_EDGE('',*,*,#1417,.F.);
#835=ORIENTED_EDGE('',*,*,#1616,.T.);
#836=ORIENTED_EDGE('',*,*,#1617,.F.);
#837=ORIENTED_EDGE('',*,*,#1618,.T.);
#838=ORIENTED_EDGE('',*,*,#1553,.T.);
#839=ORIENTED_EDGE('',*,*,#1551,.T.);
#840=ORIENTED_EDGE('',*,*,#1516,.T.);
#841=ORIENTED_EDGE('',*,*,#1613,.F.);
#842=ORIENTED_EDGE('',*,*,#1619,.T.);
#843=ORIENTED_EDGE('',*,*,#1620,.T.);
#844=ORIENTED_EDGE('',*,*,#1512,.T.);
#845=ORIENTED_EDGE('',*,*,#1556,.F.);
#846=ORIENTED_EDGE('',*,*,#1620,.F.);
#847=ORIENTED_EDGE('',*,*,#1621,.T.);
#848=ORIENTED_EDGE('',*,*,#1622,.T.);
#849=ORIENTED_EDGE('',*,*,#1513,.T.);
#850=ORIENTED_EDGE('',*,*,#1622,.F.);
#851=ORIENTED_EDGE('',*,*,#1623,.T.);
#852=ORIENTED_EDGE('',*,*,#1624,.T.);
#853=ORIENTED_EDGE('',*,*,#1514,.F.);
#854=ORIENTED_EDGE('',*,*,#1624,.F.);
#855=ORIENTED_EDGE('',*,*,#1625,.T.);
#856=ORIENTED_EDGE('',*,*,#1617,.T.);
#857=ORIENTED_EDGE('',*,*,#1515,.F.);
#858=ORIENTED_EDGE('',*,*,#1491,.T.);
#859=ORIENTED_EDGE('',*,*,#1626,.T.);
#860=ORIENTED_EDGE('',*,*,#1626,.F.);
#861=ORIENTED_EDGE('',*,*,#1492,.T.);
#862=ORIENTED_EDGE('',*,*,#1627,.T.);
#863=ORIENTED_EDGE('',*,*,#1460,.F.);
#864=ORIENTED_EDGE('',*,*,#1628,.T.);
#865=ORIENTED_EDGE('',*,*,#1629,.T.);
#866=ORIENTED_EDGE('',*,*,#1519,.F.);
#867=ORIENTED_EDGE('',*,*,#1629,.F.);
#868=ORIENTED_EDGE('',*,*,#1630,.T.);
#869=ORIENTED_EDGE('',*,*,#1478,.T.);
#870=ORIENTED_EDGE('',*,*,#1486,.T.);
#871=ORIENTED_EDGE('',*,*,#1520,.T.);
#872=ORIENTED_EDGE('',*,*,#1552,.F.);
#873=ORIENTED_EDGE('',*,*,#1631,.T.);
#874=ORIENTED_EDGE('',*,*,#1462,.T.);
#875=ORIENTED_EDGE('',*,*,#1518,.T.);
#876=ORIENTED_EDGE('',*,*,#1550,.F.);
#877=ORIENTED_EDGE('',*,*,#1627,.F.);
#878=ORIENTED_EDGE('',*,*,#1619,.F.);
#879=ORIENTED_EDGE('',*,*,#1427,.F.);
#880=ORIENTED_EDGE('',*,*,#1632,.F.);
#881=ORIENTED_EDGE('',*,*,#1632,.T.);
#882=ORIENTED_EDGE('',*,*,#1426,.F.);
#883=ORIENTED_EDGE('',*,*,#1633,.F.);
#884=ORIENTED_EDGE('',*,*,#1621,.F.);
#885=ORIENTED_EDGE('',*,*,#1425,.F.);
#886=ORIENTED_EDGE('',*,*,#1634,.T.);
#887=ORIENTED_EDGE('',*,*,#1412,.F.);
#888=ORIENTED_EDGE('',*,*,#1635,.F.);
#889=ORIENTED_EDGE('',*,*,#1623,.F.);
#890=ORIENTED_EDGE('',*,*,#1633,.T.);
#891=ORIENTED_EDGE('',*,*,#1635,.T.);
#892=ORIENTED_EDGE('',*,*,#1411,.F.);
#893=ORIENTED_EDGE('',*,*,#1636,.F.);
#894=ORIENTED_EDGE('',*,*,#1625,.F.);
#895=ORIENTED_EDGE('',*,*,#1636,.T.);
#896=ORIENTED_EDGE('',*,*,#1410,.F.);
#897=ORIENTED_EDGE('',*,*,#1618,.F.);
#898=ORIENTED_EDGE('',*,*,#1631,.F.);
#899=ORIENTED_EDGE('',*,*,#1408,.F.);
#900=ORIENTED_EDGE('',*,*,#1464,.F.);
#901=ORIENTED_EDGE('',*,*,#1459,.F.);
#902=ORIENTED_EDGE('',*,*,#1637,.T.);
#903=ORIENTED_EDGE('',*,*,#1432,.F.);
#904=ORIENTED_EDGE('',*,*,#1638,.F.);
#905=ORIENTED_EDGE('',*,*,#1638,.T.);
#906=ORIENTED_EDGE('',*,*,#1439,.F.);
#907=ORIENTED_EDGE('',*,*,#1639,.F.);
#908=ORIENTED_EDGE('',*,*,#1628,.F.);
#909=ORIENTED_EDGE('',*,*,#1639,.T.);
#910=ORIENTED_EDGE('',*,*,#1438,.F.);
#911=ORIENTED_EDGE('',*,*,#1630,.F.);
#912=ORIENTED_EDGE('',*,*,#1640,.F.);
#913=ORIENTED_EDGE('',*,*,#1641,.T.);
#914=ORIENTED_EDGE('',*,*,#1642,.T.);
#915=ORIENTED_EDGE('',*,*,#1643,.T.);
#916=ORIENTED_EDGE('',*,*,#1644,.T.);
#917=ORIENTED_EDGE('',*,*,#1645,.T.);
#918=ORIENTED_EDGE('',*,*,#1646,.T.);
#919=ORIENTED_EDGE('',*,*,#1508,.T.);
#920=ORIENTED_EDGE('',*,*,#1647,.F.);
#921=ORIENTED_EDGE('',*,*,#1493,.F.);
#922=ORIENTED_EDGE('',*,*,#1646,.F.);
#923=ORIENTED_EDGE('',*,*,#1648,.T.);
#924=ORIENTED_EDGE('',*,*,#1649,.T.);
#925=ORIENTED_EDGE('',*,*,#1650,.T.);
#926=ORIENTED_EDGE('',*,*,#1509,.F.);
#927=ORIENTED_EDGE('',*,*,#1507,.T.);
#928=ORIENTED_EDGE('',*,*,#1651,.T.);
#929=ORIENTED_EDGE('',*,*,#1652,.T.);
#930=ORIENTED_EDGE('',*,*,#1653,.T.);
#931=ORIENTED_EDGE('',*,*,#1640,.T.);
#932=ORIENTED_EDGE('',*,*,#1501,.T.);
#933=ORIENTED_EDGE('',*,*,#1654,.T.);
#934=ORIENTED_EDGE('',*,*,#1655,.T.);
#935=ORIENTED_EDGE('',*,*,#1656,.T.);
#936=ORIENTED_EDGE('',*,*,#1657,.T.);
#937=ORIENTED_EDGE('',*,*,#1658,.F.);
#938=ORIENTED_EDGE('',*,*,#1494,.F.);
#939=ORIENTED_EDGE('',*,*,#1659,.F.);
#940=ORIENTED_EDGE('',*,*,#1660,.T.);
#941=ORIENTED_EDGE('',*,*,#1661,.T.);
#942=ORIENTED_EDGE('',*,*,#1662,.T.);
#943=ORIENTED_EDGE('',*,*,#1503,.F.);
#944=ORIENTED_EDGE('',*,*,#1663,.T.);
#945=ORIENTED_EDGE('',*,*,#1401,.T.);
#946=ORIENTED_EDGE('',*,*,#1664,.T.);
#947=ORIENTED_EDGE('',*,*,#1665,.T.);
#948=ORIENTED_EDGE('',*,*,#1659,.T.);
#949=ORIENTED_EDGE('',*,*,#1502,.T.);
#950=ORIENTED_EDGE('',*,*,#1657,.F.);
#951=ORIENTED_EDGE('',*,*,#1666,.T.);
#952=ORIENTED_EDGE('',*,*,#1399,.T.);
#953=ORIENTED_EDGE('',*,*,#1504,.F.);
#954=ORIENTED_EDGE('',*,*,#1662,.F.);
#955=ORIENTED_EDGE('',*,*,#1667,.F.);
#956=ORIENTED_EDGE('',*,*,#1607,.F.);
#957=ORIENTED_EDGE('',*,*,#1667,.T.);
#958=ORIENTED_EDGE('',*,*,#1661,.F.);
#959=ORIENTED_EDGE('',*,*,#1668,.F.);
#960=ORIENTED_EDGE('',*,*,#1535,.F.);
#961=ORIENTED_EDGE('',*,*,#1668,.T.);
#962=ORIENTED_EDGE('',*,*,#1660,.F.);
#963=ORIENTED_EDGE('',*,*,#1669,.F.);
#964=ORIENTED_EDGE('',*,*,#1546,.F.);
#965=ORIENTED_EDGE('',*,*,#1669,.T.);
#966=ORIENTED_EDGE('',*,*,#1665,.F.);
#967=ORIENTED_EDGE('',*,*,#1670,.F.);
#968=ORIENTED_EDGE('',*,*,#1547,.F.);
#969=ORIENTED_EDGE('',*,*,#1664,.F.);
#970=ORIENTED_EDGE('',*,*,#1379,.T.);
#971=ORIENTED_EDGE('',*,*,#1452,.F.);
#972=ORIENTED_EDGE('',*,*,#1670,.T.);
#973=ORIENTED_EDGE('',*,*,#1415,.F.);
#974=ORIENTED_EDGE('',*,*,#1396,.T.);
#975=ORIENTED_EDGE('',*,*,#1666,.F.);
#976=ORIENTED_EDGE('',*,*,#1671,.F.);
#977=ORIENTED_EDGE('',*,*,#1671,.T.);
#978=ORIENTED_EDGE('',*,*,#1656,.F.);
#979=ORIENTED_EDGE('',*,*,#1672,.F.);
#980=ORIENTED_EDGE('',*,*,#1416,.F.);
#981=ORIENTED_EDGE('',*,*,#1672,.T.);
#982=ORIENTED_EDGE('',*,*,#1655,.F.);
#983=ORIENTED_EDGE('',*,*,#1673,.F.);
#984=ORIENTED_EDGE('',*,*,#1616,.F.);
#985=ORIENTED_EDGE('',*,*,#1673,.T.);
#986=ORIENTED_EDGE('',*,*,#1654,.F.);
#987=ORIENTED_EDGE('',*,*,#1500,.F.);
#988=ORIENTED_EDGE('',*,*,#1540,.F.);
#989=ORIENTED_EDGE('',*,*,#1510,.F.);
#990=ORIENTED_EDGE('',*,*,#1650,.F.);
#991=ORIENTED_EDGE('',*,*,#1674,.F.);
#992=ORIENTED_EDGE('',*,*,#1554,.F.);
#993=ORIENTED_EDGE('',*,*,#1674,.T.);
#994=ORIENTED_EDGE('',*,*,#1649,.F.);
#995=ORIENTED_EDGE('',*,*,#1675,.F.);
#996=ORIENTED_EDGE('',*,*,#1612,.F.);
#997=ORIENTED_EDGE('',*,*,#1675,.T.);
#998=ORIENTED_EDGE('',*,*,#1648,.F.);
#999=ORIENTED_EDGE('',*,*,#1676,.F.);
#1000=ORIENTED_EDGE('',*,*,#1429,.F.);
#1001=ORIENTED_EDGE('',*,*,#1676,.T.);
#1002=ORIENTED_EDGE('',*,*,#1645,.F.);
#1003=ORIENTED_EDGE('',*,*,#1677,.F.);
#1004=ORIENTED_EDGE('',*,*,#1430,.F.);
#1005=ORIENTED_EDGE('',*,*,#1677,.T.);
#1006=ORIENTED_EDGE('',*,*,#1644,.F.);
#1007=ORIENTED_EDGE('',*,*,#1678,.F.);
#1008=ORIENTED_EDGE('',*,*,#1524,.F.);
#1009=ORIENTED_EDGE('',*,*,#1678,.T.);
#1010=ORIENTED_EDGE('',*,*,#1643,.F.);
#1011=ORIENTED_EDGE('',*,*,#1679,.F.);
#1012=ORIENTED_EDGE('',*,*,#1446,.F.);
#1013=ORIENTED_EDGE('',*,*,#1679,.T.);
#1014=ORIENTED_EDGE('',*,*,#1642,.F.);
#1015=ORIENTED_EDGE('',*,*,#1680,.F.);
#1016=ORIENTED_EDGE('',*,*,#1611,.F.);
#1017=ORIENTED_EDGE('',*,*,#1680,.T.);
#1018=ORIENTED_EDGE('',*,*,#1641,.F.);
#1019=ORIENTED_EDGE('',*,*,#1681,.F.);
#1020=ORIENTED_EDGE('',*,*,#1544,.F.);
#1021=ORIENTED_EDGE('',*,*,#1681,.T.);
#1022=ORIENTED_EDGE('',*,*,#1653,.F.);
#1023=ORIENTED_EDGE('',*,*,#1682,.F.);
#1024=ORIENTED_EDGE('',*,*,#1545,.F.);
#1025=ORIENTED_EDGE('',*,*,#1506,.F.);
#1026=ORIENTED_EDGE('',*,*,#1608,.F.);
#1027=ORIENTED_EDGE('',*,*,#1683,.F.);
#1028=ORIENTED_EDGE('',*,*,#1651,.F.);
#1029=ORIENTED_EDGE('',*,*,#1682,.T.);
#1030=ORIENTED_EDGE('',*,*,#1652,.F.);
#1031=ORIENTED_EDGE('',*,*,#1683,.T.);
#1032=ORIENTED_EDGE('',*,*,#1537,.F.);
#1033=ORIENTED_EDGE('',*,*,#1684,.T.);
#1034=ORIENTED_EDGE('',*,*,#1685,.T.);
#1035=ORIENTED_EDGE('',*,*,#1686,.T.);
#1036=ORIENTED_EDGE('',*,*,#1658,.T.);
#1037=ORIENTED_EDGE('',*,*,#1687,.T.);
#1038=ORIENTED_EDGE('',*,*,#1688,.T.);
#1039=ORIENTED_EDGE('',*,*,#1689,.T.);
#1040=ORIENTED_EDGE('',*,*,#1690,.T.);
#1041=ORIENTED_EDGE('',*,*,#1647,.T.);
#1042=ORIENTED_EDGE('',*,*,#1684,.F.);
#1043=ORIENTED_EDGE('',*,*,#1691,.T.);
#1044=ORIENTED_EDGE('',*,*,#1686,.F.);
#1045=ORIENTED_EDGE('',*,*,#1687,.F.);
#1046=ORIENTED_EDGE('',*,*,#1692,.T.);
#1047=ORIENTED_EDGE('',*,*,#1689,.F.);
#1048=ORIENTED_EDGE('',*,*,#1693,.T.);
#1049=ORIENTED_EDGE('',*,*,#1694,.F.);
#1050=ORIENTED_EDGE('',*,*,#1475,.F.);
#1051=ORIENTED_EDGE('',*,*,#1695,.F.);
#1052=ORIENTED_EDGE('',*,*,#1685,.F.);
#1053=ORIENTED_EDGE('',*,*,#1695,.T.);
#1054=ORIENTED_EDGE('',*,*,#1474,.F.);
#1055=ORIENTED_EDGE('',*,*,#1694,.T.);
#1056=ORIENTED_EDGE('',*,*,#1691,.F.);
#1057=ORIENTED_EDGE('',*,*,#1696,.F.);
#1058=ORIENTED_EDGE('',*,*,#1692,.F.);
#1059=ORIENTED_EDGE('',*,*,#1697,.F.);
#1060=ORIENTED_EDGE('',*,*,#1528,.F.);
#1061=ORIENTED_EDGE('',*,*,#1697,.T.);
#1062=ORIENTED_EDGE('',*,*,#1688,.F.);
#1063=ORIENTED_EDGE('',*,*,#1698,.F.);
#1064=ORIENTED_EDGE('',*,*,#1525,.F.);
#1065=ORIENTED_EDGE('',*,*,#1696,.T.);
#1066=ORIENTED_EDGE('',*,*,#1527,.F.);
#1067=ORIENTED_EDGE('',*,*,#1699,.F.);
#1068=ORIENTED_EDGE('',*,*,#1690,.F.);
#1069=ORIENTED_EDGE('',*,*,#1698,.T.);
#1070=ORIENTED_EDGE('',*,*,#1693,.F.);
#1071=ORIENTED_EDGE('',*,*,#1699,.T.);
#1072=ORIENTED_EDGE('',*,*,#1526,.F.);
#1073=ORIENTED_EDGE('',*,*,#1700,.T.);
#1074=ORIENTED_EDGE('',*,*,#1701,.T.);
#1075=ORIENTED_EDGE('',*,*,#1601,.F.);
#1076=ORIENTED_EDGE('',*,*,#1487,.T.);
#1077=ORIENTED_EDGE('',*,*,#1495,.F.);
#1078=ORIENTED_EDGE('',*,*,#1484,.F.);
#1079=ORIENTED_EDGE('',*,*,#1476,.T.);
#1080=ORIENTED_EDGE('',*,*,#1702,.T.);
#1081=ORIENTED_EDGE('',*,*,#1703,.T.);
#1082=ORIENTED_EDGE('',*,*,#1704,.F.);
#1083=ORIENTED_EDGE('',*,*,#1522,.F.);
#1084=ORIENTED_EDGE('',*,*,#1705,.T.);
#1085=ORIENTED_EDGE('',*,*,#1706,.T.);
#1086=ORIENTED_EDGE('',*,*,#1700,.F.);
#1087=ORIENTED_EDGE('',*,*,#1436,.F.);
#1088=ORIENTED_EDGE('',*,*,#1523,.F.);
#1089=ORIENTED_EDGE('',*,*,#1704,.T.);
#1090=ORIENTED_EDGE('',*,*,#1707,.T.);
#1091=ORIENTED_EDGE('',*,*,#1708,.T.);
#1092=ORIENTED_EDGE('',*,*,#1709,.T.);
#1093=ORIENTED_EDGE('',*,*,#1702,.F.);
#1094=ORIENTED_EDGE('',*,*,#1521,.T.);
#1095=ORIENTED_EDGE('',*,*,#1418,.T.);
#1096=ORIENTED_EDGE('',*,*,#1615,.T.);
#1097=ORIENTED_EDGE('',*,*,#1710,.T.);
#1098=ORIENTED_EDGE('',*,*,#1711,.T.);
#1099=ORIENTED_EDGE('',*,*,#1604,.T.);
#1100=ORIENTED_EDGE('',*,*,#1712,.T.);
#1101=ORIENTED_EDGE('',*,*,#1710,.F.);
#1102=ORIENTED_EDGE('',*,*,#1614,.F.);
#1103=ORIENTED_EDGE('',*,*,#1538,.T.);
#1104=ORIENTED_EDGE('',*,*,#1498,.T.);
#1105=ORIENTED_EDGE('',*,*,#1610,.F.);
#1106=ORIENTED_EDGE('',*,*,#1603,.F.);
#1107=ORIENTED_EDGE('',*,*,#1570,.F.);
#1108=ORIENTED_EDGE('',*,*,#1713,.F.);
#1109=ORIENTED_EDGE('',*,*,#1712,.F.);
#1110=ORIENTED_EDGE('',*,*,#1713,.T.);
#1111=ORIENTED_EDGE('',*,*,#1569,.F.);
#1112=ORIENTED_EDGE('',*,*,#1714,.F.);
#1113=ORIENTED_EDGE('',*,*,#1711,.F.);
#1114=ORIENTED_EDGE('',*,*,#1714,.T.);
#1115=ORIENTED_EDGE('',*,*,#1468,.F.);
#1116=ORIENTED_EDGE('',*,*,#1715,.F.);
#1117=ORIENTED_EDGE('',*,*,#1708,.F.);
#1118=ORIENTED_EDGE('',*,*,#1715,.T.);
#1119=ORIENTED_EDGE('',*,*,#1482,.F.);
#1120=ORIENTED_EDGE('',*,*,#1716,.F.);
#1121=ORIENTED_EDGE('',*,*,#1709,.F.);
#1122=ORIENTED_EDGE('',*,*,#1716,.T.);
#1123=ORIENTED_EDGE('',*,*,#1481,.F.);
#1124=ORIENTED_EDGE('',*,*,#1717,.F.);
#1125=ORIENTED_EDGE('',*,*,#1703,.F.);
#1126=ORIENTED_EDGE('',*,*,#1717,.T.);
#1127=ORIENTED_EDGE('',*,*,#1480,.F.);
#1128=ORIENTED_EDGE('',*,*,#1718,.F.);
#1129=ORIENTED_EDGE('',*,*,#1707,.F.);
#1130=ORIENTED_EDGE('',*,*,#1718,.T.);
#1131=ORIENTED_EDGE('',*,*,#1584,.F.);
#1132=ORIENTED_EDGE('',*,*,#1719,.F.);
#1133=ORIENTED_EDGE('',*,*,#1705,.F.);
#1134=ORIENTED_EDGE('',*,*,#1719,.T.);
#1135=ORIENTED_EDGE('',*,*,#1567,.F.);
#1136=ORIENTED_EDGE('',*,*,#1720,.F.);
#1137=ORIENTED_EDGE('',*,*,#1706,.F.);
#1138=ORIENTED_EDGE('',*,*,#1602,.F.);
#1139=ORIENTED_EDGE('',*,*,#1701,.F.);
#1140=ORIENTED_EDGE('',*,*,#1720,.T.);
#1141=ORIENTED_EDGE('',*,*,#1566,.F.);
#1142=ORIENTED_EDGE('',*,*,#1721,.T.);
#1143=ORIENTED_EDGE('',*,*,#1722,.T.);
#1144=ORIENTED_EDGE('',*,*,#1723,.F.);
#1145=ORIENTED_EDGE('',*,*,#1383,.T.);
#1146=ORIENTED_EDGE('',*,*,#1723,.T.);
#1147=ORIENTED_EDGE('',*,*,#1724,.T.);
#1148=ORIENTED_EDGE('',*,*,#1725,.F.);
#1149=ORIENTED_EDGE('',*,*,#1388,.T.);
#1150=ORIENTED_EDGE('',*,*,#1385,.T.);
#1151=ORIENTED_EDGE('',*,*,#1725,.T.);
#1152=ORIENTED_EDGE('',*,*,#1726,.T.);
#1153=ORIENTED_EDGE('',*,*,#1400,.T.);
#1154=ORIENTED_EDGE('',*,*,#1394,.T.);
#1155=ORIENTED_EDGE('',*,*,#1391,.T.);
#1156=ORIENTED_EDGE('',*,*,#1404,.T.);
#1157=ORIENTED_EDGE('',*,*,#1727,.T.);
#1158=ORIENTED_EDGE('',*,*,#1721,.F.);
#1159=ORIENTED_EDGE('',*,*,#1380,.T.);
#1160=ORIENTED_EDGE('',*,*,#1377,.T.);
#1161=ORIENTED_EDGE('',*,*,#1728,.T.);
#1162=ORIENTED_EDGE('',*,*,#1729,.T.);
#1163=ORIENTED_EDGE('',*,*,#1730,.T.);
#1164=ORIENTED_EDGE('',*,*,#1731,.T.);
#1165=ORIENTED_EDGE('',*,*,#1732,.T.);
#1166=ORIENTED_EDGE('',*,*,#1733,.F.);
#1167=ORIENTED_EDGE('',*,*,#1734,.T.);
#1168=ORIENTED_EDGE('',*,*,#1733,.T.);
#1169=ORIENTED_EDGE('',*,*,#1735,.T.);
#1170=ORIENTED_EDGE('',*,*,#1736,.F.);
#1171=ORIENTED_EDGE('',*,*,#1737,.T.);
#1172=ORIENTED_EDGE('',*,*,#1738,.T.);
#1173=ORIENTED_EDGE('',*,*,#1739,.T.);
#1174=ORIENTED_EDGE('',*,*,#1740,.T.);
#1175=ORIENTED_EDGE('',*,*,#1731,.F.);
#1176=ORIENTED_EDGE('',*,*,#1741,.T.);
#1177=ORIENTED_EDGE('',*,*,#1742,.T.);
#1178=ORIENTED_EDGE('',*,*,#1736,.T.);
#1179=ORIENTED_EDGE('',*,*,#1743,.T.);
#1180=ORIENTED_EDGE('',*,*,#1744,.T.);
#1181=ORIENTED_EDGE('',*,*,#1745,.T.);
#1182=ORIENTED_EDGE('',*,*,#1456,.F.);
#1183=ORIENTED_EDGE('',*,*,#1746,.T.);
#1184=ORIENTED_EDGE('',*,*,#1747,.T.);
#1185=ORIENTED_EDGE('',*,*,#1748,.T.);
#1186=ORIENTED_EDGE('',*,*,#1749,.T.);
#1187=ORIENTED_EDGE('',*,*,#1750,.T.);
#1188=ORIENTED_EDGE('',*,*,#1751,.F.);
#1189=ORIENTED_EDGE('',*,*,#1752,.T.);
#1190=ORIENTED_EDGE('',*,*,#1753,.T.);
#1191=ORIENTED_EDGE('',*,*,#1751,.T.);
#1192=ORIENTED_EDGE('',*,*,#1754,.T.);
#1193=ORIENTED_EDGE('',*,*,#1755,.F.);
#1194=ORIENTED_EDGE('',*,*,#1756,.T.);
#1195=ORIENTED_EDGE('',*,*,#1757,.T.);
#1196=ORIENTED_EDGE('',*,*,#1758,.T.);
#1197=ORIENTED_EDGE('',*,*,#1749,.F.);
#1198=ORIENTED_EDGE('',*,*,#1759,.T.);
#1199=ORIENTED_EDGE('',*,*,#1755,.T.);
#1200=ORIENTED_EDGE('',*,*,#1760,.T.);
#1201=ORIENTED_EDGE('',*,*,#1757,.F.);
#1202=ORIENTED_EDGE('',*,*,#1761,.T.);
#1203=ORIENTED_EDGE('',*,*,#1762,.T.);
#1204=ORIENTED_EDGE('',*,*,#1763,.T.);
#1205=ORIENTED_EDGE('',*,*,#1764,.T.);
#1206=ORIENTED_EDGE('',*,*,#1765,.F.);
#1207=ORIENTED_EDGE('',*,*,#1766,.T.);
#1208=ORIENTED_EDGE('',*,*,#1765,.T.);
#1209=ORIENTED_EDGE('',*,*,#1767,.T.);
#1210=ORIENTED_EDGE('',*,*,#1768,.F.);
#1211=ORIENTED_EDGE('',*,*,#1769,.T.);
#1212=ORIENTED_EDGE('',*,*,#1770,.T.);
#1213=ORIENTED_EDGE('',*,*,#1768,.T.);
#1214=ORIENTED_EDGE('',*,*,#1771,.T.);
#1215=ORIENTED_EDGE('',*,*,#1772,.F.);
#1216=ORIENTED_EDGE('',*,*,#1773,.T.);
#1217=ORIENTED_EDGE('',*,*,#1772,.T.);
#1218=ORIENTED_EDGE('',*,*,#1774,.T.);
#1219=ORIENTED_EDGE('',*,*,#1763,.F.);
#1220=ORIENTED_EDGE('',*,*,#1775,.T.);
#1221=ORIENTED_EDGE('',*,*,#1776,.T.);
#1222=ORIENTED_EDGE('',*,*,#1458,.F.);
#1223=ORIENTED_EDGE('',*,*,#1777,.T.);
#1224=ORIENTED_EDGE('',*,*,#1739,.F.);
#1225=ORIENTED_EDGE('',*,*,#1778,.F.);
#1226=ORIENTED_EDGE('',*,*,#1637,.F.);
#1227=ORIENTED_EDGE('',*,*,#1778,.T.);
#1228=ORIENTED_EDGE('',*,*,#1779,.F.);
#1229=ORIENTED_EDGE('',*,*,#1779,.T.);
#1230=ORIENTED_EDGE('',*,*,#1742,.F.);
#1231=ORIENTED_EDGE('',*,*,#1780,.F.);
#1232=ORIENTED_EDGE('',*,*,#1433,.F.);
#1233=ORIENTED_EDGE('',*,*,#1780,.T.);
#1234=ORIENTED_EDGE('',*,*,#1741,.F.);
#1235=ORIENTED_EDGE('',*,*,#1781,.F.);
#1236=ORIENTED_EDGE('',*,*,#1441,.F.);
#1237=ORIENTED_EDGE('',*,*,#1781,.T.);
#1238=ORIENTED_EDGE('',*,*,#1734,.F.);
#1239=ORIENTED_EDGE('',*,*,#1782,.F.);
#1240=ORIENTED_EDGE('',*,*,#1782,.T.);
#1241=ORIENTED_EDGE('',*,*,#1738,.F.);
#1242=ORIENTED_EDGE('',*,*,#1783,.F.);
#1243=ORIENTED_EDGE('',*,*,#1442,.F.);
#1244=ORIENTED_EDGE('',*,*,#1783,.T.);
#1245=ORIENTED_EDGE('',*,*,#1737,.F.);
#1246=ORIENTED_EDGE('',*,*,#1784,.F.);
#1247=ORIENTED_EDGE('',*,*,#1405,.F.);
#1248=ORIENTED_EDGE('',*,*,#1785,.F.);
#1249=ORIENTED_EDGE('',*,*,#1406,.F.);
#1250=ORIENTED_EDGE('',*,*,#1784,.T.);
#1251=ORIENTED_EDGE('',*,*,#1745,.F.);
#1252=ORIENTED_EDGE('',*,*,#1463,.F.);
#1253=ORIENTED_EDGE('',*,*,#1785,.T.);
#1254=ORIENTED_EDGE('',*,*,#1786,.F.);
#1255=ORIENTED_EDGE('',*,*,#1744,.F.);
#1256=ORIENTED_EDGE('',*,*,#1787,.T.);
#1257=ORIENTED_EDGE('',*,*,#1454,.F.);
#1258=ORIENTED_EDGE('',*,*,#1786,.T.);
#1259=ORIENTED_EDGE('',*,*,#1788,.F.);
#1260=ORIENTED_EDGE('',*,*,#1443,.F.);
#1261=ORIENTED_EDGE('',*,*,#1789,.F.);
#1262=ORIENTED_EDGE('',*,*,#1752,.F.);
#1263=ORIENTED_EDGE('',*,*,#1634,.F.);
#1264=ORIENTED_EDGE('',*,*,#1424,.F.);
#1265=ORIENTED_EDGE('',*,*,#1790,.F.);
#1266=ORIENTED_EDGE('',*,*,#1753,.F.);
#1267=ORIENTED_EDGE('',*,*,#1789,.T.);
#1268=ORIENTED_EDGE('',*,*,#1413,.F.);
#1269=ORIENTED_EDGE('',*,*,#1788,.T.);
#1270=ORIENTED_EDGE('',*,*,#1756,.F.);
#1271=ORIENTED_EDGE('',*,*,#1791,.F.);
#1272=ORIENTED_EDGE('',*,*,#1790,.T.);
#1273=ORIENTED_EDGE('',*,*,#1423,.F.);
#1274=ORIENTED_EDGE('',*,*,#1792,.F.);
#1275=ORIENTED_EDGE('',*,*,#1759,.F.);
#1276=ORIENTED_EDGE('',*,*,#1791,.T.);
#1277=ORIENTED_EDGE('',*,*,#1762,.F.);
#1278=ORIENTED_EDGE('',*,*,#1793,.F.);
#1279=ORIENTED_EDGE('',*,*,#1444,.F.);
#1280=ORIENTED_EDGE('',*,*,#1792,.T.);
#1281=ORIENTED_EDGE('',*,*,#1422,.F.);
#1282=ORIENTED_EDGE('',*,*,#1793,.T.);
#1283=ORIENTED_EDGE('',*,*,#1761,.F.);
#1284=ORIENTED_EDGE('',*,*,#1794,.F.);
#1285=ORIENTED_EDGE('',*,*,#1770,.F.);
#1286=ORIENTED_EDGE('',*,*,#1795,.F.);
#1287=ORIENTED_EDGE('',*,*,#1450,.F.);
#1288=ORIENTED_EDGE('',*,*,#1795,.T.);
#1289=ORIENTED_EDGE('',*,*,#1769,.F.);
#1290=ORIENTED_EDGE('',*,*,#1796,.F.);
#1291=ORIENTED_EDGE('',*,*,#1548,.F.);
#1292=ORIENTED_EDGE('',*,*,#1766,.F.);
#1293=ORIENTED_EDGE('',*,*,#1794,.T.);
#1294=ORIENTED_EDGE('',*,*,#1797,.F.);
#1295=ORIENTED_EDGE('',*,*,#1796,.T.);
#1296=ORIENTED_EDGE('',*,*,#1773,.F.);
#1297=ORIENTED_EDGE('',*,*,#1798,.F.);
#1298=ORIENTED_EDGE('',*,*,#1541,.F.);
#1299=ORIENTED_EDGE('',*,*,#1797,.T.);
#1300=ORIENTED_EDGE('',*,*,#1449,.F.);
#1301=ORIENTED_EDGE('',*,*,#1799,.F.);
#1302=ORIENTED_EDGE('',*,*,#1775,.F.);
#1303=ORIENTED_EDGE('',*,*,#1798,.T.);
#1304=ORIENTED_EDGE('',*,*,#1776,.F.);
#1305=ORIENTED_EDGE('',*,*,#1799,.T.);
#1306=ORIENTED_EDGE('',*,*,#1542,.F.);
#1307=ORIENTED_EDGE('',*,*,#1800,.T.);
#1308=ORIENTED_EDGE('',*,*,#1801,.T.);
#1309=ORIENTED_EDGE('',*,*,#1663,.F.);
#1310=ORIENTED_EDGE('',*,*,#1802,.F.);
#1311=ORIENTED_EDGE('',*,*,#1722,.F.);
#1312=ORIENTED_EDGE('',*,*,#1803,.F.);
#1313=ORIENTED_EDGE('',*,*,#1728,.F.);
#1314=ORIENTED_EDGE('',*,*,#1804,.F.);
#1315=ORIENTED_EDGE('',*,*,#1726,.F.);
#1316=ORIENTED_EDGE('',*,*,#1724,.F.);
#1317=ORIENTED_EDGE('',*,*,#1802,.T.);
#1318=ORIENTED_EDGE('',*,*,#1803,.T.);
#1319=ORIENTED_EDGE('',*,*,#1727,.F.);
#1320=ORIENTED_EDGE('',*,*,#1805,.F.);
#1321=ORIENTED_EDGE('',*,*,#1806,.F.);
#1322=ORIENTED_EDGE('',*,*,#1729,.F.);
#1323=ORIENTED_EDGE('',*,*,#1805,.T.);
#1324=ORIENTED_EDGE('',*,*,#1403,.F.);
#1325=ORIENTED_EDGE('',*,*,#1807,.F.);
#1326=ORIENTED_EDGE('',*,*,#1808,.F.);
#1327=ORIENTED_EDGE('',*,*,#1397,.F.);
#1328=ORIENTED_EDGE('',*,*,#1804,.T.);
#1329=ORIENTED_EDGE('',*,*,#1730,.F.);
#1330=ORIENTED_EDGE('',*,*,#1806,.T.);
#1331=ORIENTED_EDGE('',*,*,#1809,.F.);
#1332=ORIENTED_EDGE('',*,*,#1398,.F.);
#1333=ORIENTED_EDGE('',*,*,#1808,.T.);
#1334=ORIENTED_EDGE('',*,*,#1810,.F.);
#1335=ORIENTED_EDGE('',*,*,#1800,.F.);
#1336=ORIENTED_EDGE('',*,*,#1402,.F.);
#1337=ORIENTED_EDGE('',*,*,#1801,.F.);
#1338=ORIENTED_EDGE('',*,*,#1810,.T.);
#1339=ORIENTED_EDGE('',*,*,#1809,.T.);
#1340=ORIENTED_EDGE('',*,*,#1807,.T.);
#1341=ORIENTED_EDGE('',*,*,#1811,.F.);
#1342=ORIENTED_EDGE('',*,*,#1774,.F.);
#1343=ORIENTED_EDGE('',*,*,#1764,.F.);
#1344=ORIENTED_EDGE('',*,*,#1811,.T.);
#1345=ORIENTED_EDGE('',*,*,#1771,.F.);
#1346=ORIENTED_EDGE('',*,*,#1812,.F.);
#1347=ORIENTED_EDGE('',*,*,#1767,.F.);
#1348=ORIENTED_EDGE('',*,*,#1812,.T.);
#1349=ORIENTED_EDGE('',*,*,#1813,.F.);
#1350=ORIENTED_EDGE('',*,*,#1760,.F.);
#1351=ORIENTED_EDGE('',*,*,#1814,.F.);
#1352=ORIENTED_EDGE('',*,*,#1758,.F.);
#1353=ORIENTED_EDGE('',*,*,#1813,.T.);
#1354=ORIENTED_EDGE('',*,*,#1754,.F.);
#1355=ORIENTED_EDGE('',*,*,#1814,.T.);
#1356=ORIENTED_EDGE('',*,*,#1750,.F.);
#1357=ORIENTED_EDGE('',*,*,#1815,.F.);
#1358=ORIENTED_EDGE('',*,*,#1777,.F.);
#1359=ORIENTED_EDGE('',*,*,#1457,.F.);
#1360=ORIENTED_EDGE('',*,*,#1748,.F.);
#1361=ORIENTED_EDGE('',*,*,#1740,.F.);
#1362=ORIENTED_EDGE('',*,*,#1815,.T.);
#1363=ORIENTED_EDGE('',*,*,#1816,.F.);
#1364=ORIENTED_EDGE('',*,*,#1817,.F.);
#1365=ORIENTED_EDGE('',*,*,#1732,.F.);
#1366=ORIENTED_EDGE('',*,*,#1816,.T.);
#1367=ORIENTED_EDGE('',*,*,#1747,.F.);
#1368=ORIENTED_EDGE('',*,*,#1818,.F.);
#1369=ORIENTED_EDGE('',*,*,#1743,.F.);
#1370=ORIENTED_EDGE('',*,*,#1735,.F.);
#1371=ORIENTED_EDGE('',*,*,#1817,.T.);
#1372=ORIENTED_EDGE('',*,*,#1455,.F.);
#1373=ORIENTED_EDGE('',*,*,#1787,.F.);
#1374=ORIENTED_EDGE('',*,*,#1818,.T.);
#1375=ORIENTED_EDGE('',*,*,#1746,.F.);
#1376=EDGE_CURVE('',#1819,#1820,#2082,.T.);
#1377=EDGE_CURVE('',#1821,#1819,#294,.T.);
#1378=EDGE_CURVE('',#1821,#1822,#2083,.T.);
#1379=EDGE_CURVE('',#1820,#1822,#295,.T.);
#1380=EDGE_CURVE('',#1823,#1821,#2084,.T.);
#1381=EDGE_CURVE('',#1823,#1824,#2085,.T.);
#1382=EDGE_CURVE('',#1822,#1824,#2086,.F.);
#1383=EDGE_CURVE('',#1825,#1823,#2087,.F.);
#1384=EDGE_CURVE('',#1825,#1824,#2088,.T.);
#1385=EDGE_CURVE('',#1826,#1825,#2089,.T.);
#1386=EDGE_CURVE('',#1826,#1827,#2090,.T.);
#1387=EDGE_CURVE('',#1824,#1827,#2091,.F.);
#1388=EDGE_CURVE('',#1828,#1826,#296,.T.);
#1389=EDGE_CURVE('',#1828,#1829,#2092,.T.);
#1390=EDGE_CURVE('',#1827,#1829,#297,.T.);
#1391=EDGE_CURVE('',#1830,#1828,#298,.T.);
#1392=EDGE_CURVE('',#1830,#1831,#2093,.T.);
#1393=EDGE_CURVE('',#1829,#1831,#299,.T.);
#1394=EDGE_CURVE('',#1832,#1830,#300,.T.);
#1395=EDGE_CURVE('',#1832,#1833,#2094,.T.);
#1396=EDGE_CURVE('',#1831,#1833,#301,.T.);
#1397=EDGE_CURVE('',#1834,#1835,#302,.T.);
#1398=EDGE_CURVE('',#1835,#1836,#303,.T.);
#1399=EDGE_CURVE('',#1833,#1836,#304,.T.);
#1400=EDGE_CURVE('',#1834,#1832,#305,.T.);
#1401=EDGE_CURVE('',#1837,#1820,#306,.T.);
#1402=EDGE_CURVE('',#1837,#1838,#307,.F.);
#1403=EDGE_CURVE('',#1838,#1839,#308,.T.);
#1404=EDGE_CURVE('',#1819,#1839,#309,.T.);
#1405=EDGE_CURVE('',#1840,#1841,#310,.T.);
#1406=EDGE_CURVE('',#1841,#1842,#311,.T.);
#1407=EDGE_CURVE('',#1842,#1843,#312,.T.);
#1408=EDGE_CURVE('',#1843,#1844,#313,.T.);
#1409=EDGE_CURVE('',#1844,#1845,#314,.T.);
#1410=EDGE_CURVE('',#1845,#1846,#315,.F.);
#1411=EDGE_CURVE('',#1846,#1847,#316,.T.);
#1412=EDGE_CURVE('',#1847,#1848,#317,.T.);
#1413=EDGE_CURVE('',#1848,#1849,#318,.T.);
#1414=EDGE_CURVE('',#1849,#1840,#319,.T.);
#1415=EDGE_CURVE('',#1831,#1850,#320,.T.);
#1416=EDGE_CURVE('',#1850,#1851,#321,.T.);
#1417=EDGE_CURVE('',#1851,#1852,#322,.T.);
#1418=EDGE_CURVE('',#1853,#1852,#323,.T.);
#1419=EDGE_CURVE('',#1854,#1853,#2095,.F.);
#1420=EDGE_CURVE('',#1854,#1827,#324,.T.);
#1421=EDGE_CURVE('',#1855,#1856,#325,.T.);
#1422=EDGE_CURVE('',#1856,#1857,#326,.T.);
#1423=EDGE_CURVE('',#1857,#1858,#327,.T.);
#1424=EDGE_CURVE('',#1858,#1859,#328,.T.);
#1425=EDGE_CURVE('',#1859,#1860,#329,.T.);
#1426=EDGE_CURVE('',#1860,#1861,#330,.T.);
#1427=EDGE_CURVE('',#1861,#1862,#331,.T.);
#1428=EDGE_CURVE('',#1862,#1863,#332,.T.);
#1429=EDGE_CURVE('',#1863,#1864,#333,.T.);
#1430=EDGE_CURVE('',#1864,#1865,#334,.T.);
#1431=EDGE_CURVE('',#1865,#1855,#2096,.T.);
#1432=EDGE_CURVE('',#1866,#1867,#335,.T.);
#1433=EDGE_CURVE('',#1867,#1868,#336,.T.);
#1434=EDGE_CURVE('',#1868,#1869,#337,.T.);
#1435=EDGE_CURVE('',#1870,#1869,#2097,.T.);
#1436=EDGE_CURVE('',#1870,#1871,#338,.T.);
#1437=EDGE_CURVE('',#1871,#1872,#339,.T.);
#1438=EDGE_CURVE('',#1872,#1873,#340,.F.);
#1439=EDGE_CURVE('',#1873,#1866,#341,.T.);
#1440=EDGE_CURVE('',#1869,#1854,#82,.F.);
#1441=EDGE_CURVE('',#1868,#1874,#2098,.F.);
#1442=EDGE_CURVE('',#1874,#1840,#2099,.F.);
#1443=EDGE_CURVE('',#1849,#1875,#2100,.F.);
#1444=EDGE_CURVE('',#1875,#1856,#2101,.F.);
#1445=EDGE_CURVE('',#1876,#1855,#83,.T.);
#1446=EDGE_CURVE('',#1876,#1877,#2102,.F.);
#1447=EDGE_CURVE('',#1878,#1877,#84,.T.);
#1448=EDGE_CURVE('',#1879,#1878,#342,.T.);
#1449=EDGE_CURVE('',#1879,#1880,#2103,.F.);
#1450=EDGE_CURVE('',#1880,#1881,#2104,.F.);
#1451=EDGE_CURVE('',#1882,#1881,#343,.T.);
#1452=EDGE_CURVE('',#1882,#1822,#2105,.F.);
#1453=EDGE_CURVE('',#1883,#1884,#344,.T.);
#1454=EDGE_CURVE('',#1884,#1885,#85,.T.);
#1455=EDGE_CURVE('',#1885,#1886,#345,.F.);
#1456=EDGE_CURVE('',#1886,#1887,#2106,.F.);
#1457=EDGE_CURVE('',#1887,#1888,#346,.T.);
#1458=EDGE_CURVE('',#1888,#1889,#86,.F.);
#1459=EDGE_CURVE('',#1889,#1890,#347,.T.);
#1460=EDGE_CURVE('',#1890,#1891,#87,.T.);
#1461=EDGE_CURVE('',#1892,#1891,#2107,.T.);
#1462=EDGE_CURVE('',#1883,#1892,#88,.T.);
#1463=EDGE_CURVE('',#1842,#1884,#2108,.T.);
#1464=EDGE_CURVE('',#1883,#1843,#2109,.T.);
#1465=EDGE_CURVE('',#1893,#1894,#2110,.T.);
#1466=EDGE_CURVE('',#1895,#1893,#348,.T.);
#1467=EDGE_CURVE('',#1895,#1896,#2111,.T.);
#1468=EDGE_CURVE('',#1896,#1897,#349,.T.);
#1469=EDGE_CURVE('',#1898,#1897,#350,.T.);
#1470=EDGE_CURVE('',#1898,#1899,#351,.F.);
#1471=EDGE_CURVE('',#1899,#1900,#352,.F.);
#1472=EDGE_CURVE('',#1901,#1900,#353,.T.);
#1473=EDGE_CURVE('',#1900,#1894,#354,.T.);
#1474=EDGE_CURVE('',#1902,#1903,#355,.T.);
#1475=EDGE_CURVE('',#1903,#1902,#356,.T.);
#1476=EDGE_CURVE('',#1904,#1871,#89,.F.);
#1477=EDGE_CURVE('',#1905,#1904,#357,.T.);
#1478=EDGE_CURVE('',#1872,#1905,#90,.T.);
#1479=EDGE_CURVE('',#1906,#1907,#2112,.T.);
#1480=EDGE_CURVE('',#1906,#1908,#358,.T.);
#1481=EDGE_CURVE('',#1908,#1909,#91,.T.);
#1482=EDGE_CURVE('',#1909,#1896,#359,.T.);
#1483=EDGE_CURVE('',#1907,#1895,#92,.T.);
#1484=EDGE_CURVE('',#1904,#1910,#93,.F.);
#1485=EDGE_CURVE('',#1910,#1911,#14,.T.);
#1486=EDGE_CURVE('',#1905,#1911,#94,.T.);
#1487=EDGE_CURVE('',#1912,#1913,#95,.F.);
#1488=EDGE_CURVE('',#1912,#1914,#360,.T.);
#1489=EDGE_CURVE('',#1915,#1914,#96,.T.);
#1490=EDGE_CURVE('',#1913,#1915,#361,.T.);
#1491=EDGE_CURVE('',#1916,#1916,#2113,.T.);
#1492=EDGE_CURVE('',#1917,#1917,#2114,.T.);
#1493=EDGE_CURVE('',#1918,#1918,#2115,.T.);
#1494=EDGE_CURVE('',#1919,#1919,#2116,.T.);
#1495=EDGE_CURVE('',#1910,#1913,#97,.F.);
#1496=EDGE_CURVE('',#1920,#1915,#98,.T.);
#1497=EDGE_CURVE('',#1920,#1921,#362,.T.);
#1498=EDGE_CURVE('',#1922,#1921,#99,.T.);
#1499=EDGE_CURVE('',#1923,#1922,#15,.T.);
#1500=EDGE_CURVE('',#1923,#1924,#363,.T.);
#1501=EDGE_CURVE('',#1925,#1924,#100,.F.);
#1502=EDGE_CURVE('',#1926,#1925,#2117,.F.);
#1503=EDGE_CURVE('',#1926,#1927,#101,.T.);
#1504=EDGE_CURVE('',#1927,#1928,#364,.T.);
#1505=EDGE_CURVE('',#1929,#1928,#16,.T.);
#1506=EDGE_CURVE('',#1929,#1930,#365,.T.);
#1507=EDGE_CURVE('',#1931,#1930,#102,.F.);
#1508=EDGE_CURVE('',#1932,#1931,#2118,.F.);
#1509=EDGE_CURVE('',#1932,#1933,#103,.T.);
#1510=EDGE_CURVE('',#1933,#1934,#366,.T.);
#1511=EDGE_CURVE('',#1935,#1934,#17,.T.);
#1512=EDGE_CURVE('',#1936,#1935,#2119,.T.);
#1513=EDGE_CURVE('',#1937,#1936,#104,.T.);
#1514=EDGE_CURVE('',#1937,#1938,#2120,.T.);
#1515=EDGE_CURVE('',#1938,#1939,#105,.T.);
#1516=EDGE_CURVE('',#1940,#1939,#2121,.T.);
#1517=EDGE_CURVE('',#1941,#1940,#18,.T.);
#1518=EDGE_CURVE('',#1892,#1941,#2122,.T.);
#1519=EDGE_CURVE('',#1891,#1942,#106,.T.);
#1520=EDGE_CURVE('',#1911,#1942,#2123,.T.);
#1521=EDGE_CURVE('',#1943,#1853,#367,.T.);
#1522=EDGE_CURVE('',#1943,#1944,#107,.F.);
#1523=EDGE_CURVE('',#1944,#1870,#368,.T.);
#1524=EDGE_CURVE('',#1865,#1876,#369,.T.);
#1525=EDGE_CURVE('',#1945,#1946,#370,.T.);
#1526=EDGE_CURVE('',#1946,#1947,#371,.T.);
#1527=EDGE_CURVE('',#1947,#1948,#108,.F.);
#1528=EDGE_CURVE('',#1948,#1945,#372,.T.);
#1529=EDGE_CURVE('',#1949,#1950,#109,.T.);
#1530=EDGE_CURVE('',#1950,#1951,#373,.T.);
#1531=EDGE_CURVE('',#1951,#1952,#2124,.T.);
#1532=EDGE_CURVE('',#1893,#1952,#110,.T.);
#1533=EDGE_CURVE('',#1894,#1949,#374,.T.);
#1534=EDGE_CURVE('',#1953,#1954,#375,.T.);
#1535=EDGE_CURVE('',#1953,#1955,#376,.T.);
#1536=EDGE_CURVE('',#1956,#1955,#377,.T.);
#1537=EDGE_CURVE('',#1956,#1954,#378,.T.);
#1538=EDGE_CURVE('',#1957,#1922,#111,.F.);
#1539=EDGE_CURVE('',#1957,#1958,#379,.T.);
#1540=EDGE_CURVE('',#1958,#1923,#380,.T.);
#1541=EDGE_CURVE('',#1959,#1960,#381,.T.);
#1542=EDGE_CURVE('',#1960,#1879,#382,.T.);
#1543=EDGE_CURVE('',#1878,#1961,#2125,.T.);
#1544=EDGE_CURVE('',#1961,#1962,#383,.T.);
#1545=EDGE_CURVE('',#1962,#1956,#384,.T.);
#1546=EDGE_CURVE('',#1955,#1963,#385,.T.);
#1547=EDGE_CURVE('',#1963,#1882,#386,.T.);
#1548=EDGE_CURVE('',#1881,#1959,#387,.T.);
#1549=EDGE_CURVE('',#1964,#1965,#388,.T.);
#1550=EDGE_CURVE('',#1965,#1941,#112,.T.);
#1551=EDGE_CURVE('',#1964,#1940,#113,.T.);
#1552=EDGE_CURVE('',#1844,#1965,#114,.T.);
#1553=EDGE_CURVE('',#1845,#1964,#115,.T.);
#1554=EDGE_CURVE('',#1934,#1966,#389,.T.);
#1555=EDGE_CURVE('',#1966,#1967,#390,.T.);
#1556=EDGE_CURVE('',#1967,#1935,#116,.T.);
#1557=EDGE_CURVE('',#1968,#1969,#391,.T.);
#1558=EDGE_CURVE('',#1970,#1968,#392,.F.);
#1559=EDGE_CURVE('',#1970,#1971,#393,.T.);
#1560=EDGE_CURVE('',#1969,#1971,#394,.T.);
#1561=EDGE_CURVE('',#1972,#1973,#395,.T.);
#1562=EDGE_CURVE('',#1974,#1972,#396,.T.);
#1563=EDGE_CURVE('',#1898,#1974,#397,.F.);
#1564=EDGE_CURVE('',#1973,#1898,#398,.F.);
#1565=EDGE_CURVE('',#1968,#1975,#399,.F.);
#1566=EDGE_CURVE('',#1975,#1976,#117,.F.);
#1567=EDGE_CURVE('',#1976,#1977,#400,.T.);
#1568=EDGE_CURVE('',#1977,#1970,#401,.T.);
#1569=EDGE_CURVE('',#1897,#1978,#402,.T.);
#1570=EDGE_CURVE('',#1978,#1979,#118,.T.);
#1571=EDGE_CURVE('',#1979,#1973,#403,.F.);
#1572=EDGE_CURVE('',#1969,#1972,#2126,.T.);
#1573=EDGE_CURVE('',#1971,#1980,#404,.T.);
#1574=EDGE_CURVE('',#1980,#1981,#2127,.T.);
#1575=EDGE_CURVE('',#1981,#1974,#405,.T.);
#1576=EDGE_CURVE('',#1982,#1983,#2128,.T.);
#1577=EDGE_CURVE('',#1982,#1983,#406,.T.);
#1578=EDGE_CURVE('',#1984,#1984,#2129,.T.);
#1579=EDGE_CURVE('',#1985,#1970,#407,.F.);
#1580=EDGE_CURVE('',#1985,#1980,#408,.T.);
#1581=EDGE_CURVE('',#1981,#1899,#409,.T.);
#1582=EDGE_CURVE('',#1952,#1907,#410,.T.);
#1583=EDGE_CURVE('',#1951,#1985,#411,.T.);
#1584=EDGE_CURVE('',#1977,#1906,#412,.T.);
#1585=EDGE_CURVE('',#1986,#1987,#413,.T.);
#1586=EDGE_CURVE('',#1987,#1982,#119,.F.);
#1587=EDGE_CURVE('',#1983,#1988,#120,.F.);
#1588=EDGE_CURVE('',#1988,#1989,#414,.T.);
#1589=EDGE_CURVE('',#1989,#1986,#2130,.F.);
#1590=EDGE_CURVE('',#1990,#1991,#415,.T.);
#1591=EDGE_CURVE('',#1991,#1899,#416,.T.);
#1592=EDGE_CURVE('',#1989,#1981,#417,.F.);
#1593=EDGE_CURVE('',#1988,#1990,#418,.T.);
#1594=EDGE_CURVE('',#1986,#1980,#419,.F.);
#1595=EDGE_CURVE('',#1985,#1992,#420,.T.);
#1596=EDGE_CURVE('',#1992,#1987,#421,.T.);
#1597=EDGE_CURVE('',#1992,#1951,#2131,.T.);
#1598=EDGE_CURVE('',#1987,#1950,#2132,.T.);
#1599=EDGE_CURVE('',#1988,#1949,#2133,.T.);
#1600=EDGE_CURVE('',#1990,#1894,#2134,.T.);
#1601=EDGE_CURVE('',#1912,#1993,#121,.T.);
#1602=EDGE_CURVE('',#1993,#1975,#2135,.T.);
#1603=EDGE_CURVE('',#1979,#1994,#2136,.T.);
#1604=EDGE_CURVE('',#1995,#1994,#122,.T.);
#1605=EDGE_CURVE('',#1996,#1995,#422,.T.);
#1606=EDGE_CURVE('',#1996,#1914,#123,.T.);
#1607=EDGE_CURVE('',#1928,#1953,#423,.T.);
#1608=EDGE_CURVE('',#1954,#1929,#424,.T.);
#1609=EDGE_CURVE('',#1920,#1996,#124,.T.);
#1610=EDGE_CURVE('',#1995,#1921,#125,.F.);
#1611=EDGE_CURVE('',#1877,#1961,#425,.T.);
#1612=EDGE_CURVE('',#1966,#1863,#426,.T.);
#1613=EDGE_CURVE('',#1862,#1967,#126,.T.);
#1614=EDGE_CURVE('',#1957,#1997,#127,.F.);
#1615=EDGE_CURVE('',#1852,#1997,#427,.T.);
#1616=EDGE_CURVE('',#1851,#1958,#428,.T.);
#1617=EDGE_CURVE('',#1998,#1939,#128,.T.);
#1618=EDGE_CURVE('',#1998,#1845,#429,.T.);
#1619=EDGE_CURVE('',#1862,#1999,#430,.F.);
#1620=EDGE_CURVE('',#1999,#1936,#129,.T.);
#1621=EDGE_CURVE('',#1999,#2000,#431,.T.);
#1622=EDGE_CURVE('',#2000,#1937,#130,.T.);
#1623=EDGE_CURVE('',#2000,#2001,#432,.T.);
#1624=EDGE_CURVE('',#2001,#1938,#131,.T.);
#1625=EDGE_CURVE('',#2001,#1998,#433,.T.);
#1626=EDGE_CURVE('',#2002,#2002,#434,.T.);
#1627=EDGE_CURVE('',#2003,#2003,#435,.T.);
#1628=EDGE_CURVE('',#1890,#2004,#436,.T.);
#1629=EDGE_CURVE('',#2004,#1942,#132,.T.);
#1630=EDGE_CURVE('',#2004,#1872,#437,.T.);
#1631=EDGE_CURVE('',#1844,#1883,#438,.F.);
#1632=EDGE_CURVE('',#1999,#1861,#2137,.T.);
#1633=EDGE_CURVE('',#2000,#1860,#2138,.T.);
#1634=EDGE_CURVE('',#1859,#1848,#439,.T.);
#1635=EDGE_CURVE('',#2001,#1847,#2139,.T.);
#1636=EDGE_CURVE('',#1998,#1846,#2140,.T.);
#1637=EDGE_CURVE('',#1889,#1867,#2141,.F.);
#1638=EDGE_CURVE('',#1890,#1866,#2142,.T.);
#1639=EDGE_CURVE('',#2004,#1873,#2143,.T.);
#1640=EDGE_CURVE('',#2005,#1931,#133,.F.);
#1641=EDGE_CURVE('',#2005,#2006,#440,.T.);
#1642=EDGE_CURVE('',#2006,#2007,#441,.T.);
#1643=EDGE_CURVE('',#2007,#2008,#2144,.T.);
#1644=EDGE_CURVE('',#2008,#2009,#442,.T.);
#1645=EDGE_CURVE('',#2009,#2010,#443,.T.);
#1646=EDGE_CURVE('',#2010,#1932,#134,.F.);
#1647=EDGE_CURVE('',#2011,#2011,#2145,.T.);
#1648=EDGE_CURVE('',#2010,#2012,#444,.T.);
#1649=EDGE_CURVE('',#2012,#2013,#445,.T.);
#1650=EDGE_CURVE('',#2013,#1933,#446,.T.);
#1651=EDGE_CURVE('',#1930,#2014,#447,.T.);
#1652=EDGE_CURVE('',#2014,#2015,#448,.T.);
#1653=EDGE_CURVE('',#2015,#2005,#449,.T.);
#1654=EDGE_CURVE('',#1924,#2016,#450,.T.);
#1655=EDGE_CURVE('',#2016,#2017,#451,.T.);
#1656=EDGE_CURVE('',#2017,#2018,#452,.T.);
#1657=EDGE_CURVE('',#2018,#1925,#135,.F.);
#1658=EDGE_CURVE('',#2019,#2019,#2146,.T.);
#1659=EDGE_CURVE('',#2020,#1926,#136,.F.);
#1660=EDGE_CURVE('',#2020,#2021,#453,.T.);
#1661=EDGE_CURVE('',#2021,#2022,#454,.T.);
#1662=EDGE_CURVE('',#2022,#1927,#455,.T.);
#1663=EDGE_CURVE('',#1836,#1837,#2147,.F.);
#1664=EDGE_CURVE('',#1820,#2023,#2148,.T.);
#1665=EDGE_CURVE('',#2023,#2020,#456,.T.);
#1666=EDGE_CURVE('',#2018,#1833,#457,.T.);
#1667=EDGE_CURVE('',#1953,#2022,#458,.F.);
#1668=EDGE_CURVE('',#1955,#2021,#2149,.T.);
#1669=EDGE_CURVE('',#1963,#2020,#2150,.T.);
#1670=EDGE_CURVE('',#1882,#2023,#2151,.T.);
#1671=EDGE_CURVE('',#1850,#2018,#2152,.T.);
#1672=EDGE_CURVE('',#1851,#2017,#2153,.T.);
#1673=EDGE_CURVE('',#1958,#2016,#459,.F.);
#1674=EDGE_CURVE('',#1966,#2013,#460,.F.);
#1675=EDGE_CURVE('',#1863,#2012,#461,.F.);
#1676=EDGE_CURVE('',#1864,#2010,#2154,.T.);
#1677=EDGE_CURVE('',#1865,#2009,#2155,.T.);
#1678=EDGE_CURVE('',#1876,#2008,#2156,.T.);
#1679=EDGE_CURVE('',#1877,#2007,#2157,.T.);
#1680=EDGE_CURVE('',#1961,#2006,#2158,.T.);
#1681=EDGE_CURVE('',#1962,#2005,#2159,.T.);
#1682=EDGE_CURVE('',#1956,#2015,#2160,.T.);
#1683=EDGE_CURVE('',#2014,#1954,#462,.F.);
#1684=EDGE_CURVE('',#2024,#2025,#2161,.T.);
#1685=EDGE_CURVE('',#2025,#2024,#463,.T.);
#1686=EDGE_CURVE('',#2026,#2026,#2162,.F.);
#1687=EDGE_CURVE('',#2027,#2028,#2163,.T.);
#1688=EDGE_CURVE('',#2028,#2027,#464,.T.);
#1689=EDGE_CURVE('',#2029,#2030,#2164,.F.);
#1690=EDGE_CURVE('',#2030,#2029,#137,.F.);
#1691=EDGE_CURVE('',#2024,#2025,#465,.T.);
#1692=EDGE_CURVE('',#2027,#2030,#466,.T.);
#1693=EDGE_CURVE('',#2029,#2028,#467,.T.);
#1694=EDGE_CURVE('',#1902,#2025,#2165,.T.);
#1695=EDGE_CURVE('',#2024,#1903,#2166,.T.);
#1696=EDGE_CURVE('',#2030,#1948,#2167,.T.);
#1697=EDGE_CURVE('',#1945,#2027,#2168,.T.);
#1698=EDGE_CURVE('',#1946,#2028,#2169,.T.);
#1699=EDGE_CURVE('',#2029,#1947,#2170,.T.);
#1700=EDGE_CURVE('',#1871,#2031,#138,.T.);
#1701=EDGE_CURVE('',#2031,#1993,#139,.T.);
#1702=EDGE_CURVE('',#1943,#2032,#140,.T.);
#1703=EDGE_CURVE('',#2032,#2033,#141,.T.);
#1704=EDGE_CURVE('',#1944,#2033,#142,.T.);
#1705=EDGE_CURVE('',#2034,#2035,#468,.T.);
#1706=EDGE_CURVE('',#2035,#2031,#469,.T.);
#1707=EDGE_CURVE('',#2033,#2034,#470,.T.);
#1708=EDGE_CURVE('',#2036,#2037,#471,.T.);
#1709=EDGE_CURVE('',#2037,#2032,#472,.T.);
#1710=EDGE_CURVE('',#1997,#2038,#143,.T.);
#1711=EDGE_CURVE('',#2038,#2036,#473,.T.);
#1712=EDGE_CURVE('',#1994,#2038,#144,.T.);
#1713=EDGE_CURVE('',#2038,#1978,#2171,.T.);
#1714=EDGE_CURVE('',#2036,#1897,#2172,.T.);
#1715=EDGE_CURVE('',#2037,#1896,#2173,.T.);
#1716=EDGE_CURVE('',#2032,#1909,#2174,.T.);
#1717=EDGE_CURVE('',#2033,#1908,#2175,.T.);
#1718=EDGE_CURVE('',#2034,#1906,#2176,.T.);
#1719=EDGE_CURVE('',#2035,#1977,#2177,.T.);
#1720=EDGE_CURVE('',#2031,#1976,#2178,.T.);
#1721=EDGE_CURVE('',#1823,#2039,#145,.T.);
#1722=EDGE_CURVE('',#2039,#2040,#2179,.F.);
#1723=EDGE_CURVE('',#1825,#2040,#146,.T.);
#1724=EDGE_CURVE('',#2040,#2041,#2180,.F.);
#1725=EDGE_CURVE('',#1828,#2041,#147,.T.);
#1726=EDGE_CURVE('',#2041,#1834,#2181,.T.);
#1727=EDGE_CURVE('',#1839,#2039,#2182,.F.);
#1728=EDGE_CURVE('',#2042,#2043,#2183,.T.);
#1729=EDGE_CURVE('',#2043,#2044,#474,.T.);
#1730=EDGE_CURVE('',#2044,#2042,#475,.T.);
#1731=EDGE_CURVE('',#2045,#2046,#148,.T.);
#1732=EDGE_CURVE('',#2046,#2047,#2184,.F.);
#1733=EDGE_CURVE('',#2048,#2047,#149,.T.);
#1734=EDGE_CURVE('',#2048,#2045,#2185,.F.);
#1735=EDGE_CURVE('',#2047,#2049,#2186,.F.);
#1736=EDGE_CURVE('',#2050,#2049,#150,.T.);
#1737=EDGE_CURVE('',#2050,#2051,#476,.T.);
#1738=EDGE_CURVE('',#2051,#2048,#2187,.T.);
#1739=EDGE_CURVE('',#2052,#2053,#151,.T.);
#1740=EDGE_CURVE('',#2053,#2046,#2188,.F.);
#1741=EDGE_CURVE('',#2045,#2054,#2189,.T.);
#1742=EDGE_CURVE('',#2054,#2052,#477,.T.);
#1743=EDGE_CURVE('',#2049,#2055,#2190,.T.);
#1744=EDGE_CURVE('',#2055,#2056,#152,.F.);
#1745=EDGE_CURVE('',#2056,#2050,#478,.T.);
#1746=EDGE_CURVE('',#1886,#2057,#2191,.T.);
#1747=EDGE_CURVE('',#2057,#2058,#2192,.T.);
#1748=EDGE_CURVE('',#2058,#1887,#2193,.T.);
#1749=EDGE_CURVE('',#2059,#2060,#153,.T.);
#1750=EDGE_CURVE('',#2060,#2061,#2194,.F.);
#1751=EDGE_CURVE('',#2062,#2061,#154,.T.);
#1752=EDGE_CURVE('',#2062,#2063,#2195,.T.);
#1753=EDGE_CURVE('',#2063,#2059,#479,.T.);
#1754=EDGE_CURVE('',#2061,#2064,#2196,.F.);
#1755=EDGE_CURVE('',#2065,#2064,#155,.T.);
#1756=EDGE_CURVE('',#2065,#2062,#2197,.F.);
#1757=EDGE_CURVE('',#2066,#2067,#156,.T.);
#1758=EDGE_CURVE('',#2067,#2060,#2198,.T.);
#1759=EDGE_CURVE('',#2059,#2066,#480,.T.);
#1760=EDGE_CURVE('',#2064,#2067,#2199,.F.);
#1761=EDGE_CURVE('',#2066,#2068,#481,.T.);
#1762=EDGE_CURVE('',#2068,#2065,#2200,.T.);
#1763=EDGE_CURVE('',#2069,#2070,#157,.T.);
#1764=EDGE_CURVE('',#2070,#2071,#2201,.F.);
#1765=EDGE_CURVE('',#2072,#2071,#158,.T.);
#1766=EDGE_CURVE('',#2072,#2069,#2202,.F.);
#1767=EDGE_CURVE('',#2071,#2073,#2203,.F.);
#1768=EDGE_CURVE('',#2074,#2073,#159,.T.);
#1769=EDGE_CURVE('',#2074,#2075,#482,.T.);
#1770=EDGE_CURVE('',#2075,#2072,#2204,.T.);
#1771=EDGE_CURVE('',#2073,#2076,#2205,.T.);
#1772=EDGE_CURVE('',#2077,#2076,#160,.T.);
#1773=EDGE_CURVE('',#2077,#2074,#483,.T.);
#1774=EDGE_CURVE('',#2076,#2070,#2206,.F.);
#1775=EDGE_CURVE('',#2069,#2078,#2207,.T.);
#1776=EDGE_CURVE('',#2078,#2077,#484,.T.);
#1777=EDGE_CURVE('',#1888,#2053,#2208,.F.);
#1778=EDGE_CURVE('',#1889,#2052,#2209,.T.);
#1779=EDGE_CURVE('',#1867,#2052,#2210,.T.);
#1780=EDGE_CURVE('',#1868,#2054,#2211,.T.);
#1781=EDGE_CURVE('',#1874,#2045,#2212,.T.);
#1782=EDGE_CURVE('',#1874,#2048,#2213,.T.);
#1783=EDGE_CURVE('',#1840,#2051,#2214,.T.);
#1784=EDGE_CURVE('',#1841,#2050,#2215,.T.);
#1785=EDGE_CURVE('',#1842,#2056,#2216,.T.);
#1786=EDGE_CURVE('',#1884,#2056,#2217,.T.);
#1787=EDGE_CURVE('',#2055,#1885,#2218,.F.);
#1788=EDGE_CURVE('',#1875,#2062,#2219,.T.);
#1789=EDGE_CURVE('',#2063,#1849,#2220,.T.);
#1790=EDGE_CURVE('',#2059,#1858,#2221,.T.);
#1791=EDGE_CURVE('',#1875,#2065,#2222,.T.);
#1792=EDGE_CURVE('',#2066,#1857,#2223,.T.);
#1793=EDGE_CURVE('',#1856,#2068,#2224,.T.);
#1794=EDGE_CURVE('',#2072,#1880,#2225,.T.);
#1795=EDGE_CURVE('',#1881,#2075,#2226,.T.);
#1796=EDGE_CURVE('',#1959,#2074,#2227,.T.);
#1797=EDGE_CURVE('',#2069,#1880,#2228,.T.);
#1798=EDGE_CURVE('',#1960,#2077,#2229,.T.);
#1799=EDGE_CURVE('',#2078,#1879,#2230,.T.);
#1800=EDGE_CURVE('',#1836,#2079,#485,.F.);
#1801=EDGE_CURVE('',#2079,#1837,#486,.T.);
#1802=EDGE_CURVE('',#2040,#2041,#2231,.T.);
#1803=EDGE_CURVE('',#2043,#2039,#2232,.T.);
#1804=EDGE_CURVE('',#1834,#2042,#2233,.T.);
#1805=EDGE_CURVE('',#2043,#1839,#2234,.T.);
#1806=EDGE_CURVE('',#2044,#2080,#487,.F.);
#1807=EDGE_CURVE('',#2080,#1838,#2235,.T.);
#1808=EDGE_CURVE('',#1835,#2081,#2236,.T.);
#1809=EDGE_CURVE('',#2081,#2080,#488,.T.);
#1810=EDGE_CURVE('',#2079,#2081,#489,.T.);
#1811=EDGE_CURVE('',#2070,#2076,#2237,.T.);
#1812=EDGE_CURVE('',#2071,#2073,#2238,.T.);
#1813=EDGE_CURVE('',#2067,#2064,#2239,.T.);
#1814=EDGE_CURVE('',#2060,#2061,#2240,.T.);
#1815=EDGE_CURVE('',#2053,#2058,#2241,.T.);
#1816=EDGE_CURVE('',#2046,#2058,#2242,.T.);
#1817=EDGE_CURVE('',#2047,#2049,#2243,.T.);
#1818=EDGE_CURVE('',#2055,#2057,#2244,.T.);
#1819=VERTEX_POINT('',#3837);
#1820=VERTEX_POINT('',#3838);
#1821=VERTEX_POINT('',#3845);
#1822=VERTEX_POINT('',#3847);
#1823=VERTEX_POINT('',#3855);
#1824=VERTEX_POINT('',#3857);
#1825=VERTEX_POINT('',#3861);
#1826=VERTEX_POINT('',#3865);
#1827=VERTEX_POINT('',#3867);
#1828=VERTEX_POINT('',#3889);
#1829=VERTEX_POINT('',#3891);
#1830=VERTEX_POINT('',#3923);
#1831=VERTEX_POINT('',#3925);
#1832=VERTEX_POINT('',#3959);
#1833=VERTEX_POINT('',#3961);
#1834=VERTEX_POINT('',#3983);
#1835=VERTEX_POINT('',#3984);
#1836=VERTEX_POINT('',#3991);
#1837=VERTEX_POINT('',#4016);
#1838=VERTEX_POINT('',#4023);
#1839=VERTEX_POINT('',#4028);
#1840=VERTEX_POINT('',#4061);
#1841=VERTEX_POINT('',#4062);
#1842=VERTEX_POINT('',#4067);
#1843=VERTEX_POINT('',#4072);
#1844=VERTEX_POINT('',#4079);
#1845=VERTEX_POINT('',#4085);
#1846=VERTEX_POINT('',#4091);
#1847=VERTEX_POINT('',#4096);
#1848=VERTEX_POINT('',#4104);
#1849=VERTEX_POINT('',#4109);
#1850=VERTEX_POINT('',#4175);
#1851=VERTEX_POINT('',#4180);
#1852=VERTEX_POINT('',#4187);
#1853=VERTEX_POINT('',#4193);
#1854=VERTEX_POINT('',#4195);
#1855=VERTEX_POINT('',#4270);
#1856=VERTEX_POINT('',#4271);
#1857=VERTEX_POINT('',#4277);
#1858=VERTEX_POINT('',#4285);
#1859=VERTEX_POINT('',#4290);
#1860=VERTEX_POINT('',#4295);
#1861=VERTEX_POINT('',#4300);
#1862=VERTEX_POINT('',#4306);
#1863=VERTEX_POINT('',#4314);
#1864=VERTEX_POINT('',#4319);
#1865=VERTEX_POINT('',#4325);
#1866=VERTEX_POINT('',#4358);
#1867=VERTEX_POINT('',#4359);
#1868=VERTEX_POINT('',#4364);
#1869=VERTEX_POINT('',#4369);
#1870=VERTEX_POINT('',#4371);
#1871=VERTEX_POINT('',#4377);
#1872=VERTEX_POINT('',#4382);
#1873=VERTEX_POINT('',#4388);
#1874=VERTEX_POINT('',#4396);
#1875=VERTEX_POINT('',#4399);
#1876=VERTEX_POINT('',#4402);
#1877=VERTEX_POINT('',#4404);
#1878=VERTEX_POINT('',#4406);
#1879=VERTEX_POINT('',#4411);
#1880=VERTEX_POINT('',#4413);
#1881=VERTEX_POINT('',#4415);
#1882=VERTEX_POINT('',#4421);
#1883=VERTEX_POINT('',#4428);
#1884=VERTEX_POINT('',#4429);
#1885=VERTEX_POINT('',#4431);
#1886=VERTEX_POINT('',#4437);
#1887=VERTEX_POINT('',#4439);
#1888=VERTEX_POINT('',#4445);
#1889=VERTEX_POINT('',#4447);
#1890=VERTEX_POINT('',#4452);
#1891=VERTEX_POINT('',#4454);
#1892=VERTEX_POINT('',#4456);
#1893=VERTEX_POINT('',#4626);
#1894=VERTEX_POINT('',#4627);
#1895=VERTEX_POINT('',#4651);
#1896=VERTEX_POINT('',#4653);
#1897=VERTEX_POINT('',#4659);
#1898=VERTEX_POINT('',#4676);
#1899=VERTEX_POINT('',#4681);
#1900=VERTEX_POINT('',#4688);
#1901=VERTEX_POINT('',#4693);
#1902=VERTEX_POINT('',#4706);
#1903=VERTEX_POINT('',#4707);
#1904=VERTEX_POINT('',#4730);
#1905=VERTEX_POINT('',#4735);
#1906=VERTEX_POINT('',#4739);
#1907=VERTEX_POINT('',#4740);
#1908=VERTEX_POINT('',#4745);
#1909=VERTEX_POINT('',#4747);
#1910=VERTEX_POINT('',#4762);
#1911=VERTEX_POINT('',#4764);
#1912=VERTEX_POINT('',#4793);
#1913=VERTEX_POINT('',#4794);
#1914=VERTEX_POINT('',#4855);
#1915=VERTEX_POINT('',#4857);
#1916=VERTEX_POINT('',#4920);
#1917=VERTEX_POINT('',#4922);
#1918=VERTEX_POINT('',#4924);
#1919=VERTEX_POINT('',#4926);
#1920=VERTEX_POINT('',#4929);
#1921=VERTEX_POINT('',#4989);
#1922=VERTEX_POINT('',#4991);
#1923=VERTEX_POINT('',#4993);
#1924=VERTEX_POINT('',#4999);
#1925=VERTEX_POINT('',#5001);
#1926=VERTEX_POINT('',#5003);
#1927=VERTEX_POINT('',#5005);
#1928=VERTEX_POINT('',#5011);
#1929=VERTEX_POINT('',#5013);
#1930=VERTEX_POINT('',#5019);
#1931=VERTEX_POINT('',#5021);
#1932=VERTEX_POINT('',#5023);
#1933=VERTEX_POINT('',#5025);
#1934=VERTEX_POINT('',#5031);
#1935=VERTEX_POINT('',#5033);
#1936=VERTEX_POINT('',#5035);
#1937=VERTEX_POINT('',#5037);
#1938=VERTEX_POINT('',#5039);
#1939=VERTEX_POINT('',#5041);
#1940=VERTEX_POINT('',#5043);
#1941=VERTEX_POINT('',#5045);
#1942=VERTEX_POINT('',#5048);
#1943=VERTEX_POINT('',#5055);
#1944=VERTEX_POINT('',#5057);
#1945=VERTEX_POINT('',#5078);
#1946=VERTEX_POINT('',#5079);
#1947=VERTEX_POINT('',#5087);
#1948=VERTEX_POINT('',#5089);
#1949=VERTEX_POINT('',#5098);
#1950=VERTEX_POINT('',#5099);
#1951=VERTEX_POINT('',#5104);
#1952=VERTEX_POINT('',#5106);
#1953=VERTEX_POINT('',#5133);
#1954=VERTEX_POINT('',#5134);
#1955=VERTEX_POINT('',#5139);
#1956=VERTEX_POINT('',#5149);
#1957=VERTEX_POINT('',#5165);
#1958=VERTEX_POINT('',#5171);
#1959=VERTEX_POINT('',#5264);
#1960=VERTEX_POINT('',#5265);
#1961=VERTEX_POINT('',#5272);
#1962=VERTEX_POINT('',#5278);
#1963=VERTEX_POINT('',#5287);
#1964=VERTEX_POINT('',#5313);
#1965=VERTEX_POINT('',#5314);
#1966=VERTEX_POINT('',#5341);
#1967=VERTEX_POINT('',#5348);
#1968=VERTEX_POINT('',#5363);
#1969=VERTEX_POINT('',#5364);
#1970=VERTEX_POINT('',#5369);
#1971=VERTEX_POINT('',#5374);
#1972=VERTEX_POINT('',#5392);
#1973=VERTEX_POINT('',#5393);
#1974=VERTEX_POINT('',#5398);
#1975=VERTEX_POINT('',#5489);
#1976=VERTEX_POINT('',#5491);
#1977=VERTEX_POINT('',#5496);
#1978=VERTEX_POINT('',#5536);
#1979=VERTEX_POINT('',#5538);
#1980=VERTEX_POINT('',#5606);
#1981=VERTEX_POINT('',#5608);
#1982=VERTEX_POINT('',#5615);
#1983=VERTEX_POINT('',#5616);
#1984=VERTEX_POINT('',#5625);
#1985=VERTEX_POINT('',#5642);
#1986=VERTEX_POINT('',#5864);
#1987=VERTEX_POINT('',#5865);
#1988=VERTEX_POINT('',#5868);
#1989=VERTEX_POINT('',#5873);
#1990=VERTEX_POINT('',#5916);
#1991=VERTEX_POINT('',#5917);
#1992=VERTEX_POINT('',#5981);
#1993=VERTEX_POINT('',#6221);
#1994=VERTEX_POINT('',#6224);
#1995=VERTEX_POINT('',#6226);
#1996=VERTEX_POINT('',#6286);
#1997=VERTEX_POINT('',#6371);
#1998=VERTEX_POINT('',#6382);
#1999=VERTEX_POINT('',#6395);
#2000=VERTEX_POINT('',#6402);
#2001=VERTEX_POINT('',#6416);
#2002=VERTEX_POINT('',#6437);
#2003=VERTEX_POINT('',#6464);
#2004=VERTEX_POINT('',#6470);
#2005=VERTEX_POINT('',#6678);
#2006=VERTEX_POINT('',#6685);
#2007=VERTEX_POINT('',#6690);
#2008=VERTEX_POINT('',#6692);
#2009=VERTEX_POINT('',#6697);
#2010=VERTEX_POINT('',#6704);
#2011=VERTEX_POINT('',#6708);
#2012=VERTEX_POINT('',#6714);
#2013=VERTEX_POINT('',#6719);
#2014=VERTEX_POINT('',#6729);
#2015=VERTEX_POINT('',#6734);
#2016=VERTEX_POINT('',#6744);
#2017=VERTEX_POINT('',#6749);
#2018=VERTEX_POINT('',#6754);
#2019=VERTEX_POINT('',#6758);
#2020=VERTEX_POINT('',#6761);
#2021=VERTEX_POINT('',#6766);
#2022=VERTEX_POINT('',#6771);
#2023=VERTEX_POINT('',#6779);
#2024=VERTEX_POINT('',#7061);
#2025=VERTEX_POINT('',#7062);
#2026=VERTEX_POINT('',#7078);
#2027=VERTEX_POINT('',#7081);
#2028=VERTEX_POINT('',#7082);
#2029=VERTEX_POINT('',#7092);
#2030=VERTEX_POINT('',#7093);
#2031=VERTEX_POINT('',#7262);
#2032=VERTEX_POINT('',#7266);
#2033=VERTEX_POINT('',#7268);
#2034=VERTEX_POINT('',#7276);
#2035=VERTEX_POINT('',#7277);
#2036=VERTEX_POINT('',#7292);
#2037=VERTEX_POINT('',#7293);
#2038=VERTEX_POINT('',#7299);
#2039=VERTEX_POINT('',#7397);
#2040=VERTEX_POINT('',#7399);
#2041=VERTEX_POINT('',#7403);
#2042=VERTEX_POINT('',#7411);
#2043=VERTEX_POINT('',#7412);
#2044=VERTEX_POINT('',#7417);
#2045=VERTEX_POINT('',#7424);
#2046=VERTEX_POINT('',#7425);
#2047=VERTEX_POINT('',#7427);
#2048=VERTEX_POINT('',#7429);
#2049=VERTEX_POINT('',#7433);
#2050=VERTEX_POINT('',#7435);
#2051=VERTEX_POINT('',#7443);
#2052=VERTEX_POINT('',#7447);
#2053=VERTEX_POINT('',#7448);
#2054=VERTEX_POINT('',#7451);
#2055=VERTEX_POINT('',#7458);
#2056=VERTEX_POINT('',#7460);
#2057=VERTEX_POINT('',#7467);
#2058=VERTEX_POINT('',#7469);
#2059=VERTEX_POINT('',#7473);
#2060=VERTEX_POINT('',#7474);
#2061=VERTEX_POINT('',#7476);
#2062=VERTEX_POINT('',#7478);
#2063=VERTEX_POINT('',#7480);
#2064=VERTEX_POINT('',#7490);
#2065=VERTEX_POINT('',#7492);
#2066=VERTEX_POINT('',#7496);
#2067=VERTEX_POINT('',#7497);
#2068=VERTEX_POINT('',#7513);
#2069=VERTEX_POINT('',#7517);
#2070=VERTEX_POINT('',#7518);
#2071=VERTEX_POINT('',#7520);
#2072=VERTEX_POINT('',#7522);
#2073=VERTEX_POINT('',#7526);
#2074=VERTEX_POINT('',#7528);
#2075=VERTEX_POINT('',#7536);
#2076=VERTEX_POINT('',#7540);
#2077=VERTEX_POINT('',#7542);
#2078=VERTEX_POINT('',#7553);
#2079=VERTEX_POINT('',#7777);
#2080=VERTEX_POINT('',#7805);
#2081=VERTEX_POINT('',#7820);
#2082=CIRCLE('',#2935,0.001);
#2083=CIRCLE('',#2936,0.001);
#2084=CIRCLE('',#2938,0.001);
#2085=CIRCLE('',#2939,0.001);
#2086=CIRCLE('',#2940,0.002);
#2087=CIRCLE('',#2942,0.001);
#2088=CIRCLE('',#2943,0.001);
#2089=CIRCLE('',#2945,0.001);
#2090=CIRCLE('',#2946,0.001);
#2091=CIRCLE('',#2947,0.002);
#2092=CIRCLE('',#2948,0.001);
#2093=CIRCLE('',#2949,0.001);
#2094=CIRCLE('',#2950,0.001);
#2095=CIRCLE('',#2951,0.0064);
#2096=CIRCLE('',#2952,0.0064);
#2097=CIRCLE('',#2953,0.0064);
#2098=CIRCLE('',#2955,0.002);
#2099=CIRCLE('',#2956,0.002);
#2100=CIRCLE('',#2957,0.002);
#2101=CIRCLE('',#2958,0.002);
#2102=CIRCLE('',#2959,0.00491911648713254);
#2103=CIRCLE('',#2960,0.002);
#2104=CIRCLE('',#2961,0.002);
#2105=CIRCLE('',#2962,0.00491911648712922);
#2106=CIRCLE('',#2964,0.002);
#2107=CIRCLE('',#2965,0.002);
#2108=CIRCLE('',#2966,0.001);
#2109=CIRCLE('',#2967,0.001);
#2110=CIRCLE('',#2968,0.008);
#2111=CIRCLE('',#2969,0.008);
#2112=CIRCLE('',#2971,0.008);
#2113=CIRCLE('',#2974,0.001);
#2114=CIRCLE('',#2975,0.001);
#2115=CIRCLE('',#2976,0.001);
#2116=CIRCLE('',#2977,0.001);
#2117=CIRCLE('',#2979,0.00199999999999668);
#2118=CIRCLE('',#2981,0.002);
#2119=CIRCLE('',#2983,0.002);
#2120=CIRCLE('',#2984,0.002);
#2121=CIRCLE('',#2985,0.002);
#2122=CIRCLE('',#2987,0.002);
#2123=CIRCLE('',#2988,0.00121741392988093);
#2124=CIRCLE('',#2992,0.008);
#2125=CIRCLE('',#2993,0.0064);
#2126=CIRCLE('',#2995,0.00300000000000023);
#2127=CIRCLE('',#2996,0.00300000000000023);
#2128=CIRCLE('',#2998,0.001);
#2129=CIRCLE('',#2999,0.001);
#2130=CIRCLE('',#3002,0.00220000000000023);
#2131=CIRCLE('',#3004,0.003);
#2132=CIRCLE('',#3005,0.003);
#2133=CIRCLE('',#3007,0.003);
#2134=CIRCLE('',#3008,0.003);
#2135=CIRCLE('',#3010,0.0005);
#2136=CIRCLE('',#3011,0.0005);
#2137=CIRCLE('',#3024,0.001);
#2138=CIRCLE('',#3025,0.001);
#2139=CIRCLE('',#3026,0.001);
#2140=CIRCLE('',#3027,0.001);
#2141=CIRCLE('',#3028,0.001);
#2142=CIRCLE('',#3029,0.001);
#2143=CIRCLE('',#3030,0.001);
#2144=CIRCLE('',#3032,0.00293858034964941);
#2145=CIRCLE('',#3034,0.001);
#2146=CIRCLE('',#3039,0.001);
#2147=CIRCLE('',#3042,0.00239199271573507);
#2148=CIRCLE('',#3043,0.00293858034964608);
#2149=CIRCLE('',#3044,0.002);
#2150=CIRCLE('',#3045,0.002);
#2151=CIRCLE('',#3046,0.002);
#2152=CIRCLE('',#3048,0.002);
#2153=CIRCLE('',#3049,0.002);
#2154=CIRCLE('',#3050,0.002);
#2155=CIRCLE('',#3051,0.002);
#2156=CIRCLE('',#3052,0.002);
#2157=CIRCLE('',#3054,0.002);
#2158=CIRCLE('',#3055,0.002);
#2159=CIRCLE('',#3056,0.002);
#2160=CIRCLE('',#3057,0.002);
#2161=CIRCLE('',#3059,0.0022);
#2162=CIRCLE('',#3061,0.0012);
#2163=CIRCLE('',#3063,0.0022);
#2164=CIRCLE('',#3065,0.0012);
#2165=CIRCLE('',#3068,0.001);
#2166=CIRCLE('',#3069,0.001);
#2167=CIRCLE('',#3070,0.001);
#2168=CIRCLE('',#3071,0.001);
#2169=CIRCLE('',#3072,0.001);
#2170=CIRCLE('',#3074,0.001);
#2171=CIRCLE('',#3081,0.0005);
#2172=CIRCLE('',#3082,0.0005);
#2173=CIRCLE('',#3083,0.0005);
#2174=CIRCLE('',#3084,0.0005);
#2175=CIRCLE('',#3086,0.0005);
#2176=CIRCLE('',#3087,0.0005);
#2177=CIRCLE('',#3088,0.0005);
#2178=CIRCLE('',#3089,0.0005);
#2179=CIRCLE('',#3092,0.001);
#2180=CIRCLE('',#3094,0.001);
#2181=CIRCLE('',#3096,0.003);
#2182=CIRCLE('',#3098,0.001);
#2183=CIRCLE('',#3100,0.002);
#2184=CIRCLE('',#3102,0.001);
#2185=CIRCLE('',#3103,0.001);
#2186=CIRCLE('',#3105,0.001);
#2187=CIRCLE('',#3106,0.001);
#2188=CIRCLE('',#3108,0.001);
#2189=CIRCLE('',#3109,0.001);
#2190=CIRCLE('',#3111,0.003);
#2191=CIRCLE('',#3113,0.002);
#2192=CIRCLE('',#3114,0.002);
#2193=CIRCLE('',#3115,0.002);
#2194=CIRCLE('',#3117,0.001);
#2195=CIRCLE('',#3118,0.001);
#2196=CIRCLE('',#3120,0.001);
#2197=CIRCLE('',#3121,0.001);
#2198=CIRCLE('',#3123,0.003);
#2199=CIRCLE('',#3125,0.001);
#2200=CIRCLE('',#3126,0.001);
#2201=CIRCLE('',#3128,0.001);
#2202=CIRCLE('',#3129,0.001);
#2203=CIRCLE('',#3131,0.001);
#2204=CIRCLE('',#3132,0.001);
#2205=CIRCLE('',#3134,0.003);
#2206=CIRCLE('',#3136,0.001);
#2207=CIRCLE('',#3137,0.001);
#2208=CIRCLE('',#3139,0.001);
#2209=CIRCLE('',#3140,0.001);
#2210=CIRCLE('',#3142,0.001);
#2211=CIRCLE('',#3143,0.001);
#2212=CIRCLE('',#3145,0.001);
#2213=CIRCLE('',#3147,0.001);
#2214=CIRCLE('',#3149,0.001);
#2215=CIRCLE('',#3150,0.001);
#2216=CIRCLE('',#3151,0.001);
#2217=CIRCLE('',#3153,0.001);
#2218=CIRCLE('',#3155,0.001);
#2219=CIRCLE('',#3157,0.001);
#2220=CIRCLE('',#3158,0.001);
#2221=CIRCLE('',#3159,0.001);
#2222=CIRCLE('',#3161,0.001);
#2223=CIRCLE('',#3162,0.001);
#2224=CIRCLE('',#3164,0.001);
#2225=CIRCLE('',#3166,0.001);
#2226=CIRCLE('',#3167,0.001);
#2227=CIRCLE('',#3168,0.001);
#2228=CIRCLE('',#3170,0.001);
#2229=CIRCLE('',#3171,0.001);
#2230=CIRCLE('',#3173,0.001);
#2231=CIRCLE('',#3176,0.001);
#2232=CIRCLE('',#3177,0.001);
#2233=CIRCLE('',#3178,0.001);
#2234=CIRCLE('',#3181,0.001);
#2235=CIRCLE('',#3182,0.001);
#2236=CIRCLE('',#3183,0.001);
#2237=CIRCLE('',#3185,0.001);
#2238=CIRCLE('',#3187,0.001);
#2239=CIRCLE('',#3190,0.001);
#2240=CIRCLE('',#3192,0.001);
#2241=CIRCLE('',#3195,0.001);
#2242=CIRCLE('',#3197,0.001);
#2243=CIRCLE('',#3199,0.001);
#2244=CIRCLE('',#3200,0.001);
#2245=EDGE_LOOP('',(#490,#491,#492,#493));
#2246=EDGE_LOOP('',(#494,#495,#496,#497));
#2247=EDGE_LOOP('',(#498,#499,#500));
#2248=EDGE_LOOP('',(#501,#502,#503,#504));
#2249=EDGE_LOOP('',(#505,#506,#507,#508));
#2250=EDGE_LOOP('',(#509,#510,#511,#512));
#2251=EDGE_LOOP('',(#513,#514,#515,#516));
#2252=EDGE_LOOP('',(#517,#518,#519,#520,#521));
#2253=EDGE_LOOP('',(#522,#523,#524,#525,#526));
#2254=EDGE_LOOP('',(#527,#528,#529,#530,#531,#532,#533,#534,#535,#536));
#2255=EDGE_LOOP('',(#537,#538,#539,#540,#541,#542,#543,#544));
#2256=EDGE_LOOP('',(#545,#546,#547,#548,#549,#550,#551,#552,#553,#554,#555));
#2257=EDGE_LOOP('',(#556,#557,#558,#559,#560,#561,#562,#563));
#2258=EDGE_LOOP('',(#564,#565,#566,#567,#568,#569,#570,#571,#572,#573,#574,
#575,#576,#577,#578,#579,#580,#581,#582));
#2259=EDGE_LOOP('',(#583,#584,#585,#586,#587,#588,#589,#590,#591,#592));
#2260=EDGE_LOOP('',(#593,#594,#595,#596));
#2261=EDGE_LOOP('',(#597,#598,#599,#600,#601,#602,#603,#604,#605,#606));
#2262=EDGE_LOOP('',(#607,#608));
#2263=EDGE_LOOP('',(#609,#610,#611,#612));
#2264=EDGE_LOOP('',(#613,#614,#615,#616,#617,#618));
#2265=EDGE_LOOP('',(#619,#620,#621,#622));
#2266=EDGE_LOOP('',(#623,#624,#625,#626));
#2267=EDGE_LOOP('',(#627));
#2268=EDGE_LOOP('',(#628));
#2269=EDGE_LOOP('',(#629));
#2270=EDGE_LOOP('',(#630));
#2271=EDGE_LOOP('',(#631,#632,#633,#634,#635,#636,#637,#638,#639,#640,#641,
#642,#643,#644,#645,#646,#647,#648,#649,#650,#651,#652,#653,#654,#655,#656,
#657,#658,#659));
#2272=EDGE_LOOP('',(#660,#661,#662,#663,#664,#665));
#2273=EDGE_LOOP('',(#666,#667,#668));
#2274=EDGE_LOOP('',(#669,#670,#671,#672));
#2275=EDGE_LOOP('',(#673,#674,#675,#676,#677,#678));
#2276=EDGE_LOOP('',(#679,#680,#681,#682));
#2277=EDGE_LOOP('',(#683,#684,#685,#686));
#2278=EDGE_LOOP('',(#687,#688,#689,#690,#691,#692,#693,#694,#695,#696,#697));
#2279=EDGE_LOOP('',(#698,#699,#700,#701));
#2280=EDGE_LOOP('',(#702,#703,#704,#705));
#2281=EDGE_LOOP('',(#706,#707,#708,#709));
#2282=EDGE_LOOP('',(#710,#711,#712,#713));
#2283=EDGE_LOOP('',(#714,#715,#716,#717));
#2284=EDGE_LOOP('',(#718,#719,#720,#721,#722));
#2285=EDGE_LOOP('',(#723,#724,#725,#726,#727));
#2286=EDGE_LOOP('',(#728,#729,#730,#731,#732,#733));
#2287=EDGE_LOOP('',(#734,#735));
#2288=EDGE_LOOP('',(#736));
#2289=EDGE_LOOP('',(#737,#738,#739,#740));
#2290=EDGE_LOOP('',(#741,#742,#743,#744));
#2291=EDGE_LOOP('',(#745,#746,#747,#748));
#2292=EDGE_LOOP('',(#749,#750,#751,#752,#753,#754,#755));
#2293=EDGE_LOOP('',(#756,#757,#758,#759,#760,#761));
#2294=EDGE_LOOP('',(#762,#763,#764,#765,#766,#767));
#2295=EDGE_LOOP('',(#768,#769,#770,#771));
#2296=EDGE_LOOP('',(#772,#773,#774,#775,#776));
#2297=EDGE_LOOP('',(#777,#778,#779));
#2298=EDGE_LOOP('',(#780,#781,#782,#783));
#2299=EDGE_LOOP('',(#784,#785,#786,#787,#788,#789));
#2300=EDGE_LOOP('',(#790,#791,#792,#793));
#2301=EDGE_LOOP('',(#794,#795,#796,#797,#798));
#2302=EDGE_LOOP('',(#799,#800,#801,#802,#803,#804,#805,#806,#807,#808,#809,
#810));
#2303=EDGE_LOOP('',(#811));
#2304=EDGE_LOOP('',(#812,#813,#814,#815));
#2305=EDGE_LOOP('',(#816,#817,#818,#819));
#2306=EDGE_LOOP('',(#820,#821,#822,#823));
#2307=EDGE_LOOP('',(#824,#825,#826));
#2308=EDGE_LOOP('',(#827,#828,#829,#830));
#2309=EDGE_LOOP('',(#831,#832,#833,#834,#835));
#2310=EDGE_LOOP('',(#836,#837,#838,#839,#840));
#2311=EDGE_LOOP('',(#841,#842,#843,#844,#845));
#2312=EDGE_LOOP('',(#846,#847,#848,#849));
#2313=EDGE_LOOP('',(#850,#851,#852,#853));
#2314=EDGE_LOOP('',(#854,#855,#856,#857));
#2315=EDGE_LOOP('',(#858));
#2316=EDGE_LOOP('',(#859));
#2317=EDGE_LOOP('',(#860));
#2318=EDGE_LOOP('',(#861));
#2319=EDGE_LOOP('',(#862));
#2320=EDGE_LOOP('',(#863,#864,#865,#866));
#2321=EDGE_LOOP('',(#867,#868,#869,#870,#871));
#2322=EDGE_LOOP('',(#872,#873,#874,#875,#876));
#2323=EDGE_LOOP('',(#877));
#2324=EDGE_LOOP('',(#878,#879,#880));
#2325=EDGE_LOOP('',(#881,#882,#883,#884));
#2326=EDGE_LOOP('',(#885,#886,#887,#888,#889,#890));
#2327=EDGE_LOOP('',(#891,#892,#893,#894));
#2328=EDGE_LOOP('',(#895,#896,#897));
#2329=EDGE_LOOP('',(#898,#899,#900));
#2330=EDGE_LOOP('',(#901,#902,#903,#904));
#2331=EDGE_LOOP('',(#905,#906,#907,#908));
#2332=EDGE_LOOP('',(#909,#910,#911));
#2333=EDGE_LOOP('',(#912,#913,#914,#915,#916,#917,#918,#919));
#2334=EDGE_LOOP('',(#920));
#2335=EDGE_LOOP('',(#921));
#2336=EDGE_LOOP('',(#922,#923,#924,#925,#926));
#2337=EDGE_LOOP('',(#927,#928,#929,#930,#931));
#2338=EDGE_LOOP('',(#932,#933,#934,#935,#936));
#2339=EDGE_LOOP('',(#937));
#2340=EDGE_LOOP('',(#938));
#2341=EDGE_LOOP('',(#939,#940,#941,#942,#943));
#2342=EDGE_LOOP('',(#944,#945,#946,#947,#948,#949,#950,#951,#952));
#2343=EDGE_LOOP('',(#953,#954,#955,#956));
#2344=EDGE_LOOP('',(#957,#958,#959,#960));
#2345=EDGE_LOOP('',(#961,#962,#963,#964));
#2346=EDGE_LOOP('',(#965,#966,#967,#968));
#2347=EDGE_LOOP('',(#969,#970,#971,#972));
#2348=EDGE_LOOP('',(#973,#974,#975,#976));
#2349=EDGE_LOOP('',(#977,#978,#979,#980));
#2350=EDGE_LOOP('',(#981,#982,#983,#984));
#2351=EDGE_LOOP('',(#985,#986,#987,#988));
#2352=EDGE_LOOP('',(#989,#990,#991,#992));
#2353=EDGE_LOOP('',(#993,#994,#995,#996));
#2354=EDGE_LOOP('',(#997,#998,#999,#1000));
#2355=EDGE_LOOP('',(#1001,#1002,#1003,#1004));
#2356=EDGE_LOOP('',(#1005,#1006,#1007,#1008));
#2357=EDGE_LOOP('',(#1009,#1010,#1011,#1012));
#2358=EDGE_LOOP('',(#1013,#1014,#1015,#1016));
#2359=EDGE_LOOP('',(#1017,#1018,#1019,#1020));
#2360=EDGE_LOOP('',(#1021,#1022,#1023,#1024));
#2361=EDGE_LOOP('',(#1025,#1026,#1027,#1028));
#2362=EDGE_LOOP('',(#1029,#1030,#1031,#1032));
#2363=EDGE_LOOP('',(#1033,#1034));
#2364=EDGE_LOOP('',(#1035));
#2365=EDGE_LOOP('',(#1036));
#2366=EDGE_LOOP('',(#1037,#1038));
#2367=EDGE_LOOP('',(#1039,#1040));
#2368=EDGE_LOOP('',(#1041));
#2369=EDGE_LOOP('',(#1042,#1043));
#2370=EDGE_LOOP('',(#1044));
#2371=EDGE_LOOP('',(#1045,#1046,#1047,#1048));
#2372=EDGE_LOOP('',(#1049,#1050,#1051,#1052));
#2373=EDGE_LOOP('',(#1053,#1054,#1055,#1056));
#2374=EDGE_LOOP('',(#1057,#1058,#1059,#1060));
#2375=EDGE_LOOP('',(#1061,#1062,#1063,#1064));
#2376=EDGE_LOOP('',(#1065,#1066,#1067,#1068));
#2377=EDGE_LOOP('',(#1069,#1070,#1071,#1072));
#2378=EDGE_LOOP('',(#1073,#1074,#1075,#1076,#1077,#1078,#1079));
#2379=EDGE_LOOP('',(#1080,#1081,#1082,#1083));
#2380=EDGE_LOOP('',(#1084,#1085,#1086,#1087,#1088,#1089,#1090));
#2381=EDGE_LOOP('',(#1091,#1092,#1093,#1094,#1095,#1096,#1097,#1098));
#2382=EDGE_LOOP('',(#1099,#1100,#1101,#1102,#1103,#1104,#1105));
#2383=EDGE_LOOP('',(#1106,#1107,#1108,#1109));
#2384=EDGE_LOOP('',(#1110,#1111,#1112,#1113));
#2385=EDGE_LOOP('',(#1114,#1115,#1116,#1117));
#2386=EDGE_LOOP('',(#1118,#1119,#1120,#1121));
#2387=EDGE_LOOP('',(#1122,#1123,#1124,#1125));
#2388=EDGE_LOOP('',(#1126,#1127,#1128,#1129));
#2389=EDGE_LOOP('',(#1130,#1131,#1132,#1133));
#2390=EDGE_LOOP('',(#1134,#1135,#1136,#1137));
#2391=EDGE_LOOP('',(#1138,#1139,#1140,#1141));
#2392=EDGE_LOOP('',(#1142,#1143,#1144,#1145));
#2393=EDGE_LOOP('',(#1146,#1147,#1148,#1149,#1150));
#2394=EDGE_LOOP('',(#1151,#1152,#1153,#1154,#1155));
#2395=EDGE_LOOP('',(#1156,#1157,#1158,#1159,#1160));
#2396=EDGE_LOOP('',(#1161,#1162,#1163));
#2397=EDGE_LOOP('',(#1164,#1165,#1166,#1167));
#2398=EDGE_LOOP('',(#1168,#1169,#1170,#1171,#1172));
#2399=EDGE_LOOP('',(#1173,#1174,#1175,#1176,#1177));
#2400=EDGE_LOOP('',(#1178,#1179,#1180,#1181));
#2401=EDGE_LOOP('',(#1182,#1183,#1184,#1185));
#2402=EDGE_LOOP('',(#1186,#1187,#1188,#1189,#1190));
#2403=EDGE_LOOP('',(#1191,#1192,#1193,#1194));
#2404=EDGE_LOOP('',(#1195,#1196,#1197,#1198));
#2405=EDGE_LOOP('',(#1199,#1200,#1201,#1202,#1203));
#2406=EDGE_LOOP('',(#1204,#1205,#1206,#1207));
#2407=EDGE_LOOP('',(#1208,#1209,#1210,#1211,#1212));
#2408=EDGE_LOOP('',(#1213,#1214,#1215,#1216));
#2409=EDGE_LOOP('',(#1217,#1218,#1219,#1220,#1221));
#2410=EDGE_LOOP('',(#1222,#1223,#1224,#1225));
#2411=EDGE_LOOP('',(#1226,#1227,#1228));
#2412=EDGE_LOOP('',(#1229,#1230,#1231,#1232));
#2413=EDGE_LOOP('',(#1233,#1234,#1235,#1236));
#2414=EDGE_LOOP('',(#1237,#1238,#1239));
#2415=EDGE_LOOP('',(#1240,#1241,#1242,#1243));
#2416=EDGE_LOOP('',(#1244,#1245,#1246,#1247));
#2417=EDGE_LOOP('',(#1248,#1249,#1250,#1251));
#2418=EDGE_LOOP('',(#1252,#1253,#1254));
#2419=EDGE_LOOP('',(#1255,#1256,#1257,#1258));
#2420=EDGE_LOOP('',(#1259,#1260,#1261,#1262));
#2421=EDGE_LOOP('',(#1263,#1264,#1265,#1266,#1267,#1268));
#2422=EDGE_LOOP('',(#1269,#1270,#1271));
#2423=EDGE_LOOP('',(#1272,#1273,#1274,#1275));
#2424=EDGE_LOOP('',(#1276,#1277,#1278,#1279));
#2425=EDGE_LOOP('',(#1280,#1281,#1282,#1283));
#2426=EDGE_LOOP('',(#1284,#1285,#1286,#1287));
#2427=EDGE_LOOP('',(#1288,#1289,#1290,#1291));
#2428=EDGE_LOOP('',(#1292,#1293,#1294));
#2429=EDGE_LOOP('',(#1295,#1296,#1297,#1298));
#2430=EDGE_LOOP('',(#1299,#1300,#1301,#1302));
#2431=EDGE_LOOP('',(#1303,#1304,#1305,#1306));
#2432=EDGE_LOOP('',(#1307,#1308,#1309));
#2433=EDGE_LOOP('',(#1310,#1311,#1312,#1313,#1314,#1315));
#2434=EDGE_LOOP('',(#1316,#1317));
#2435=EDGE_LOOP('',(#1318,#1319,#1320));
#2436=EDGE_LOOP('',(#1321,#1322,#1323,#1324,#1325));
#2437=EDGE_LOOP('',(#1326,#1327,#1328,#1329,#1330,#1331));
#2438=EDGE_LOOP('',(#1332,#1333,#1334,#1335));
#2439=EDGE_LOOP('',(#1336,#1337,#1338,#1339,#1340));
#2440=EDGE_LOOP('',(#1341,#1342));
#2441=EDGE_LOOP('',(#1343,#1344,#1345,#1346));
#2442=EDGE_LOOP('',(#1347,#1348));
#2443=EDGE_LOOP('',(#1349,#1350));
#2444=EDGE_LOOP('',(#1351,#1352,#1353,#1354));
#2445=EDGE_LOOP('',(#1355,#1356));
#2446=EDGE_LOOP('',(#1357,#1358,#1359,#1360));
#2447=EDGE_LOOP('',(#1361,#1362,#1363));
#2448=EDGE_LOOP('',(#1364,#1365,#1366,#1367,#1368,#1369));
#2449=EDGE_LOOP('',(#1370,#1371));
#2450=EDGE_LOOP('',(#1372,#1373,#1374,#1375));
#2451=FACE_BOUND('',#2245,.T.);
#2452=FACE_BOUND('',#2246,.T.);
#2453=FACE_BOUND('',#2247,.T.);
#2454=FACE_BOUND('',#2248,.T.);
#2455=FACE_BOUND('',#2249,.T.);
#2456=FACE_BOUND('',#2250,.T.);
#2457=FACE_BOUND('',#2251,.T.);
#2458=FACE_BOUND('',#2252,.T.);
#2459=FACE_BOUND('',#2253,.T.);
#2460=FACE_BOUND('',#2254,.T.);
#2461=FACE_BOUND('',#2255,.T.);
#2462=FACE_BOUND('',#2256,.T.);
#2463=FACE_BOUND('',#2257,.T.);
#2464=FACE_BOUND('',#2258,.T.);
#2465=FACE_BOUND('',#2259,.T.);
#2466=FACE_BOUND('',#2260,.T.);
#2467=FACE_BOUND('',#2261,.T.);
#2468=FACE_BOUND('',#2262,.T.);
#2469=FACE_BOUND('',#2263,.T.);
#2470=FACE_BOUND('',#2264,.T.);
#2471=FACE_BOUND('',#2265,.T.);
#2472=FACE_BOUND('',#2266,.T.);
#2473=FACE_BOUND('',#2267,.T.);
#2474=FACE_BOUND('',#2268,.T.);
#2475=FACE_BOUND('',#2269,.T.);
#2476=FACE_BOUND('',#2270,.T.);
#2477=FACE_BOUND('',#2271,.T.);
#2478=FACE_BOUND('',#2272,.T.);
#2479=FACE_BOUND('',#2273,.T.);
#2480=FACE_BOUND('',#2274,.T.);
#2481=FACE_BOUND('',#2275,.T.);
#2482=FACE_BOUND('',#2276,.T.);
#2483=FACE_BOUND('',#2277,.T.);
#2484=FACE_BOUND('',#2278,.T.);
#2485=FACE_BOUND('',#2279,.T.);
#2486=FACE_BOUND('',#2280,.T.);
#2487=FACE_BOUND('',#2281,.T.);
#2488=FACE_BOUND('',#2282,.T.);
#2489=FACE_BOUND('',#2283,.T.);
#2490=FACE_BOUND('',#2284,.T.);
#2491=FACE_BOUND('',#2285,.T.);
#2492=FACE_BOUND('',#2286,.T.);
#2493=FACE_BOUND('',#2287,.T.);
#2494=FACE_BOUND('',#2288,.T.);
#2495=FACE_BOUND('',#2289,.T.);
#2496=FACE_BOUND('',#2290,.T.);
#2497=FACE_BOUND('',#2291,.T.);
#2498=FACE_BOUND('',#2292,.T.);
#2499=FACE_BOUND('',#2293,.T.);
#2500=FACE_BOUND('',#2294,.T.);
#2501=FACE_BOUND('',#2295,.T.);
#2502=FACE_BOUND('',#2296,.T.);
#2503=FACE_BOUND('',#2297,.T.);
#2504=FACE_BOUND('',#2298,.T.);
#2505=FACE_BOUND('',#2299,.T.);
#2506=FACE_BOUND('',#2300,.T.);
#2507=FACE_BOUND('',#2301,.T.);
#2508=FACE_BOUND('',#2302,.T.);
#2509=FACE_BOUND('',#2303,.T.);
#2510=FACE_BOUND('',#2304,.T.);
#2511=FACE_BOUND('',#2305,.T.);
#2512=FACE_BOUND('',#2306,.T.);
#2513=FACE_BOUND('',#2307,.T.);
#2514=FACE_BOUND('',#2308,.T.);
#2515=FACE_BOUND('',#2309,.T.);
#2516=FACE_BOUND('',#2310,.T.);
#2517=FACE_BOUND('',#2311,.T.);
#2518=FACE_BOUND('',#2312,.T.);
#2519=FACE_BOUND('',#2313,.T.);
#2520=FACE_BOUND('',#2314,.T.);
#2521=FACE_BOUND('',#2315,.T.);
#2522=FACE_BOUND('',#2316,.T.);
#2523=FACE_BOUND('',#2317,.T.);
#2524=FACE_BOUND('',#2318,.T.);
#2525=FACE_BOUND('',#2319,.T.);
#2526=FACE_BOUND('',#2320,.T.);
#2527=FACE_BOUND('',#2321,.T.);
#2528=FACE_BOUND('',#2322,.T.);
#2529=FACE_BOUND('',#2323,.T.);
#2530=FACE_BOUND('',#2324,.T.);
#2531=FACE_BOUND('',#2325,.T.);
#2532=FACE_BOUND('',#2326,.T.);
#2533=FACE_BOUND('',#2327,.T.);
#2534=FACE_BOUND('',#2328,.T.);
#2535=FACE_BOUND('',#2329,.T.);
#2536=FACE_BOUND('',#2330,.T.);
#2537=FACE_BOUND('',#2331,.T.);
#2538=FACE_BOUND('',#2332,.T.);
#2539=FACE_BOUND('',#2333,.T.);
#2540=FACE_BOUND('',#2334,.T.);
#2541=FACE_BOUND('',#2335,.T.);
#2542=FACE_BOUND('',#2336,.T.);
#2543=FACE_BOUND('',#2337,.T.);
#2544=FACE_BOUND('',#2338,.T.);
#2545=FACE_BOUND('',#2339,.T.);
#2546=FACE_BOUND('',#2340,.T.);
#2547=FACE_BOUND('',#2341,.T.);
#2548=FACE_BOUND('',#2342,.T.);
#2549=FACE_BOUND('',#2343,.T.);
#2550=FACE_BOUND('',#2344,.T.);
#2551=FACE_BOUND('',#2345,.T.);
#2552=FACE_BOUND('',#2346,.T.);
#2553=FACE_BOUND('',#2347,.T.);
#2554=FACE_BOUND('',#2348,.T.);
#2555=FACE_BOUND('',#2349,.T.);
#2556=FACE_BOUND('',#2350,.T.);
#2557=FACE_BOUND('',#2351,.T.);
#2558=FACE_BOUND('',#2352,.T.);
#2559=FACE_BOUND('',#2353,.T.);
#2560=FACE_BOUND('',#2354,.T.);
#2561=FACE_BOUND('',#2355,.T.);
#2562=FACE_BOUND('',#2356,.T.);
#2563=FACE_BOUND('',#2357,.T.);
#2564=FACE_BOUND('',#2358,.T.);
#2565=FACE_BOUND('',#2359,.T.);
#2566=FACE_BOUND('',#2360,.T.);
#2567=FACE_BOUND('',#2361,.T.);
#2568=FACE_BOUND('',#2362,.T.);
#2569=FACE_BOUND('',#2363,.T.);
#2570=FACE_BOUND('',#2364,.T.);
#2571=FACE_BOUND('',#2365,.T.);
#2572=FACE_BOUND('',#2366,.T.);
#2573=FACE_BOUND('',#2367,.T.);
#2574=FACE_BOUND('',#2368,.T.);
#2575=FACE_BOUND('',#2369,.T.);
#2576=FACE_BOUND('',#2370,.T.);
#2577=FACE_BOUND('',#2371,.T.);
#2578=FACE_BOUND('',#2372,.T.);
#2579=FACE_BOUND('',#2373,.T.);
#2580=FACE_BOUND('',#2374,.T.);
#2581=FACE_BOUND('',#2375,.T.);
#2582=FACE_BOUND('',#2376,.T.);
#2583=FACE_BOUND('',#2377,.T.);
#2584=FACE_BOUND('',#2378,.T.);
#2585=FACE_BOUND('',#2379,.T.);
#2586=FACE_BOUND('',#2380,.T.);
#2587=FACE_BOUND('',#2381,.T.);
#2588=FACE_BOUND('',#2382,.T.);
#2589=FACE_BOUND('',#2383,.T.);
#2590=FACE_BOUND('',#2384,.T.);
#2591=FACE_BOUND('',#2385,.T.);
#2592=FACE_BOUND('',#2386,.T.);
#2593=FACE_BOUND('',#2387,.T.);
#2594=FACE_BOUND('',#2388,.T.);
#2595=FACE_BOUND('',#2389,.T.);
#2596=FACE_BOUND('',#2390,.T.);
#2597=FACE_BOUND('',#2391,.T.);
#2598=FACE_BOUND('',#2392,.T.);
#2599=FACE_BOUND('',#2393,.T.);
#2600=FACE_BOUND('',#2394,.T.);
#2601=FACE_BOUND('',#2395,.T.);
#2602=FACE_BOUND('',#2396,.T.);
#2603=FACE_BOUND('',#2397,.T.);
#2604=FACE_BOUND('',#2398,.T.);
#2605=FACE_BOUND('',#2399,.T.);
#2606=FACE_BOUND('',#2400,.T.);
#2607=FACE_BOUND('',#2401,.T.);
#2608=FACE_BOUND('',#2402,.T.);
#2609=FACE_BOUND('',#2403,.T.);
#2610=FACE_BOUND('',#2404,.T.);
#2611=FACE_BOUND('',#2405,.T.);
#2612=FACE_BOUND('',#2406,.T.);
#2613=FACE_BOUND('',#2407,.T.);
#2614=FACE_BOUND('',#2408,.T.);
#2615=FACE_BOUND('',#2409,.T.);
#2616=FACE_BOUND('',#2410,.T.);
#2617=FACE_BOUND('',#2411,.T.);
#2618=FACE_BOUND('',#2412,.T.);
#2619=FACE_BOUND('',#2413,.T.);
#2620=FACE_BOUND('',#2414,.T.);
#2621=FACE_BOUND('',#2415,.T.);
#2622=FACE_BOUND('',#2416,.T.);
#2623=FACE_BOUND('',#2417,.T.);
#2624=FACE_BOUND('',#2418,.T.);
#2625=FACE_BOUND('',#2419,.T.);
#2626=FACE_BOUND('',#2420,.T.);
#2627=FACE_BOUND('',#2421,.T.);
#2628=FACE_BOUND('',#2422,.T.);
#2629=FACE_BOUND('',#2423,.T.);
#2630=FACE_BOUND('',#2424,.T.);
#2631=FACE_BOUND('',#2425,.T.);
#2632=FACE_BOUND('',#2426,.T.);
#2633=FACE_BOUND('',#2427,.T.);
#2634=FACE_BOUND('',#2428,.T.);
#2635=FACE_BOUND('',#2429,.T.);
#2636=FACE_BOUND('',#2430,.T.);
#2637=FACE_BOUND('',#2431,.T.);
#2638=FACE_BOUND('',#2432,.T.);
#2639=FACE_BOUND('',#2433,.T.);
#2640=FACE_BOUND('',#2434,.T.);
#2641=FACE_BOUND('',#2435,.T.);
#2642=FACE_BOUND('',#2436,.T.);
#2643=FACE_BOUND('',#2437,.T.);
#2644=FACE_BOUND('',#2438,.T.);
#2645=FACE_BOUND('',#2439,.T.);
#2646=FACE_BOUND('',#2440,.T.);
#2647=FACE_BOUND('',#2441,.T.);
#2648=FACE_BOUND('',#2442,.T.);
#2649=FACE_BOUND('',#2443,.T.);
#2650=FACE_BOUND('',#2444,.T.);
#2651=FACE_BOUND('',#2445,.T.);
#2652=FACE_BOUND('',#2446,.T.);
#2653=FACE_BOUND('',#2447,.T.);
#2654=FACE_BOUND('',#2448,.T.);
#2655=FACE_BOUND('',#2449,.T.);
#2656=FACE_BOUND('',#2450,.T.);
#2657=(
BOUNDED_SURFACE()
B_SPLINE_SURFACE(3,2,((#3821,#3822,#3823),(#3824,#3825,#3826),(#3827,#3828,
#3829),(#3830,#3831,#3832),(#3833,#3834,#3835)),.UNSPECIFIED.,.F.,.F.,.F.)
B_SPLINE_SURFACE_WITH_KNOTS((4,1,4),(3,3),(0.0034315953774283,0.00416021900295623,
0.00488884262848416),(0.,1.),.UNSPECIFIED.)
GEOMETRIC_REPRESENTATION_ITEM()
RATIONAL_B_SPLINE_SURFACE(((1.,0.687954101951145,1.),(1.,0.69492904067621,
1.),(1.,0.749211502638143,1.),(1.,0.738641492598525,1.),(1.,0.707106781186547,
1.)))
REPRESENTATION_ITEM('')
SURFACE()
);
#2658=(
BOUNDED_SURFACE()
B_SPLINE_SURFACE(3,2,((#3869,#3870,#3871),(#3872,#3873,#3874),(#3875,#3876,
#3877),(#3878,#3879,#3880),(#3881,#3882,#3883)),.UNSPECIFIED.,.F.,.F.,.F.)
B_SPLINE_SURFACE_WITH_KNOTS((4,1,4),(3,3),(0.00675943008617189,0.00808855873933641,
0.00941768739250092),(0.,1.),.UNSPECIFIED.)
GEOMETRIC_REPRESENTATION_ITEM()
RATIONAL_B_SPLINE_SURFACE(((1.,0.707106781186534,1.),(1.,0.711401439543502,
1.),(1.,0.679496262432562,1.),(1.,0.612132695341143,1.),(1.,0.577487363140474,
1.)))
REPRESENTATION_ITEM('')
SURFACE()
);
#2659=(
BOUNDED_SURFACE()
B_SPLINE_SURFACE(3,2,((#3897,#3898,#3899),(#3900,#3901,#3902),(#3903,#3904,
#3905),(#3906,#3907,#3908),(#3909,#3910,#3911),(#3912,#3913,#3914),(#3915,
#3916,#3917)),.UNSPECIFIED.,.F.,.F.,.F.)
B_SPLINE_SURFACE_WITH_KNOTS((4,1,1,1,4),(3,3),(1.66967134562768E-17,0.00124323403227954,
0.00248646806455905,0.00372970209683857,0.00497293612911809),(0.,1.),
 .UNSPECIFIED.)
GEOMETRIC_REPRESENTATION_ITEM()
RATIONAL_B_SPLINE_SURFACE(((1.,0.577487363140471,1.),(1.,0.55643141049404,
1.),(1.,0.511408643281286,1.),(1.,0.4425295596341,1.),(1.,0.391440364390553,
1.),(1.,0.390242317440217,1.),(1.,0.399208710125863,1.)))
REPRESENTATION_ITEM('')
SURFACE()
);
#2660=(
BOUNDED_SURFACE()
B_SPLINE_SURFACE(3,2,((#3932,#3933,#3934),(#3935,#3936,#3937),(#3938,#3939,
#3940),(#3941,#3942,#3943),(#3944,#3945,#3946),(#3947,#3948,#3949),(#3950,
#3951,#3952)),.UNSPECIFIED.,.F.,.F.,.F.)
B_SPLINE_SURFACE_WITH_KNOTS((4,1,1,1,4),(3,3),(-8.45677694538693E-18,0.000462502243037951,
0.000925004486075911,0.00138750672911387,0.00185000897215183),(0.,1.),
 .UNSPECIFIED.)
GEOMETRIC_REPRESENTATION_ITEM()
RATIONAL_B_SPLINE_SURFACE(((1.,0.3992087101258,1.),(1.,0.399076277247189,
1.),(1.,0.4044083197385,1.),(1.,0.445063180688531,1.),(1.,0.522822662246127,
1.),(1.,0.583468633424024,1.),(1.,0.613463698844284,1.)))
REPRESENTATION_ITEM('')
SURFACE()
);
#2661=(
BOUNDED_SURFACE()
B_SPLINE_SURFACE(3,2,((#3967,#3968,#3969),(#3970,#3971,#3972),(#3973,#3974,
#3975),(#3976,#3977,#3978)),.UNSPECIFIED.,.F.,.F.,.F.)
B_SPLINE_SURFACE_WITH_KNOTS((4,4),(3,3),(1.56125112837913E-17,0.0021141755853371),
(0.,1.),.PIECEWISE_BEZIER_KNOTS.)
GEOMETRIC_REPRESENTATION_ITEM()
RATIONAL_B_SPLINE_SURFACE(((1.,0.613463698844361,1.),(1.,0.600883728937828,
1.),(1.,0.587327337447728,1.),(1.,0.572372123450019,1.)))
REPRESENTATION_ITEM('')
SURFACE()
);
#2662=(
BOUNDED_SURFACE()
B_SPLINE_SURFACE(3,2,((#4000,#4001,#4002),(#4003,#4004,#4005),(#4006,#4007,
#4008),(#4009,#4010,#4011)),.UNSPECIFIED.,.F.,.F.,.F.)
B_SPLINE_SURFACE_WITH_KNOTS((4,4),(3,3),(0.00400076291385131,0.00795351263068525),
(0.,1.),.PIECEWISE_BEZIER_KNOTS.)
GEOMETRIC_REPRESENTATION_ITEM()
RATIONAL_B_SPLINE_SURFACE(((1.,0.687954101951145,1.),(1.,0.654048103420599,
1.),(1.,0.615697214759091,1.),(1.,0.567211013521946,1.)))
REPRESENTATION_ITEM('')
SURFACE()
);
#2663=(
BOUNDED_SURFACE()
B_SPLINE_SURFACE(3,2,((#4033,#4034,#4035),(#4036,#4037,#4038),(#4039,#4040,
#4041),(#4042,#4043,#4044),(#4045,#4046,#4047),(#4048,#4049,#4050),(#4051,
#4052,#4053)),.UNSPECIFIED.,.F.,.F.,.F.)
B_SPLINE_SURFACE_WITH_KNOTS((4,1,1,1,4),(3,3),(0.00564843128101632,0.00929614778368601,
0.0129438642863557,0.0165915807890254,0.0202392972916951),(0.,1.),
 .UNSPECIFIED.)
GEOMETRIC_REPRESENTATION_ITEM()
RATIONAL_B_SPLINE_SURFACE(((1.,0.707106781186547,1.),(1.,0.707106781186547,
1.),(1.,0.707106781186548,1.),(1.,0.707106781186548,1.),(1.,0.707106781186547,
1.),(1.,0.707106781186547,1.),(1.,0.707106781186547,1.)))
REPRESENTATION_ITEM('')
SURFACE()
);
#2664=(
BOUNDED_SURFACE()
B_SPLINE_SURFACE(3,2,((#4117,#4118,#4119),(#4120,#4121,#4122),(#4123,#4124,
#4125),(#4126,#4127,#4128),(#4129,#4130,#4131),(#4132,#4133,#4134),(#4135,
#4136,#4137),(#4138,#4139,#4140),(#4141,#4142,#4143),(#4144,#4145,#4146),
(#4147,#4148,#4149),(#4150,#4151,#4152),(#4153,#4154,#4155),(#4156,#4157,
#4158),(#4159,#4160,#4161),(#4162,#4163,#4164),(#4165,#4166,#4167),(#4168,
#4169,#4170)),.UNSPECIFIED.,.F.,.F.,.F.)
B_SPLINE_SURFACE_WITH_KNOTS((4,1,1,1,1,1,1,1,1,1,1,1,1,1,1,4),(3,3),(-8.67361737988404E-18,
7.1515170706431E-5,0.000143030341412871,0.00028606068282575,0.000429091024238629,
0.000572121365651509,0.000858182048477267,0.00114424273130303,0.00143030341412878,
0.00171636409695454,0.0020024247797803,0.00228848546260606,0.00286060682825758,
0.00343272819390909,0.00400484955956061,0.00457697092521213),(0.,1.),
 .UNSPECIFIED.)
GEOMETRIC_REPRESENTATION_ITEM()
RATIONAL_B_SPLINE_SURFACE(((1.,0.707106781186547,1.),(1.,0.707106781186547,
1.),(1.,0.707106781186548,1.),(1.,0.707106781186547,1.),(1.,0.707106781186547,
1.),(1.,0.707106781186548,1.),(1.,0.707106781186547,1.),(1.,0.707106781186548,
1.),(1.,0.707106781186548,1.),(1.,0.707106781186548,1.),(1.,0.707106781186547,
1.),(1.,0.707106781186548,1.),(1.,0.707106781186548,1.),(1.,0.707106781186547,
1.),(1.,0.707106781186548,1.),(1.,0.707106781186547,1.),(1.,0.707106781186548,
1.),(1.,0.707106781186548,1.)))
REPRESENTATION_ITEM('')
SURFACE()
);
#2665=(
BOUNDED_SURFACE()
B_SPLINE_SURFACE(3,2,((#4200,#4201,#4202),(#4203,#4204,#4205),(#4206,#4207,
#4208),(#4209,#4210,#4211),(#4212,#4213,#4214),(#4215,#4216,#4217),(#4218,
#4219,#4220),(#4221,#4222,#4223),(#4224,#4225,#4226),(#4227,#4228,#4229),
(#4230,#4231,#4232),(#4233,#4234,#4235),(#4236,#4237,#4238),(#4239,#4240,
#4241),(#4242,#4243,#4244),(#4245,#4246,#4247),(#4248,#4249,#4250),(#4251,
#4252,#4253),(#4254,#4255,#4256),(#4257,#4258,#4259),(#4260,#4261,#4262),
(#4263,#4264,#4265)),.UNSPECIFIED.,.F.,.F.,.F.)
B_SPLINE_SURFACE_WITH_KNOTS((4,1,1,1,1,1,1,1,1,1,1,1,1,1,1,1,1,1,1,4),(3,
3),(0.,4.56958247225875E-5,9.1391649445175E-5,0.000137087474167762,0.00018278329889035,
0.000274174948335525,0.0003655665977807,0.00054834989667105,0.0007311331955614,
0.00091391649445175,0.0010966997933421,0.0014622663911228,0.0018278329889035,
0.0021933995866842,0.0025589661844649,0.0029245327822456,0.003655665977807,
0.0043867991733684,0.0051179323689298,0.0058490655644912),(0.,1.),
 .UNSPECIFIED.)
GEOMETRIC_REPRESENTATION_ITEM()
RATIONAL_B_SPLINE_SURFACE(((1.,0.707106781186547,1.),(1.,0.707106781186547,
1.),(1.,0.707106781186548,1.),(1.,0.707106781186547,1.),(1.,0.707106781186547,
1.),(1.,0.707106781186547,1.),(1.,0.707106781186548,1.),(1.,0.707106781186547,
1.),(1.,0.707106781186548,1.),(1.,0.707106781186547,1.),(1.,0.707106781186547,
1.),(1.,0.707106781186547,1.),(1.,0.707106781186547,1.),(1.,0.707106781186548,
1.),(1.,0.707106781186548,1.),(1.,0.707106781186547,1.),(1.,0.707106781186547,
1.),(1.,0.707106781186548,1.),(1.,0.707106781186548,1.),(1.,0.707106781186547,
1.),(1.,0.707106781186548,1.),(1.,0.707106781186548,1.)))
REPRESENTATION_ITEM('')
SURFACE()
);
#2666=(
BOUNDED_SURFACE()
B_SPLINE_SURFACE(3,2,((#4327,#4328,#4329),(#4330,#4331,#4332),(#4333,#4334,
#4335),(#4336,#4337,#4338),(#4339,#4340,#4341),(#4342,#4343,#4344),(#4345,
#4346,#4347),(#4348,#4349,#4350),(#4351,#4352,#4353)),.UNSPECIFIED.,.F.,
 .F.,.F.)
B_SPLINE_SURFACE_WITH_KNOTS((4,1,1,1,1,1,4),(3,3),(0.0238148929668819,0.0239661389151875,
0.024117384863493,0.0241930078376458,0.0242686308117986,0.0243442537859514,
0.0244198767601041),(0.,1.),.UNSPECIFIED.)
GEOMETRIC_REPRESENTATION_ITEM()
RATIONAL_B_SPLINE_SURFACE(((1.,0.707106781186548,1.),(1.,0.707106781186548,
1.),(1.,0.707106781186548,1.),(1.,0.707106781186547,1.),(1.,0.707106781186548,
1.),(1.,0.707106781186547,1.),(1.,0.707106781186547,1.),(1.,0.707106781186547,
1.),(1.,0.707106781186547,1.)))
REPRESENTATION_ITEM('')
SURFACE()
);
#2667=(
BOUNDED_SURFACE()
B_SPLINE_SURFACE(3,2,((#4458,#4459,#4460),(#4461,#4462,#4463),(#4464,#4465,
#4466),(#4467,#4468,#4469)),.UNSPECIFIED.,.F.,.F.,.F.)
B_SPLINE_SURFACE_WITH_KNOTS((4,4),(3,3),(0.00928708198876346,0.00993378406185949),
(0.,1.),.PIECEWISE_BEZIER_KNOTS.)
GEOMETRIC_REPRESENTATION_ITEM()
RATIONAL_B_SPLINE_SURFACE(((1.,0.673383814450226,1.),(1.,0.658977112853933,
1.),(1.,0.643491776317546,1.),(1.,0.62724962435318,1.)))
REPRESENTATION_ITEM('')
SURFACE()
);
#2668=(
BOUNDED_SURFACE()
B_SPLINE_SURFACE(3,2,((#4472,#4473,#4474),(#4475,#4476,#4477),(#4478,#4479,
#4480),(#4481,#4482,#4483),(#4484,#4485,#4486),(#4487,#4488,#4489),(#4490,
#4491,#4492),(#4493,#4494,#4495),(#4496,#4497,#4498),(#4499,#4500,#4501),
(#4502,#4503,#4504),(#4505,#4506,#4507),(#4508,#4509,#4510),(#4511,#4512,
#4513),(#4514,#4515,#4516),(#4517,#4518,#4519),(#4520,#4521,#4522),(#4523,
#4524,#4525),(#4526,#4527,#4528),(#4529,#4530,#4531),(#4532,#4533,#4534),
(#4535,#4536,#4537),(#4538,#4539,#4540),(#4541,#4542,#4543),(#4544,#4545,
#4546),(#4547,#4548,#4549),(#4550,#4551,#4552),(#4553,#4554,#4555),(#4556,
#4557,#4558),(#4559,#4560,#4561),(#4562,#4563,#4564),(#4565,#4566,#4567),
(#4568,#4569,#4570),(#4571,#4572,#4573),(#4574,#4575,#4576),(#4577,#4578,
#4579),(#4580,#4581,#4582),(#4583,#4584,#4585),(#4586,#4587,#4588),(#4589,
#4590,#4591),(#4592,#4593,#4594),(#4595,#4596,#4597),(#4598,#4599,#4600),
(#4601,#4602,#4603),(#4604,#4605,#4606),(#4607,#4608,#4609),(#4610,#4611,
#4612),(#4613,#4614,#4615),(#4616,#4617,#4618),(#4619,#4620,#4621),(#4622,
#4623,#4624)),.UNSPECIFIED.,.F.,.F.,.F.)
B_SPLINE_SURFACE_WITH_KNOTS((4,1,1,1,1,1,1,1,1,1,1,1,1,1,1,1,1,1,1,1,1,
1,1,1,1,1,1,1,1,1,1,1,1,1,1,1,1,1,1,1,1,1,1,1,1,1,1,1,4),(3,3),(0.,4.76952723246821E-5,
9.53905446493643E-5,0.000143085816974046,0.000190781089298729,0.000286171633948093,
0.000381562178597457,0.000572343267896186,0.000763124357194914,0.000953905446493643,
0.00114468653579237,0.00152624871438983,0.00190781089298729,0.00228937307158474,
0.0026709352501822,0.00305249742877966,0.00381562178597457,0.00457874614316948,
0.0053418705003644,0.00610499485755931,0.00686811921475423,0.00763124357194914,
0.00915749228633897,0.0106837410007288,0.0122099897151186,0.0137362384295085,
0.0152624871438983,0.0167887358582881,0.017551860215483,0.0183149845726779,
0.0190781089298729,0.0198412332870678,0.0206043576442627,0.0213674820014576,
0.021749044180055,0.0221306063586525,0.02251216853725,0.0228937307158474,
0.0232752928944449,0.0234660739837436,0.0236568550730423,0.0238476361623411,
0.0240384172516398,0.0241338077962892,0.0242291983409385,0.0242768936132632,
0.0243245888855879,0.0243722841579126,0.0244199794302372),(0.,1.),
 .UNSPECIFIED.)
GEOMETRIC_REPRESENTATION_ITEM()
RATIONAL_B_SPLINE_SURFACE(((1.,0.707106781186547,1.),(1.,0.707106781186547,
1.),(1.,0.707106781186547,1.),(1.,0.707106781186548,1.),(1.,0.707106781186548,
1.),(1.,0.707106781186548,1.),(1.,0.707106781186547,1.),(1.,0.707106781186548,
1.),(1.,0.707106781186548,1.),(1.,0.707106781186548,1.),(1.,0.707106781186547,
1.),(1.,0.707106781186548,1.),(1.,0.707106781186548,1.),(1.,0.707106781186547,
1.),(1.,0.707106781186548,1.),(1.,0.707106781186547,1.),(1.,0.707106781186548,
1.),(1.,0.707106781186548,1.),(1.,0.707106781186548,1.),(1.,0.707106781186547,
1.),(1.,0.707106781186548,1.),(1.,0.707106781186548,1.),(1.,0.707106781186548,
1.),(1.,0.707106781186548,1.),(1.,0.707106781186547,1.),(1.,0.707106781186548,
1.),(1.,0.707106781186548,1.),(1.,0.707106781186547,1.),(1.,0.707106781186548,
1.),(1.,0.707106781186548,1.),(1.,0.707106781186548,1.),(1.,0.707106781186548,
1.),(1.,0.707106781186548,1.),(1.,0.707106781186548,1.),(1.,0.707106781186547,
1.),(1.,0.707106781186548,1.),(1.,0.707106781186547,1.),(1.,0.707106781186547,
1.),(1.,0.707106781186548,1.),(1.,0.707106781186548,1.),(1.,0.707106781186548,
1.),(1.,0.707106781186548,1.),(1.,0.707106781186547,1.),(1.,0.707106781186548,
1.),(1.,0.707106781186547,1.),(1.,0.707106781186547,1.),(1.,0.707106781186548,
1.),(1.,0.707106781186548,1.),(1.,0.707106781186548,1.),(1.,0.707106781186547,
1.),(1.,0.707106781186547,1.)))
REPRESENTATION_ITEM('')
SURFACE()
);
#2669=(
BOUNDED_SURFACE()
B_SPLINE_SURFACE(3,2,((#5176,#5177,#5178),(#5179,#5180,#5181),(#5182,#5183,
#5184),(#5185,#5186,#5187),(#5188,#5189,#5190),(#5191,#5192,#5193),(#5194,
#5195,#5196),(#5197,#5198,#5199),(#5200,#5201,#5202),(#5203,#5204,#5205),
(#5206,#5207,#5208),(#5209,#5210,#5211),(#5212,#5213,#5214),(#5215,#5216,
#5217),(#5218,#5219,#5220),(#5221,#5222,#5223),(#5224,#5225,#5226),(#5227,
#5228,#5229),(#5230,#5231,#5232),(#5233,#5234,#5235),(#5236,#5237,#5238),
(#5239,#5240,#5241),(#5242,#5243,#5244),(#5245,#5246,#5247),(#5248,#5249,
#5250),(#5251,#5252,#5253),(#5254,#5255,#5256)),.UNSPECIFIED.,.F.,.F.,.F.)
B_SPLINE_SURFACE_WITH_KNOTS((4,1,1,1,1,1,1,1,1,1,1,1,1,1,1,1,1,1,1,1,1,
1,1,1,4),(3,3),(0.011193854499188,0.0128471201155692,0.0145003857319503,
0.0161536513483315,0.016980284156522,0.0178069169647126,0.0186335497729032,
0.0194601825810938,0.0202868153892844,0.0211134481974749,0.0215267646015702,
0.0219400810056655,0.0223533974097608,0.0227667138138561,0.0231800302179514,
0.023386688419999,0.0235933466220467,0.0238000048240943,0.024006663026142,
0.0241099921271658,0.0242133212281896,0.0242649857787015,0.0243166503292134,
0.0243683148797253,0.0244199794302372),(0.,1.),.UNSPECIFIED.)
GEOMETRIC_REPRESENTATION_ITEM()
RATIONAL_B_SPLINE_SURFACE(((1.,0.707106781186548,1.),(1.,0.707106781186548,
1.),(1.,0.707106781186547,1.),(1.,0.707106781186548,1.),(1.,0.707106781186547,
1.),(1.,0.707106781186548,1.),(1.,0.707106781186547,1.),(1.,0.707106781186548,
1.),(1.,0.707106781186548,1.),(1.,0.707106781186548,1.),(1.,0.707106781186548,
1.),(1.,0.707106781186548,1.),(1.,0.707106781186548,1.),(1.,0.707106781186547,
1.),(1.,0.707106781186548,1.),(1.,0.707106781186548,1.),(1.,0.707106781186548,
1.),(1.,0.707106781186548,1.),(1.,0.707106781186548,1.),(1.,0.707106781186547,
1.),(1.,0.707106781186547,1.),(1.,0.707106781186548,1.),(1.,0.707106781186548,
1.),(1.,0.707106781186548,1.),(1.,0.707106781186548,1.),(1.,0.707106781186547,
1.),(1.,0.707106781186547,1.)))
REPRESENTATION_ITEM('')
SURFACE()
);
#2670=(
BOUNDED_SURFACE()
B_SPLINE_SURFACE(3,2,((#5689,#5690,#5691),(#5692,#5693,#5694),(#5695,#5696,
#5697),(#5698,#5699,#5700),(#5701,#5702,#5703),(#5704,#5705,#5706),(#5707,
#5708,#5709),(#5710,#5711,#5712),(#5713,#5714,#5715),(#5716,#5717,#5718),
(#5719,#5720,#5721),(#5722,#5723,#5724),(#5725,#5726,#5727),(#5728,#5729,
#5730),(#5731,#5732,#5733),(#5734,#5735,#5736),(#5737,#5738,#5739),(#5740,
#5741,#5742),(#5743,#5744,#5745),(#5746,#5747,#5748),(#5749,#5750,#5751),
(#5752,#5753,#5754),(#5755,#5756,#5757),(#5758,#5759,#5760),(#5761,#5762,
#5763),(#5764,#5765,#5766),(#5767,#5768,#5769),(#5770,#5771,#5772),(#5773,
#5774,#5775),(#5776,#5777,#5778),(#5779,#5780,#5781),(#5782,#5783,#5784),
(#5785,#5786,#5787),(#5788,#5789,#5790),(#5791,#5792,#5793),(#5794,#5795,
#5796),(#5797,#5798,#5799),(#5800,#5801,#5802),(#5803,#5804,#5805),(#5806,
#5807,#5808),(#5809,#5810,#5811),(#5812,#5813,#5814),(#5815,#5816,#5817),
(#5818,#5819,#5820),(#5821,#5822,#5823),(#5824,#5825,#5826),(#5827,#5828,
#5829),(#5830,#5831,#5832),(#5833,#5834,#5835),(#5836,#5837,#5838),(#5839,
#5840,#5841)),.UNSPECIFIED.,.F.,.F.,.F.)
B_SPLINE_SURFACE_WITH_KNOTS((4,1,1,1,1,1,1,1,1,1,1,1,1,1,1,1,1,1,1,1,1,
1,1,1,1,1,1,1,1,1,1,1,1,1,1,1,1,1,1,1,1,1,1,1,1,1,1,1,4),(3,3),(0.,4.76950717970784E-5,
9.53901435941568E-5,0.000143085215391235,0.000190780287188314,0.00028617043078247,
0.000381560574376627,0.000572340861564941,0.000763121148753255,0.000953901435941568,
0.00114468172312988,0.00152624229750651,0.00190780287188314,0.00228936344625976,
0.00267092402063639,0.00305248459501302,0.00381560574376627,0.00457872689251953,
0.00534184804127278,0.00610496919002604,0.00686809033877929,0.00763121148753255,
0.00915745378503906,0.0106836960825456,0.0122099383800521,0.0137361806775586,
0.0152624229750651,0.0167886652725716,0.0175517864213249,0.0183149075700781,
0.0190780287188314,0.0198411498675846,0.0206042710163379,0.0213673921650911,
0.0217489527394678,0.0221305133138444,0.022512073888221,0.0228936344625976,
0.0232751950369743,0.0234659753241626,0.0236567556113509,0.0238475358985392,
0.0240383161857275,0.0241337063293217,0.0242290964729158,0.0242767915447129,
0.02432448661651,0.0243721816883071,0.0244198767601041),(0.,1.),
 .UNSPECIFIED.)
GEOMETRIC_REPRESENTATION_ITEM()
RATIONAL_B_SPLINE_SURFACE(((1.,0.707106781186547,1.),(1.,0.707106781186547,
1.),(1.,0.707106781186548,1.),(1.,0.707106781186547,1.),(1.,0.707106781186547,
1.),(1.,0.707106781186548,1.),(1.,0.707106781186548,1.),(1.,0.707106781186547,
1.),(1.,0.707106781186548,1.),(1.,0.707106781186548,1.),(1.,0.707106781186547,
1.),(1.,0.707106781186548,1.),(1.,0.707106781186548,1.),(1.,0.707106781186548,
1.),(1.,0.707106781186547,1.),(1.,0.707106781186548,1.),(1.,0.707106781186547,
1.),(1.,0.707106781186548,1.),(1.,0.707106781186548,1.),(1.,0.707106781186548,
1.),(1.,0.707106781186548,1.),(1.,0.707106781186547,1.),(1.,0.707106781186548,
1.),(1.,0.707106781186548,1.),(1.,0.707106781186548,1.),(1.,0.707106781186548,
1.),(1.,0.707106781186548,1.),(1.,0.707106781186547,1.),(1.,0.707106781186548,
1.),(1.,0.707106781186547,1.),(1.,0.707106781186548,1.),(1.,0.707106781186547,
1.),(1.,0.707106781186548,1.),(1.,0.707106781186548,1.),(1.,0.707106781186547,
1.),(1.,0.707106781186548,1.),(1.,0.707106781186547,1.),(1.,0.707106781186548,
1.),(1.,0.707106781186548,1.),(1.,0.707106781186547,1.),(1.,0.707106781186548,
1.),(1.,0.707106781186547,1.),(1.,0.707106781186548,1.),(1.,0.707106781186547,
1.),(1.,0.707106781186547,1.),(1.,0.707106781186548,1.),(1.,0.707106781186547,
1.),(1.,0.707106781186548,1.),(1.,0.707106781186548,1.),(1.,0.707106781186547,
1.),(1.,0.707106781186547,1.)))
REPRESENTATION_ITEM('')
SURFACE()
);
#2671=(
BOUNDED_SURFACE()
B_SPLINE_SURFACE(3,2,((#5875,#5876,#5877),(#5878,#5879,#5880),(#5881,#5882,
#5883),(#5884,#5885,#5886),(#5887,#5888,#5889),(#5890,#5891,#5892),(#5893,
#5894,#5895),(#5896,#5897,#5898),(#5899,#5900,#5901),(#5902,#5903,#5904),
(#5905,#5906,#5907),(#5908,#5909,#5910)),.UNSPECIFIED.,.F.,.F.,.F.)
B_SPLINE_SURFACE_WITH_KNOTS((4,1,1,1,1,1,1,1,1,4),(3,3),(-3.32454548445656E-5,
0.000317117303652129,0.000667480062148823,0.00136820557914221,0.0020689310961356,
0.00276965661312899,0.00417110764711577,0.00487183316410915,0.00522219592260585,
0.00557255868110254),(0.,1.),.UNSPECIFIED.)
GEOMETRIC_REPRESENTATION_ITEM()
RATIONAL_B_SPLINE_SURFACE(((1.,0.706979861158089,1.),(1.,0.707074170271645,
1.),(1.,0.707372328266897,1.),(1.,0.707945931275796,1.),(1.,0.708803652353379,
1.),(1.,0.710020698938581,1.),(1.,0.711810095859718,1.),(1.,0.713742383204553,
1.),(1.,0.71538292763302,1.),(1.,0.716202060015218,1.),(1.,0.716771494632384,
1.),(1.,0.716855583135651,1.)))
REPRESENTATION_ITEM('')
SURFACE()
);
#2672=(
BOUNDED_SURFACE()
B_SPLINE_SURFACE(3,2,((#5938,#5939,#5940),(#5941,#5942,#5943),(#5944,#5945,
#5946),(#5947,#5948,#5949),(#5950,#5951,#5952),(#5953,#5954,#5955),(#5956,
#5957,#5958),(#5959,#5960,#5961),(#5962,#5963,#5964)),.UNSPECIFIED.,.F.,
 .F.,.F.)
B_SPLINE_SURFACE_WITH_KNOTS((4,1,1,1,1,1,4),(3,3),(-2.50912502060274E-9,
0.00138623727230812,0.00277247705374125,0.00415871683517439,0.00485183672589096,
0.00519839667124924,0.00554495661660753),(0.,1.),.UNSPECIFIED.)
GEOMETRIC_REPRESENTATION_ITEM()
RATIONAL_B_SPLINE_SURFACE(((1.,0.707080159765448,1.),(1.,0.707594858056571,
1.),(1.,0.708843833559588,1.),(1.,0.711445499257596,1.),(1.,0.713815537243792,
1.),(1.,0.715471067956581,1.),(1.,0.716289110459774,1.),(1.,0.7169062106207,
1.),(1.,0.71700597492347,1.)))
REPRESENTATION_ITEM('')
SURFACE()
);
#2673=(
BOUNDED_SURFACE()
B_SPLINE_SURFACE(3,2,((#5986,#5987,#5988),(#5989,#5990,#5991),(#5992,#5993,
#5994),(#5995,#5996,#5997),(#5998,#5999,#6000),(#6001,#6002,#6003),(#6004,
#6005,#6006),(#6007,#6008,#6009),(#6010,#6011,#6012),(#6013,#6014,#6015),
(#6016,#6017,#6018),(#6019,#6020,#6021),(#6022,#6023,#6024),(#6025,#6026,
#6027),(#6028,#6029,#6030),(#6031,#6032,#6033)),.UNSPECIFIED.,.F.,.F.,.F.)
B_SPLINE_SURFACE_WITH_KNOTS((4,1,1,1,1,1,1,1,1,1,1,1,1,4),(3,3),(1.06251812903579E-17,
0.00132879857282819,0.00199319785924228,0.00265759714565637,0.00332199643207046,
0.0036541960752775,0.00398639571848455,0.00431859536169159,0.00465079500489864,
0.00481689482650216,0.00498299464810568,0.0051490944697092,0.00523214438051096,
0.00531519429131272),(0.,1.),.UNSPECIFIED.)
GEOMETRIC_REPRESENTATION_ITEM()
RATIONAL_B_SPLINE_SURFACE(((1.,0.847108015867906,1.),(1.,0.857368074008205,
1.),(1.,0.874587469714795,1.),(1.,0.904346899486908,1.),(1.,0.929699531421355,
1.),(1.,0.953357648715028,1.),(1.,0.970875760734155,1.),(1.,0.982175209425689,
1.),(1.,0.990797516800289,1.),(1.,0.995547566292924,1.),(1.,0.998008532900349,
1.),(1.,0.999238175324401,1.),(1.,0.999795003818335,1.),(1.,0.999988065600449,
1.),(1.,1.00000230723975,1.),(1.,0.999984708735878,1.)))
REPRESENTATION_ITEM('')
SURFACE()
);
#2674=(
BOUNDED_SURFACE()
B_SPLINE_SURFACE(3,2,((#6035,#6036,#6037),(#6038,#6039,#6040),(#6041,#6042,
#6043),(#6044,#6045,#6046)),.UNSPECIFIED.,.F.,.F.,.F.)
B_SPLINE_SURFACE_WITH_KNOTS((4,4),(3,3),(-3.45385017461175E-10,0.0010624518591048),
(0.,1.),.PIECEWISE_BEZIER_KNOTS.)
GEOMETRIC_REPRESENTATION_ITEM()
RATIONAL_B_SPLINE_SURFACE(((1.,0.847108002294387,1.),(1.,0.841120760090919,
1.),(1.,0.834150694606843,1.),(1.,0.825722823844773,1.)))
REPRESENTATION_ITEM('')
SURFACE()
);
#2675=(
BOUNDED_SURFACE()
B_SPLINE_SURFACE(3,2,((#6050,#6051,#6052),(#6053,#6054,#6055),(#6056,#6057,
#6058),(#6059,#6060,#6061)),.UNSPECIFIED.,.F.,.F.,.F.)
B_SPLINE_SURFACE_WITH_KNOTS((4,4),(3,3),(0.0132158095686685,0.0142763477060695),
(0.,1.),.PIECEWISE_BEZIER_KNOTS.)
GEOMETRIC_REPRESENTATION_ITEM()
RATIONAL_B_SPLINE_SURFACE(((1.,0.825722823844774,1.),(1.,0.834186077915076,
1.),(1.,0.841142960135935,1.),(1.,0.847108174332453,1.)))
REPRESENTATION_ITEM('')
SURFACE()
);
#2676=(
BOUNDED_SURFACE()
B_SPLINE_SURFACE(3,2,((#6438,#6439,#6440),(#6441,#6442,#6443),(#6444,#6445,
#6446),(#6447,#6448,#6449)),.UNSPECIFIED.,.F.,.F.,.F.)
B_SPLINE_SURFACE_WITH_KNOTS((4,4),(3,3),(0.00732618015797842,0.00910044241630705),
(0.528371079932279,0.759168600077557),.PIECEWISE_BEZIER_KNOTS.)
GEOMETRIC_REPRESENTATION_ITEM()
RATIONAL_B_SPLINE_SURFACE(((0.854024900744481,0.857860615630261,0.892899706832188),
(0.854024900744481,0.857860615630261,0.892899706832188),(0.854024900744481,
0.857860615630261,0.892899706832188),(0.854024900744481,0.857860615630261,
0.892899706832188)))
REPRESENTATION_ITEM('')
SURFACE()
);
#2677=(
BOUNDED_SURFACE()
B_SPLINE_SURFACE(3,2,((#6487,#6488,#6489),(#6490,#6491,#6492),(#6493,#6494,
#6495),(#6496,#6497,#6498)),.UNSPECIFIED.,.F.,.F.,.F.)
B_SPLINE_SURFACE_WITH_KNOTS((4,4),(3,3),(0.0215491799590023,0.0229252384009394),
(0.494669917119955,0.7324304418505),.PIECEWISE_BEZIER_KNOTS.)
GEOMETRIC_REPRESENTATION_ITEM()
RATIONAL_B_SPLINE_SURFACE(((0.853570032659149,0.852827675287962,0.885199864553894),
(0.853570032659149,0.852827675287962,0.885199864553894),(0.853570032659149,
0.852827675287962,0.885199864553894),(0.853570032659149,0.852827675287962,
0.885199864553894)))
REPRESENTATION_ITEM('')
SURFACE()
);
#2678=(
BOUNDED_SURFACE()
B_SPLINE_SURFACE(3,2,((#6499,#6500,#6501),(#6502,#6503,#6504),(#6505,#6506,
#6507),(#6508,#6509,#6510),(#6511,#6512,#6513),(#6514,#6515,#6516),(#6517,
#6518,#6519)),.UNSPECIFIED.,.F.,.F.,.F.)
B_SPLINE_SURFACE_WITH_KNOTS((4,1,1,1,4),(3,3),(1.95156391047391E-18,0.000988750943189773,
0.00197750188637954,0.00296625282956932,0.00395500377275909),(0.,1.),
 .UNSPECIFIED.)
GEOMETRIC_REPRESENTATION_ITEM()
RATIONAL_B_SPLINE_SURFACE(((1.,0.639341513293189,1.),(1.,0.700051239331707,
1.),(1.,0.808992293464423,1.),(1.,0.920906479145142,1.),(1.,0.98590743700337,
1.),(1.,1.00000000002969,1.),(1.,1.,1.)))
REPRESENTATION_ITEM('')
SURFACE()
);
#2679=(
BOUNDED_SURFACE()
B_SPLINE_SURFACE(3,2,((#6521,#6522,#6523),(#6524,#6525,#6526),(#6527,#6528,
#6529),(#6530,#6531,#6532)),.UNSPECIFIED.,.F.,.F.,.F.)
B_SPLINE_SURFACE_WITH_KNOTS((4,4),(3,3),(-1.96414065567474E-14,0.000499851317965988),
(0.,1.),.PIECEWISE_BEZIER_KNOTS.)
GEOMETRIC_REPRESENTATION_ITEM()
RATIONAL_B_SPLINE_SURFACE(((1.,0.643910881921443,1.),(1.,0.642293109767468,
1.),(1.,0.640772190745018,1.),(1.,0.639341513299167,1.)))
REPRESENTATION_ITEM('')
SURFACE()
);
#2680=(
BOUNDED_SURFACE()
B_SPLINE_SURFACE(3,2,((#6534,#6535,#6536),(#6537,#6538,#6539),(#6540,#6541,
#6542),(#6543,#6544,#6545),(#6546,#6547,#6548),(#6549,#6550,#6551),(#6552,
#6553,#6554),(#6555,#6556,#6557),(#6558,#6559,#6560),(#6561,#6562,#6563),
(#6564,#6565,#6566)),.UNSPECIFIED.,.F.,.F.,.F.)
B_SPLINE_SURFACE_WITH_KNOTS((4,1,1,1,1,1,1,1,4),(3,3),(-2.16840434497101E-18,
0.00116130051834039,0.00232260103668078,0.00348390155502117,0.00464520207336156,
0.00580650259170195,0.00696780311004234,0.00812910362838274,0.00929040414672313),
(0.,1.),.UNSPECIFIED.)
GEOMETRIC_REPRESENTATION_ITEM()
RATIONAL_B_SPLINE_SURFACE(((1.,0.734860327899894,1.),(1.,0.750328425572388,
1.),(1.,0.766351807922454,1.),(1.,0.748379813964874,1.),(1.,0.723087575347254,
1.),(1.,0.727983744717167,1.),(1.,0.756073502745057,1.),(1.,0.763457941616157,
1.),(1.,0.723751860958357,1.),(1.,0.672667590030914,1.),(1.,0.643910881918529,
1.)))
REPRESENTATION_ITEM('')
SURFACE()
);
#2681=(
BOUNDED_SURFACE()
B_SPLINE_SURFACE(3,2,((#6573,#6574,#6575),(#6576,#6577,#6578),(#6579,#6580,
#6581),(#6582,#6583,#6584)),.UNSPECIFIED.,.F.,.F.,.F.)
B_SPLINE_SURFACE_WITH_KNOTS((4,4),(3,3),(1.79977560632594E-17,0.00265814716671122),
(0.,1.),.PIECEWISE_BEZIER_KNOTS.)
GEOMETRIC_REPRESENTATION_ITEM()
RATIONAL_B_SPLINE_SURFACE(((1.,0.751121803701661,1.),(1.,0.747368720101657,
1.),(1.,0.742065098113126,1.),(1.,0.734860327899978,1.)))
REPRESENTATION_ITEM('')
SURFACE()
);
#2682=(
BOUNDED_SURFACE()
B_SPLINE_SURFACE(3,2,((#6586,#6587,#6588),(#6589,#6590,#6591),(#6592,#6593,
#6594),(#6595,#6596,#6597),(#6598,#6599,#6600),(#6601,#6602,#6603)),
 .UNSPECIFIED.,.F.,.F.,.F.)
B_SPLINE_SURFACE_WITH_KNOTS((4,1,1,4),(3,3),(2.80743310543397E-15,0.00081884475836417,
0.00163768951672553,0.00327537903344826),(0.,1.),.UNSPECIFIED.)
GEOMETRIC_REPRESENTATION_ITEM()
RATIONAL_B_SPLINE_SURFACE(((1.,0.751121803694458,1.),(1.,0.794211929068769,
1.),(1.,0.86762724378525,1.),(1.,0.971165029065431,1.),(1.,0.999999999993636,
1.),(1.,1.,1.)))
REPRESENTATION_ITEM('')
SURFACE()
);
#2683=(
BOUNDED_SURFACE()
B_SPLINE_SURFACE(3,2,((#6604,#6605,#6606),(#6607,#6608,#6609),(#6610,#6611,
#6612),(#6613,#6614,#6615),(#6616,#6617,#6618),(#6619,#6620,#6621),(#6622,
#6623,#6624)),.UNSPECIFIED.,.F.,.F.,.F.)
B_SPLINE_SURFACE_WITH_KNOTS((4,1,1,1,4),(3,3),(9.32413868337534E-18,0.00100632928229548,
0.00201265856459094,0.00301898784688641,0.00402531712918188),(0.,1.),
 .UNSPECIFIED.)
GEOMETRIC_REPRESENTATION_ITEM()
RATIONAL_B_SPLINE_SURFACE(((1.,0.627249624348706,1.),(1.,0.689733627721454,
1.),(1.,0.802553270435088,1.),(1.,0.918340618352915,1.),(1.,0.985210850223132,
1.),(1.,1.00000000000231,1.),(1.,1.,1.)))
REPRESENTATION_ITEM('')
SURFACE()
);
#2684=(
BOUNDED_SURFACE()
B_SPLINE_SURFACE(3,2,((#6625,#6626,#6627),(#6628,#6629,#6630),(#6631,#6632,
#6633),(#6634,#6635,#6636)),.UNSPECIFIED.,.F.,.F.,.F.)
B_SPLINE_SURFACE_WITH_KNOTS((4,4),(3,3),(-1.04083408558608E-17,0.00218971804115797),
(0.,1.),.PIECEWISE_BEZIER_KNOTS.)
GEOMETRIC_REPRESENTATION_ITEM()
RATIONAL_B_SPLINE_SURFACE(((1.,0.652956614586001,1.),(1.,0.702338808670544,
1.),(1.,0.742631907817531,1.),(1.,0.754921545287175,1.)))
REPRESENTATION_ITEM('')
SURFACE()
);
#2685=(
BOUNDED_SURFACE()
B_SPLINE_SURFACE(3,2,((#6639,#6640,#6641),(#6642,#6643,#6644),(#6645,#6646,
#6647),(#6648,#6649,#6650)),.UNSPECIFIED.,.F.,.F.,.F.)
B_SPLINE_SURFACE_WITH_KNOTS((4,4),(3,3),(-3.31653107754626E-14,0.00288251025046346),
(0.,1.),.PIECEWISE_BEZIER_KNOTS.)
GEOMETRIC_REPRESENTATION_ITEM()
RATIONAL_B_SPLINE_SURFACE(((1.,0.645176833344969,1.),(1.,0.646429211339816,
1.),(1.,0.648680395982421,1.),(1.,0.652956614590866,1.)))
REPRESENTATION_ITEM('')
SURFACE()
);
#2686=(
BOUNDED_SURFACE()
B_SPLINE_SURFACE(3,2,((#6652,#6653,#6654),(#6655,#6656,#6657),(#6658,#6659,
#6660),(#6661,#6662,#6663),(#6664,#6665,#6666),(#6667,#6668,#6669),(#6670,
#6671,#6672),(#6673,#6674,#6675)),.UNSPECIFIED.,.F.,.F.,.F.)
B_SPLINE_SURFACE_WITH_KNOTS((4,1,1,1,1,4),(3,3),(1.53956708492942E-17,0.000423926686004441,
0.000847853372008867,0.00127178005801329,0.00148374340101551,0.00169570674401772),
(0.,1.),.UNSPECIFIED.)
GEOMETRIC_REPRESENTATION_ITEM()
RATIONAL_B_SPLINE_SURFACE(((1.,0.645176833299085,1.),(1.,0.718502821187961,
1.),(1.,0.827507969650032,1.),(1.,0.930433761608451,1.),(1.,0.978117678286519,
1.),(1.,0.996891868284461,1.),(1.,1.00000000015801,1.),(1.,1.,1.)))
REPRESENTATION_ITEM('')
SURFACE()
);
#2687=(
BOUNDED_SURFACE()
B_SPLINE_SURFACE(3,2,((#6789,#6790,#6791),(#6792,#6793,#6794),(#6795,#6796,
#6797),(#6798,#6799,#6800)),.UNSPECIFIED.,.F.,.F.,.F.)
B_SPLINE_SURFACE_WITH_KNOTS((4,4),(3,3),(-1.73472347597681E-18,0.00129870353871931),
(0.,1.),.PIECEWISE_BEZIER_KNOTS.)
GEOMETRIC_REPRESENTATION_ITEM()
RATIONAL_B_SPLINE_SURFACE(((1.,0.728748657686686,1.),(1.,0.729569181947065,
1.),(1.,0.730388639226491,1.),(1.,0.731207146463295,1.)))
REPRESENTATION_ITEM('')
SURFACE()
);
#2688=(
BOUNDED_SURFACE()
B_SPLINE_SURFACE(3,2,((#6806,#6807,#6808),(#6809,#6810,#6811),(#6812,#6813,
#6814),(#6815,#6816,#6817)),.UNSPECIFIED.,.F.,.F.,.F.)
B_SPLINE_SURFACE_WITH_KNOTS((4,4),(3,3),(-5.63785129692462E-18,0.00100986283659836),
(0.,1.),.PIECEWISE_BEZIER_KNOTS.)
GEOMETRIC_REPRESENTATION_ITEM()
RATIONAL_B_SPLINE_SURFACE(((1.,0.726831421765273,1.),(1.,0.72747095139297,
1.),(1.,0.728109888848804,1.),(1.,0.7287481801061,1.)))
REPRESENTATION_ITEM('')
SURFACE()
);
#2689=(
BOUNDED_SURFACE()
B_SPLINE_SURFACE(3,2,((#6819,#6820,#6821),(#6822,#6823,#6824),(#6825,#6826,
#6827),(#6828,#6829,#6830)),.UNSPECIFIED.,.F.,.F.,.F.)
B_SPLINE_SURFACE_WITH_KNOTS((4,4),(3,3),(-1.0842021724855E-18,0.00381533980083314),
(0.,1.),.PIECEWISE_BEZIER_KNOTS.)
GEOMETRIC_REPRESENTATION_ITEM()
RATIONAL_B_SPLINE_SURFACE(((1.,0.726831421765277,1.),(1.,0.738277826680318,
1.),(1.,0.747357181896385,1.),(1.,0.752416022818103,1.)))
REPRESENTATION_ITEM('')
SURFACE()
);
#2690=(
BOUNDED_SURFACE()
B_SPLINE_SURFACE(3,2,((#6832,#6833,#6834),(#6835,#6836,#6837),(#6838,#6839,
#6840),(#6841,#6842,#6843),(#6844,#6845,#6846)),.UNSPECIFIED.,.F.,.F.,.F.)
B_SPLINE_SURFACE_WITH_KNOTS((4,1,4),(3,3),(-1.95156391047391E-18,0.00165556825451878,
0.00331113650903755),(0.,1.),.UNSPECIFIED.)
GEOMETRIC_REPRESENTATION_ITEM()
RATIONAL_B_SPLINE_SURFACE(((1.,0.752416022818127,1.),(1.,0.773490125061544,
1.),(1.,0.800358821540644,1.),(1.,0.775303163433889,1.),(1.,0.754709580222772,
1.)))
REPRESENTATION_ITEM('')
SURFACE()
);
#2691=(
BOUNDED_SURFACE()
B_SPLINE_SURFACE(3,2,((#6849,#6850,#6851),(#6852,#6853,#6854),(#6855,#6856,
#6857),(#6858,#6859,#6860)),.UNSPECIFIED.,.F.,.F.,.F.)
B_SPLINE_SURFACE_WITH_KNOTS((4,4),(3,3),(0.0135639773862023,0.0144618013790047),
(0.,1.),.PIECEWISE_BEZIER_KNOTS.)
GEOMETRIC_REPRESENTATION_ITEM()
RATIONAL_B_SPLINE_SURFACE(((1.,0.735281024756084,1.),(1.,0.722567037862712,
1.),(1.,0.70822580283524,1.),(1.,0.693503428426836,1.)))
REPRESENTATION_ITEM('')
SURFACE()
);
#2692=(
BOUNDED_SURFACE()
B_SPLINE_SURFACE(3,2,((#6862,#6863,#6864),(#6865,#6866,#6867),(#6868,#6869,
#6870),(#6871,#6872,#6873)),.UNSPECIFIED.,.F.,.F.,.F.)
B_SPLINE_SURFACE_WITH_KNOTS((4,4),(3,3),(-5.42101086242752E-18,0.00272777422873215),
(0.,1.),.PIECEWISE_BEZIER_KNOTS.)
GEOMETRIC_REPRESENTATION_ITEM()
RATIONAL_B_SPLINE_SURFACE(((1.,0.69350342842676,1.),(1.,0.682281788645959,
1.),(1.,0.672636100088041,1.),(1.,0.664573440522583,1.)))
REPRESENTATION_ITEM('')
SURFACE()
);
#2693=(
BOUNDED_SURFACE()
B_SPLINE_SURFACE(3,2,((#6875,#6876,#6877),(#6878,#6879,#6880),(#6881,#6882,
#6883),(#6884,#6885,#6886)),.UNSPECIFIED.,.F.,.F.,.F.)
B_SPLINE_SURFACE_WITH_KNOTS((4,4),(3,3),(-4.94177311918809E-12,0.00100995571405216),
(0.,1.),.PIECEWISE_BEZIER_KNOTS.)
GEOMETRIC_REPRESENTATION_ITEM()
RATIONAL_B_SPLINE_SURFACE(((1.,0.667617598293903,1.),(1.,0.666611527379178,
1.),(1.,0.665596909143876,1.),(1.,0.664573440522596,1.)))
REPRESENTATION_ITEM('')
SURFACE()
);
#2694=(
BOUNDED_SURFACE()
B_SPLINE_SURFACE(3,2,((#6892,#6893,#6894),(#6895,#6896,#6897),(#6898,#6899,
#6900),(#6901,#6902,#6903)),.UNSPECIFIED.,.F.,.F.,.F.)
B_SPLINE_SURFACE_WITH_KNOTS((4,4),(3,3),(-2.25514051876985E-17,0.00130167912968916),
(0.,1.),.PIECEWISE_BEZIER_KNOTS.)
GEOMETRIC_REPRESENTATION_ITEM()
RATIONAL_B_SPLINE_SURFACE(((1.,0.667618551910104,1.),(1.,0.668915215274667,
1.),(1.,0.670197787862869,1.),(1.,0.671466948981923,1.)))
REPRESENTATION_ITEM('')
SURFACE()
);
#2695=(
BOUNDED_SURFACE()
B_SPLINE_SURFACE(3,2,((#6904,#6905,#6906),(#6907,#6908,#6909),(#6910,#6911,
#6912),(#6913,#6914,#6915)),.UNSPECIFIED.,.F.,.F.,.F.)
B_SPLINE_SURFACE_WITH_KNOTS((4,4),(3,3),(0.00836270386558259,0.00966893322471473),
(0.,1.),.PIECEWISE_BEZIER_KNOTS.)
GEOMETRIC_REPRESENTATION_ITEM()
RATIONAL_B_SPLINE_SURFACE(((1.,0.719114208178447,1.),(1.,0.714832940526619,
1.),(1.,0.7105416699119,1.),(1.,0.706246643126124,1.)))
REPRESENTATION_ITEM('')
SURFACE()
);
#2696=(
BOUNDED_SURFACE()
B_SPLINE_SURFACE(3,2,((#6921,#6922,#6923),(#6924,#6925,#6926),(#6927,#6928,
#6929),(#6930,#6931,#6932)),.UNSPECIFIED.,.F.,.F.,.F.)
B_SPLINE_SURFACE_WITH_KNOTS((4,4),(3,3),(0.00964528717542071,0.0106550221875778),
(0.,1.),.PIECEWISE_BEZIER_KNOTS.)
GEOMETRIC_REPRESENTATION_ITEM()
RATIONAL_B_SPLINE_SURFACE(((1.,0.706300312283557,1.),(1.,0.702978322133444,
1.),(1.,0.699657770756661,1.),(1.,0.696339534803334,1.)))
REPRESENTATION_ITEM('')
SURFACE()
);
#2697=(
BOUNDED_SURFACE()
B_SPLINE_SURFACE(3,2,((#6938,#6939,#6940),(#6941,#6942,#6943),(#6944,#6945,
#6946),(#6947,#6948,#6949)),.UNSPECIFIED.,.F.,.F.,.F.)
B_SPLINE_SURFACE_WITH_KNOTS((4,4),(3,3),(0.0138060882675768,0.0149313281491912),
(0.,1.),.PIECEWISE_BEZIER_KNOTS.)
GEOMETRIC_REPRESENTATION_ITEM()
RATIONAL_B_SPLINE_SURFACE(((1.,0.696339534803334,1.),(1.,0.69685668665021,
1.),(1.,0.697416456733621,1.),(1.,0.698069757044345,1.)))
REPRESENTATION_ITEM('')
SURFACE()
);
#2698=(
BOUNDED_SURFACE()
B_SPLINE_SURFACE(3,2,((#6951,#6952,#6953),(#6954,#6955,#6956),(#6957,#6958,
#6959),(#6960,#6961,#6962),(#6963,#6964,#6965)),.UNSPECIFIED.,.F.,.F.,.F.)
B_SPLINE_SURFACE_WITH_KNOTS((4,1,4),(3,3),(-3.68628738645072E-18,0.00232827090879509,
0.00465654181759018),(0.,1.),.UNSPECIFIED.)
GEOMETRIC_REPRESENTATION_ITEM()
RATIONAL_B_SPLINE_SURFACE(((1.,0.698069757044347,1.),(1.,0.714916764982033,
1.),(1.,0.775894921193945,1.),(1.,0.816330542208851,1.),(1.,0.820015132472375,
1.)))
REPRESENTATION_ITEM('')
SURFACE()
);
#2699=(
BOUNDED_SURFACE()
B_SPLINE_SURFACE(3,2,((#6967,#6968,#6969),(#6970,#6971,#6972),(#6973,#6974,
#6975),(#6976,#6977,#6978),(#6979,#6980,#6981)),.UNSPECIFIED.,.F.,.F.,.F.)
B_SPLINE_SURFACE_WITH_KNOTS((4,1,4),(3,3),(0.00433154470451759,0.00591322502567856,
0.00749490534683953),(0.,1.),.UNSPECIFIED.)
GEOMETRIC_REPRESENTATION_ITEM()
RATIONAL_B_SPLINE_SURFACE(((1.,0.820015141094334,1.),(1.,0.808962128260901,
1.),(1.,0.778355658466287,1.),(1.,0.758187549487195,1.),(1.,0.754709580222767,
1.)))
REPRESENTATION_ITEM('')
SURFACE()
);
#2700=(
BOUNDED_SURFACE()
B_SPLINE_SURFACE(3,2,((#6985,#6986,#6987),(#6988,#6989,#6990),(#6991,#6992,
#6993),(#6994,#6995,#6996),(#6997,#6998,#6999)),.UNSPECIFIED.,.F.,.F.,.F.)
B_SPLINE_SURFACE_WITH_KNOTS((4,1,4),(3,3),(0.00836154815153249,0.00996104939847316,
0.0115605506454138),(0.,1.),.UNSPECIFIED.)
GEOMETRIC_REPRESENTATION_ITEM()
RATIONAL_B_SPLINE_SURFACE(((1.,0.754709580222785,1.),(1.,0.758193210493596,
1.),(1.,0.778703816327671,1.),(1.,0.809532938922308,1.),(1.,0.82056766018606,
1.)))
REPRESENTATION_ITEM('')
SURFACE()
);
#2701=(
BOUNDED_SURFACE()
B_SPLINE_SURFACE(3,2,((#7001,#7002,#7003),(#7004,#7005,#7006),(#7007,#7008,
#7009),(#7010,#7011,#7012),(#7013,#7014,#7015)),.UNSPECIFIED.,.F.,.F.,.F.)
B_SPLINE_SURFACE_WITH_KNOTS((4,1,4),(3,3),(3.14418630020796E-17,0.00230911609059956,
0.00461823218119908),(0.,1.),.UNSPECIFIED.)
GEOMETRIC_REPRESENTATION_ITEM()
RATIONAL_B_SPLINE_SURFACE(((1.,0.820567660186061,1.),(1.,0.816678116091052,
1.),(1.,0.776691611414621,1.),(1.,0.716200798914146,1.),(1.,0.699375929065198,
1.)))
REPRESENTATION_ITEM('')
SURFACE()
);
#2702=(
BOUNDED_SURFACE()
B_SPLINE_SURFACE(3,2,((#7017,#7018,#7019),(#7020,#7021,#7022),(#7023,#7024,
#7025),(#7026,#7027,#7028)),.UNSPECIFIED.,.F.,.F.,.F.)
B_SPLINE_SURFACE_WITH_KNOTS((4,4),(3,3),(0.0156142868310816,0.0167540080046435),
(0.,1.),.PIECEWISE_BEZIER_KNOTS.)
GEOMETRIC_REPRESENTATION_ITEM()
RATIONAL_B_SPLINE_SURFACE(((1.,0.699375929065194,1.),(1.,0.698731543655291,
1.),(1.,0.69816932234931,1.),(1.,0.697649889364233,1.)))
REPRESENTATION_ITEM('')
SURFACE()
);
#2703=(
BOUNDED_SURFACE()
B_SPLINE_SURFACE(3,2,((#7030,#7031,#7032),(#7033,#7034,#7035),(#7036,#7037,
#7038),(#7039,#7040,#7041)),.UNSPECIFIED.,.F.,.F.,.F.)
B_SPLINE_SURFACE_WITH_KNOTS((4,4),(3,3),(0.00835909731189183,0.00966532679942866),
(0.,1.),.PIECEWISE_BEZIER_KNOTS.)
GEOMETRIC_REPRESENTATION_ITEM()
RATIONAL_B_SPLINE_SURFACE(((1.,0.720420920015622,1.),(1.,0.716141691338255,
1.),(1.,0.711851806555897,1.),(1.,0.707557545160383,1.)))
REPRESENTATION_ITEM('')
SURFACE()
);
#2704=(
BOUNDED_SURFACE()
B_SPLINE_SURFACE(3,2,((#7047,#7048,#7049),(#7050,#7051,#7052),(#7053,#7054,
#7055),(#7056,#7057,#7058)),.UNSPECIFIED.,.F.,.F.,.F.)
B_SPLINE_SURFACE_WITH_KNOTS((4,4),(3,3),(0.00964152142137692,0.010651258298633),
(0.,1.),.PIECEWISE_BEZIER_KNOTS.)
GEOMETRIC_REPRESENTATION_ITEM()
RATIONAL_B_SPLINE_SURFACE(((1.,0.707612229731418,1.),(1.,0.704289850272668,
1.),(1.,0.700968767764337,1.),(1.,0.697649889364209,1.)))
REPRESENTATION_ITEM('')
SURFACE()
);
#2705=(
BOUNDED_SURFACE()
B_SPLINE_SURFACE(3,2,((#7118,#7119,#7120),(#7121,#7122,#7123),(#7124,#7125,
#7126),(#7127,#7128,#7129),(#7130,#7131,#7132),(#7133,#7134,#7135),(#7136,
#7137,#7138),(#7139,#7140,#7141),(#7142,#7143,#7144),(#7145,#7146,#7147),
(#7148,#7149,#7150),(#7151,#7152,#7153),(#7154,#7155,#7156),(#7157,#7158,
#7159),(#7160,#7161,#7162)),.UNSPECIFIED.,.F.,.F.,.F.)
B_SPLINE_SURFACE_WITH_KNOTS((4,1,1,1,1,1,1,1,1,1,1,1,4),(3,3),(0.00453163989544897,
0.00659588731135935,0.00866013472726974,0.00969225843522493,0.0107243821431801,
0.0117565058511353,0.0127886295590905,0.0138207532670457,0.0148528769750009,
0.0158850006829561,0.0169171243909113,0.0189813718068217,0.021045619222732),
(0.,1.),.UNSPECIFIED.)
GEOMETRIC_REPRESENTATION_ITEM()
RATIONAL_B_SPLINE_SURFACE(((1.,0.435132818457459,1.),(1.,0.498197261152745,
1.),(1.,0.616941973731695,1.),(1.,0.722455762770066,1.),(1.,0.752935845893251,
1.),(1.,0.74812543551984,1.),(1.,0.729964165336807,1.),(1.,0.720444237649212,
1.),(1.,0.730072137995131,1.),(1.,0.748191841458129,1.),(1.,0.753940120030067,
1.),(1.,0.725783421563393,1.),(1.,0.621015417818338,1.),(1.,0.500805548024017,
1.),(1.,0.436972973660252,1.)))
REPRESENTATION_ITEM('')
SURFACE()
);
#2706=(
BOUNDED_SURFACE()
B_SPLINE_SURFACE(3,2,((#7165,#7166,#7167),(#7168,#7169,#7170),(#7171,#7172,
#7173),(#7174,#7175,#7176),(#7177,#7178,#7179),(#7180,#7181,#7182),(#7183,
#7184,#7185)),.UNSPECIFIED.,.F.,.F.,.F.)
B_SPLINE_SURFACE_WITH_KNOTS((4,1,1,1,4),(3,3),(2.33103467084383E-17,0.00140573945529724,
0.00281147891059445,0.00421721836589166,0.00562295782118888),(0.,1.),
 .UNSPECIFIED.)
GEOMETRIC_REPRESENTATION_ITEM()
RATIONAL_B_SPLINE_SURFACE(((1.,0.436972973660256,1.),(1.,0.446437251738558,
1.),(1.,0.461482924589413,1.),(1.,0.480603192897327,1.),(1.,0.461368920289828,
1.),(1.,0.445156743842724,1.),(1.,0.435132818457449,1.)))
REPRESENTATION_ITEM('')
SURFACE()
);
#2707=(
BOUNDED_SURFACE()
B_SPLINE_SURFACE(3,2,((#7186,#7187,#7188),(#7189,#7190,#7191),(#7192,#7193,
#7194),(#7195,#7196,#7197),(#7198,#7199,#7200),(#7201,#7202,#7203),(#7204,
#7205,#7206)),.UNSPECIFIED.,.F.,.F.,.F.)
B_SPLINE_SURFACE_WITH_KNOTS((4,1,1,1,4),(3,3),(1.12757025938492E-17,0.00112397330637582,
0.00224794661275163,0.00337191991912744,0.00449589322550325),(0.,1.),
 .UNSPECIFIED.)
GEOMETRIC_REPRESENTATION_ITEM()
RATIONAL_B_SPLINE_SURFACE(((1.,0.745037486963125,1.),(1.,0.759057802761013,
1.),(1.,0.778213718463538,1.),(1.,0.787050355369565,1.),(1.,0.807148217775611,
1.),(1.,0.854667806606472,1.),(1.,0.866025403784438,1.)))
REPRESENTATION_ITEM('')
SURFACE()
);
#2708=(
BOUNDED_SURFACE()
B_SPLINE_SURFACE(3,2,((#7209,#7210,#7211),(#7212,#7213,#7214),(#7215,#7216,
#7217),(#7218,#7219,#7220),(#7221,#7222,#7223),(#7224,#7225,#7226),(#7227,
#7228,#7229),(#7230,#7231,#7232),(#7233,#7234,#7235)),.UNSPECIFIED.,.F.,
 .F.,.F.)
B_SPLINE_SURFACE_WITH_KNOTS((4,1,1,1,1,1,4),(3,3),(1.95156391047391E-18,
0.00117611175540485,0.00235222351080969,0.00470444702161938,0.00705667053242907,
0.00823278228783391,0.00940889404323876),(0.,1.),.UNSPECIFIED.)
GEOMETRIC_REPRESENTATION_ITEM()
RATIONAL_B_SPLINE_SURFACE(((1.,0.745037486963125,1.),(1.,0.762431762130434,
1.),(1.,0.788605942138155,1.),(1.,0.802254464464816,1.),(1.,0.779033618681387,
1.),(1.,0.802181841163772,1.),(1.,0.788763670359341,1.),(1.,0.762445204546558,
1.),(1.,0.745037486963125,1.)))
REPRESENTATION_ITEM('')
SURFACE()
);
#2709=(
BOUNDED_SURFACE()
B_SPLINE_SURFACE(3,2,((#7239,#7240,#7241),(#7242,#7243,#7244),(#7245,#7246,
#7247),(#7248,#7249,#7250),(#7251,#7252,#7253),(#7254,#7255,#7256),(#7257,
#7258,#7259)),.UNSPECIFIED.,.F.,.F.,.F.)
B_SPLINE_SURFACE_WITH_KNOTS((4,1,1,1,4),(3,3),(0.00509053890323716,0.00621602603863377,
0.00734151317403038,0.00846700030942699,0.0095924874448236),(0.,1.),
 .UNSPECIFIED.)
GEOMETRIC_REPRESENTATION_ITEM()
RATIONAL_B_SPLINE_SURFACE(((1.,0.866025403783777,1.),(1.,0.854652509678186,
1.),(1.,0.807368590429041,1.),(1.,0.787007810422847,1.),(1.,0.77832729676118,
1.),(1.,0.759075437234086,1.),(1.,0.745037486963125,1.)))
REPRESENTATION_ITEM('')
SURFACE()
);
#2710=(
BOUNDED_SURFACE()
B_SPLINE_SURFACE(3,2,((#7308,#7309,#7310),(#7311,#7312,#7313),(#7314,#7315,
#7316),(#7317,#7318,#7319)),.UNSPECIFIED.,.F.,.F.,.F.)
B_SPLINE_SURFACE_WITH_KNOTS((4,4),(3,3),(1.03338019565025E-19,2.87596039062956E-6),
(0.,1.),.PIECEWISE_BEZIER_KNOTS.)
GEOMETRIC_REPRESENTATION_ITEM()
RATIONAL_B_SPLINE_SURFACE(((1.,0.622258967103659,1.),(1.,0.622258820930306,
1.),(1.,0.622258747843519,1.),(1.,0.622258747843458,1.)))
REPRESENTATION_ITEM('')
SURFACE()
);
#2711=(
BOUNDED_SURFACE()
B_SPLINE_SURFACE(3,2,((#7321,#7322,#7323),(#7324,#7325,#7326),(#7327,#7328,
#7329),(#7330,#7331,#7332),(#7333,#7334,#7335)),.UNSPECIFIED.,.F.,.F.,.F.)
B_SPLINE_SURFACE_WITH_KNOTS((4,1,4),(3,3),(-2.40692882291782E-17,0.00141634760883876,
0.00283269521767754),(0.,1.),.UNSPECIFIED.)
GEOMETRIC_REPRESENTATION_ITEM()
RATIONAL_B_SPLINE_SURFACE(((1.,0.613975823130922,1.),(1.,0.61477850729989,
1.),(1.,0.618524783558675,1.),(1.,0.62229210887354,1.),(1.,0.622258967103682,
1.)))
REPRESENTATION_ITEM('')
SURFACE()
);
#2712=(
BOUNDED_SURFACE()
B_SPLINE_SURFACE(3,2,((#7337,#7338,#7339),(#7340,#7341,#7342),(#7343,#7344,
#7345),(#7346,#7347,#7348)),.UNSPECIFIED.,.F.,.F.,.F.)
B_SPLINE_SURFACE_WITH_KNOTS((4,4),(3,3),(-2.12503625807159E-17,5.47507511274741E-5),
(0.,1.),.PIECEWISE_BEZIER_KNOTS.)
GEOMETRIC_REPRESENTATION_ITEM()
RATIONAL_B_SPLINE_SURFACE(((1.,0.613887935455888,1.),(1.,0.613887935465341,
1.),(1.,0.613917249195216,1.),(1.,0.613975823130969,1.)))
REPRESENTATION_ITEM('')
SURFACE()
);
#2713=(
BOUNDED_SURFACE()
B_SPLINE_SURFACE(3,2,((#7352,#7353,#7354),(#7355,#7356,#7357),(#7358,#7359,
#7360),(#7361,#7362,#7363)),.UNSPECIFIED.,.F.,.F.,.F.)
B_SPLINE_SURFACE_WITH_KNOTS((4,4),(3,3),(-3.34529776384491E-11,0.000127872642882606),
(0.,1.),.PIECEWISE_BEZIER_KNOTS.)
GEOMETRIC_REPRESENTATION_ITEM()
RATIONAL_B_SPLINE_SURFACE(((1.,0.614366690519579,1.),(1.,0.614048066829591,
1.),(1.,0.61388793550656,1.),(1.,0.613887935455888,1.)))
REPRESENTATION_ITEM('')
SURFACE()
);
#2714=(
BOUNDED_SURFACE()
B_SPLINE_SURFACE(3,2,((#7365,#7366,#7367),(#7368,#7369,#7370),(#7371,#7372,
#7373),(#7374,#7375,#7376),(#7377,#7378,#7379)),.UNSPECIFIED.,.F.,.F.,.F.)
B_SPLINE_SURFACE_WITH_KNOTS((4,1,4),(3,3),(1.95156391047391E-18,0.00138013762588321,
0.00276027525176643),(0.,1.),.UNSPECIFIED.)
GEOMETRIC_REPRESENTATION_ITEM()
RATIONAL_B_SPLINE_SURFACE(((1.,0.625837727583349,1.),(1.,0.625868555966584,
1.),(1.,0.621708190068033,1.),(1.,0.616187536264456,1.),(1.,0.614366692624745,
1.)))
REPRESENTATION_ITEM('')
SURFACE()
);
#2715=(
BOUNDED_SURFACE()
B_SPLINE_SURFACE(3,2,((#7381,#7382,#7383),(#7384,#7385,#7386),(#7387,#7388,
#7389),(#7390,#7391,#7392)),.UNSPECIFIED.,.F.,.F.,.F.)
B_SPLINE_SURFACE_WITH_KNOTS((4,4),(3,3),(-8.3517448599274E-19,2.87596038596205E-6),
(0.,1.),.PIECEWISE_BEZIER_KNOTS.)
GEOMETRIC_REPRESENTATION_ITEM()
RATIONAL_B_SPLINE_SURFACE(((1.,0.625837513525234,1.),(1.,0.625837513525177,
1.),(1.,0.625837584877968,1.),(1.,0.625837727583394,1.)))
REPRESENTATION_ITEM('')
SURFACE()
);
#2716=(
BOUNDED_SURFACE()
B_SPLINE_SURFACE(3,2,((#7564,#7565,#7566),(#7567,#7568,#7569),(#7570,#7571,
#7572),(#7573,#7574,#7575)),.UNSPECIFIED.,.F.,.F.,.F.)
B_SPLINE_SURFACE_WITH_KNOTS((4,4),(3,3),(1.25767452008319E-17,0.00185125343436471),
(0.,1.),.PIECEWISE_BEZIER_KNOTS.)
GEOMETRIC_REPRESENTATION_ITEM()
RATIONAL_B_SPLINE_SURFACE(((1.,0.637808173322412,1.),(1.,0.68086396537529,
1.),(1.,0.713063518023664,1.),(1.,0.707106781186534,1.)))
REPRESENTATION_ITEM('')
SURFACE()
);
#2717=(
BOUNDED_SURFACE()
B_SPLINE_SURFACE(3,2,((#7583,#7584,#7585),(#7586,#7587,#7588),(#7589,#7590,
#7591),(#7592,#7593,#7594),(#7595,#7596,#7597),(#7598,#7599,#7600),(#7601,
#7602,#7603)),.UNSPECIFIED.,.F.,.F.,.F.)
B_SPLINE_SURFACE_WITH_KNOTS((4,1,1,1,4),(3,3),(-1.09114106638941E-15,0.00106973062229492,
0.00213946124459094,0.00320919186688695,0.00427892248918297),(0.,1.),
 .UNSPECIFIED.)
GEOMETRIC_REPRESENTATION_ITEM()
RATIONAL_B_SPLINE_SURFACE(((1.,0.707106781186526,1.),(1.,0.718917274188221,
1.),(1.,0.73421378913004,1.),(1.,0.681986404345783,1.),(1.,0.574002985497747,
1.),(1.,0.491385110041877,1.),(1.,0.459824947457861,1.)))
REPRESENTATION_ITEM('')
SURFACE()
);
#2718=(
BOUNDED_SURFACE()
B_SPLINE_SURFACE(3,2,((#7605,#7606,#7607),(#7608,#7609,#7610),(#7611,#7612,
#7613),(#7614,#7615,#7616)),.UNSPECIFIED.,.F.,.F.,.F.)
B_SPLINE_SURFACE_WITH_KNOTS((4,4),(3,3),(-4.38017677684144E-17,0.0010553267309145),
(0.,1.),.PIECEWISE_BEZIER_KNOTS.)
GEOMETRIC_REPRESENTATION_ITEM()
RATIONAL_B_SPLINE_SURFACE(((1.,0.459824947457862,1.),(1.,0.439569584566561,
1.),(1.,0.422257757076087,1.),(1.,0.41018440320574,1.)))
REPRESENTATION_ITEM('')
SURFACE()
);
#2719=(
BOUNDED_SURFACE()
B_SPLINE_SURFACE(3,2,((#7625,#7626,#7627),(#7628,#7629,#7630),(#7631,#7632,
#7633),(#7634,#7635,#7636),(#7637,#7638,#7639),(#7640,#7641,#7642),(#7643,
#7644,#7645)),.UNSPECIFIED.,.F.,.F.,.F.)
B_SPLINE_SURFACE_WITH_KNOTS((4,1,1,1,4),(3,3),(3.53449908230274E-17,0.00106959641627064,
0.00213919283254125,0.00320878924881185,0.00427838566508246),(0.,1.),
 .UNSPECIFIED.)
GEOMETRIC_REPRESENTATION_ITEM()
RATIONAL_B_SPLINE_SURFACE(((1.,0.459746231358407,1.),(1.,0.4913752991053,
1.),(1.,0.574101761176844,1.),(1.,0.682027984486207,1.),(1.,0.734256404193967,
1.),(1.,0.718873655206856,1.),(1.,0.707106781187025,1.)))
REPRESENTATION_ITEM('')
SURFACE()
);
#2720=(
BOUNDED_SURFACE()
B_SPLINE_SURFACE(3,2,((#7649,#7650,#7651),(#7652,#7653,#7654),(#7655,#7656,
#7657),(#7658,#7659,#7660),(#7661,#7662,#7663),(#7664,#7665,#7666),(#7667,
#7668,#7669),(#7670,#7671,#7672),(#7673,#7674,#7675),(#7676,#7677,#7678)),
 .UNSPECIFIED.,.F.,.F.,.F.)
B_SPLINE_SURFACE_WITH_KNOTS((4,1,1,1,1,1,1,4),(3,3),(-1.40122288772027E-15,
0.00160285185587657,0.00240427778381556,0.00320570371175455,0.00400712963969353,
0.00480855556763252,0.00560998149557151,0.00641140742351049),(0.,1.),
 .UNSPECIFIED.)
GEOMETRIC_REPRESENTATION_ITEM()
RATIONAL_B_SPLINE_SURFACE(((1.,0.577462253111044,1.),(1.,0.550307855368643,
1.),(1.,0.505270044072079,1.),(1.,0.448316128920932,1.),(1.,0.412225310647258,
1.),(1.,0.391124853683718,1.),(1.,0.39210326791695,1.),(1.,0.416764240923212,
1.),(1.,0.444266319438196,1.),(1.,0.45974623135838,1.)))
REPRESENTATION_ITEM('')
SURFACE()
);
#2721=(
BOUNDED_SURFACE()
B_SPLINE_SURFACE(3,2,((#7682,#7683,#7684),(#7685,#7686,#7687),(#7688,#7689,
#7690),(#7691,#7692,#7693),(#7694,#7695,#7696)),.UNSPECIFIED.,.F.,.F.,.F.)
B_SPLINE_SURFACE_WITH_KNOTS((4,1,4),(3,3),(-2.16840434497101E-19,0.00132897603740806,
0.00265795207481611),(0.,1.),.UNSPECIFIED.)
GEOMETRIC_REPRESENTATION_ITEM()
RATIONAL_B_SPLINE_SURFACE(((1.,0.70710678118655,1.),(1.,0.711425561626306,
1.),(1.,0.679466697057959,1.),(1.,0.612178397993309,1.),(1.,0.577462253111082,
1.)))
REPRESENTATION_ITEM('')
SURFACE()
);
#2722=(
BOUNDED_SURFACE()
B_SPLINE_SURFACE(3,2,((#7700,#7701,#7702),(#7703,#7704,#7705),(#7706,#7707,
#7708),(#7709,#7710,#7711),(#7712,#7713,#7714),(#7715,#7716,#7717),(#7718,
#7719,#7720)),.UNSPECIFIED.,.F.,.F.,.F.)
B_SPLINE_SURFACE_WITH_KNOTS((4,1,1,1,4),(3,3),(7.69783542464708E-18,0.00106988293862943,
0.00213976587725885,0.00320964881588827,0.0042795317545177),(0.,1.),
 .UNSPECIFIED.)
GEOMETRIC_REPRESENTATION_ITEM()
RATIONAL_B_SPLINE_SURFACE(((1.,0.707106781186554,1.),(1.,0.718918384594537,
1.),(1.,0.73423028956099,1.),(1.,0.682010913868822,1.),(1.,0.574010265163473,
1.),(1.,0.491366895210782,1.),(1.,0.459794614612092,1.)))
REPRESENTATION_ITEM('')
SURFACE()
);
#2723=(
BOUNDED_SURFACE()
B_SPLINE_SURFACE(3,2,((#7724,#7725,#7726),(#7727,#7728,#7729),(#7730,#7731,
#7732),(#7733,#7734,#7735),(#7736,#7737,#7738),(#7739,#7740,#7741),(#7742,
#7743,#7744),(#7745,#7746,#7747),(#7748,#7749,#7750),(#7751,#7752,#7753)),
 .UNSPECIFIED.,.F.,.F.,.F.)
B_SPLINE_SURFACE_WITH_KNOTS((4,1,1,1,1,1,1,4),(3,3),(-3.90312782094782E-18,
0.000802440154976598,0.0016048803099532,0.0024073204649298,0.00320976061990641,
0.00401220077488301,0.00481464092985961,0.00641952123981281),(0.,1.),
 .UNSPECIFIED.)
GEOMETRIC_REPRESENTATION_ITEM()
RATIONAL_B_SPLINE_SURFACE(((1.,0.459794614612093,1.),(1.,0.444345078963935,
1.),(1.,0.416933726413323,1.),(1.,0.392249884067244,1.),(1.,0.391117129863876,
1.),(1.,0.412103613016573,1.),(1.,0.448033366417132,1.),(1.,0.505388887129275,
1.),(1.,0.550371139971737,1.),(1.,0.577487363140461,1.)))
REPRESENTATION_ITEM('')
SURFACE()
);
#2724=(
BOUNDED_SURFACE()
B_SPLINE_SURFACE(3,2,((#7757,#7758,#7759),(#7760,#7761,#7762),(#7763,#7764,
#7765),(#7766,#7767,#7768),(#7769,#7770,#7771)),.UNSPECIFIED.,.F.,.F.,.F.)
B_SPLINE_SURFACE_WITH_KNOTS((4,1,4),(3,3),(-1.56558793706907E-16,0.00132822036460523,
0.00265644072921062),(0.,1.),.UNSPECIFIED.)
GEOMETRIC_REPRESENTATION_ITEM()
RATIONAL_B_SPLINE_SURFACE(((1.,0.577487363140355,1.),(1.,0.612193846459064,
1.),(1.,0.679303007094198,1.),(1.,0.71140389942831,1.),(1.,0.707106781186548,
1.)))
REPRESENTATION_ITEM('')
SURFACE()
);
#2725=(
BOUNDED_SURFACE()
B_SPLINE_SURFACE(3,2,((#7789,#7790,#7791),(#7792,#7793,#7794),(#7795,#7796,
#7797),(#7798,#7799,#7800)),.UNSPECIFIED.,.F.,.F.,.F.)
B_SPLINE_SURFACE_WITH_KNOTS((4,4),(3,3),(-1.59377719355369E-17,0.00122902035707489),
(0.,1.),.PIECEWISE_BEZIER_KNOTS.)
GEOMETRIC_REPRESENTATION_ITEM()
RATIONAL_B_SPLINE_SURFACE(((1.,0.735929556027486,1.),(1.,0.727681463590434,
1.),(1.,0.717634346006732,1.),(1.,0.707106781186547,1.)))
REPRESENTATION_ITEM('')
SURFACE()
);
#2726=(
BOUNDED_SURFACE()
B_SPLINE_SURFACE(3,2,((#7807,#7808,#7809),(#7810,#7811,#7812),(#7813,#7814,
#7815),(#7816,#7817,#7818)),.UNSPECIFIED.,.F.,.F.,.F.)
B_SPLINE_SURFACE_WITH_KNOTS((4,4),(3,3),(-1.62630325872826E-18,0.00134955656633765),
(0.,1.),.PIECEWISE_BEZIER_KNOTS.)
GEOMETRIC_REPRESENTATION_ITEM()
RATIONAL_B_SPLINE_SURFACE(((1.,0.707106781186545,1.),(1.,0.718703134368473,
1.),(1.,0.72968919258262,1.),(1.,0.73838951838916,1.)))
REPRESENTATION_ITEM('')
SURFACE()
);
#2727=(
BOUNDED_SURFACE()
B_SPLINE_SURFACE(3,2,((#7825,#7826,#7827),(#7828,#7829,#7830),(#7831,#7832,
#7833),(#7834,#7835,#7836),(#7837,#7838,#7839),(#7840,#7841,#7842),(#7843,
#7844,#7845)),.UNSPECIFIED.,.F.,.F.,.F.)
B_SPLINE_SURFACE_WITH_KNOTS((4,1,1,1,4),(3,3),(-2.38524477946811E-17,0.000768234444018756,
0.00153646888803754,0.00230470333205631,0.00307293777607509),(0.,1.),
 .UNSPECIFIED.)
GEOMETRIC_REPRESENTATION_ITEM()
RATIONAL_B_SPLINE_SURFACE(((1.,0.738389518389159,1.),(1.,0.736369815099912,
1.),(1.,0.761304362928654,1.),(1.,0.865369173919365,1.),(1.,0.969262187799976,
1.),(1.,0.999999996316302,1.),(1.,1.,1.)))
REPRESENTATION_ITEM('')
SURFACE()
);
#2728=(
BOUNDED_SURFACE()
B_SPLINE_SURFACE(3,2,((#7850,#7851,#7852),(#7853,#7854,#7855),(#7856,#7857,
#7858),(#7859,#7860,#7861),(#7862,#7863,#7864),(#7865,#7866,#7867),(#7868,
#7869,#7870)),.UNSPECIFIED.,.F.,.F.,.F.)
B_SPLINE_SURFACE_WITH_KNOTS((4,1,1,1,4),(3,3),(7.04731412115578E-18,0.000768430223681234,
0.00153686044736246,0.00230529067104369,0.00307372089472491),(0.,1.),
 .UNSPECIFIED.)
GEOMETRIC_REPRESENTATION_ITEM()
RATIONAL_B_SPLINE_SURFACE(((1.,0.735929556027487,1.),(1.,0.734119789701146,
1.),(1.,0.759973071219528,1.),(1.,0.865086343782227,1.),(1.,0.96924616739995,
1.),(1.,0.999999996306818,1.),(1.,1.,1.)))
REPRESENTATION_ITEM('')
SURFACE()
);
#2729=ADVANCED_FACE('',(#2451),#2657,.F.);
#2730=ADVANCED_FACE('',(#2452),#274,.F.);
#2731=ADVANCED_FACE('',(#2453),#260,.F.);
#2732=ADVANCED_FACE('',(#2454),#275,.F.);
#2733=ADVANCED_FACE('',(#2455),#2658,.F.);
#2734=ADVANCED_FACE('',(#2456),#2659,.F.);
#2735=ADVANCED_FACE('',(#2457),#2660,.F.);
#2736=ADVANCED_FACE('',(#2458),#2661,.F.);
#2737=ADVANCED_FACE('',(#2459),#2662,.F.);
#2738=ADVANCED_FACE('',(#2460),#2663,.F.);
#2739=ADVANCED_FACE('',(#2461),#2664,.F.);
#2740=ADVANCED_FACE('',(#2462),#2665,.F.);
#2741=ADVANCED_FACE('',(#2463),#2666,.F.);
#2742=ADVANCED_FACE('',(#2464),#240,.T.);
#2743=ADVANCED_FACE('',(#2465),#38,.T.);
#2744=ADVANCED_FACE('',(#2466),#2667,.F.);
#2745=ADVANCED_FACE('',(#2467,#2468),#2668,.T.);
#2746=ADVANCED_FACE('',(#2469),#19,.F.);
#2747=ADVANCED_FACE('',(#2470),#39,.T.);
#2748=ADVANCED_FACE('',(#2471),#20,.T.);
#2749=ADVANCED_FACE('',(#2472),#21,.F.);
#2750=ADVANCED_FACE('',(#2473,#2474,#2475,#2476,#2477),#241,.T.);
#2751=ADVANCED_FACE('',(#2478),#40,.F.);
#2752=ADVANCED_FACE('',(#2479),#41,.F.);
#2753=ADVANCED_FACE('',(#2480,#2481),#42,.T.);
#2754=ADVANCED_FACE('',(#2482),#22,.F.);
#2755=ADVANCED_FACE('',(#2483),#23,.T.);
#2756=ADVANCED_FACE('',(#2484),#2669,.F.);
#2757=ADVANCED_FACE('',(#2485),#24,.T.);
#2758=ADVANCED_FACE('',(#2486),#25,.F.);
#2759=ADVANCED_FACE('',(#2487),#26,.T.);
#2760=ADVANCED_FACE('',(#2488),#27,.F.);
#2761=ADVANCED_FACE('',(#2489),#28,.F.);
#2762=ADVANCED_FACE('',(#2490),#29,.T.);
#2763=ADVANCED_FACE('',(#2491),#30,.T.);
#2764=ADVANCED_FACE('',(#2492),#43,.T.);
#2765=ADVANCED_FACE('',(#2493,#2494),#44,.F.);
#2766=ADVANCED_FACE('',(#2495),#31,.T.);
#2767=ADVANCED_FACE('',(#2496),#32,.T.);
#2768=ADVANCED_FACE('',(#2497),#242,.F.);
#2769=ADVANCED_FACE('',(#2498),#2670,.T.);
#2770=ADVANCED_FACE('',(#2499),#243,.F.);
#2771=ADVANCED_FACE('',(#2500),#2671,.T.);
#2772=ADVANCED_FACE('',(#2501),#276,.T.);
#2773=ADVANCED_FACE('',(#2502),#2672,.T.);
#2774=ADVANCED_FACE('',(#2503),#2673,.F.);
#2775=ADVANCED_FACE('',(#2504),#2674,.F.);
#2776=ADVANCED_FACE('',(#2505),#45,.F.);
#2777=ADVANCED_FACE('',(#2506),#2675,.F.);
#2778=ADVANCED_FACE('',(#2507),#33,.F.);
#2779=ADVANCED_FACE('',(#2508,#2509),#244,.T.);
#2780=ADVANCED_FACE('',(#2510),#34,.T.);
#2781=ADVANCED_FACE('',(#2511),#245,.T.);
#2782=ADVANCED_FACE('',(#2512),#35,.F.);
#2783=ADVANCED_FACE('',(#2513),#46,.F.);
#2784=ADVANCED_FACE('',(#2514),#36,.F.);
#2785=ADVANCED_FACE('',(#2515),#37,.F.);
#2786=ADVANCED_FACE('',(#2516),#47,.F.);
#2787=ADVANCED_FACE('',(#2517),#48,.F.);
#2788=ADVANCED_FACE('',(#2518),#246,.F.);
#2789=ADVANCED_FACE('',(#2519),#49,.T.);
#2790=ADVANCED_FACE('',(#2520),#247,.T.);
#2791=ADVANCED_FACE('',(#2521,#2522),#50,.F.);
#2792=ADVANCED_FACE('',(#2523),#2676,.F.);
#2793=ADVANCED_FACE('',(#2524,#2525),#51,.F.);
#2794=ADVANCED_FACE('',(#2526),#248,.T.);
#2795=ADVANCED_FACE('',(#2527),#52,.F.);
#2796=ADVANCED_FACE('',(#2528),#53,.F.);
#2797=ADVANCED_FACE('',(#2529),#2677,.F.);
#2798=ADVANCED_FACE('',(#2530),#2678,.F.);
#2799=ADVANCED_FACE('',(#2531),#2679,.F.);
#2800=ADVANCED_FACE('',(#2532),#2680,.F.);
#2801=ADVANCED_FACE('',(#2533),#2681,.F.);
#2802=ADVANCED_FACE('',(#2534),#2682,.F.);
#2803=ADVANCED_FACE('',(#2535),#2683,.F.);
#2804=ADVANCED_FACE('',(#2536),#2684,.F.);
#2805=ADVANCED_FACE('',(#2537),#2685,.F.);
#2806=ADVANCED_FACE('',(#2538),#2686,.F.);
#2807=ADVANCED_FACE('',(#2539),#12,.T.);
#2808=ADVANCED_FACE('',(#2540,#2541),#54,.F.);
#2809=ADVANCED_FACE('',(#2542),#249,.T.);
#2810=ADVANCED_FACE('',(#2543),#250,.T.);
#2811=ADVANCED_FACE('',(#2544),#251,.T.);
#2812=ADVANCED_FACE('',(#2545,#2546),#55,.F.);
#2813=ADVANCED_FACE('',(#2547),#252,.T.);
#2814=ADVANCED_FACE('',(#2548),#13,.T.);
#2815=ADVANCED_FACE('',(#2549),#2687,.F.);
#2816=ADVANCED_FACE('',(#2550),#2688,.F.);
#2817=ADVANCED_FACE('',(#2551),#2689,.F.);
#2818=ADVANCED_FACE('',(#2552),#2690,.F.);
#2819=ADVANCED_FACE('',(#2553),#277,.F.);
#2820=ADVANCED_FACE('',(#2554),#2691,.F.);
#2821=ADVANCED_FACE('',(#2555),#2692,.F.);
#2822=ADVANCED_FACE('',(#2556),#2693,.F.);
#2823=ADVANCED_FACE('',(#2557),#2694,.F.);
#2824=ADVANCED_FACE('',(#2558),#2695,.F.);
#2825=ADVANCED_FACE('',(#2559),#2696,.F.);
#2826=ADVANCED_FACE('',(#2560),#2697,.F.);
#2827=ADVANCED_FACE('',(#2561),#2698,.F.);
#2828=ADVANCED_FACE('',(#2562),#2699,.F.);
#2829=ADVANCED_FACE('',(#2563),#278,.F.);
#2830=ADVANCED_FACE('',(#2564),#2700,.F.);
#2831=ADVANCED_FACE('',(#2565),#2701,.F.);
#2832=ADVANCED_FACE('',(#2566),#2702,.F.);
#2833=ADVANCED_FACE('',(#2567),#2703,.F.);
#2834=ADVANCED_FACE('',(#2568),#2704,.F.);
#2835=ADVANCED_FACE('',(#2569),#56,.F.);
#2836=ADVANCED_FACE('',(#2570,#2571),#253,.F.);
#2837=ADVANCED_FACE('',(#2572),#57,.F.);
#2838=ADVANCED_FACE('',(#2573,#2574),#254,.F.);
#2839=ADVANCED_FACE('',(#2575,#2576),#279,.F.);
#2840=ADVANCED_FACE('',(#2577),#280,.F.);
#2841=ADVANCED_FACE('',(#2578),#2705,.T.);
#2842=ADVANCED_FACE('',(#2579),#2706,.T.);
#2843=ADVANCED_FACE('',(#2580),#2707,.T.);
#2844=ADVANCED_FACE('',(#2581),#2708,.T.);
#2845=ADVANCED_FACE('',(#2582),#58,.T.);
#2846=ADVANCED_FACE('',(#2583),#2709,.T.);
#2847=ADVANCED_FACE('',(#2584),#255,.T.);
#2848=ADVANCED_FACE('',(#2585),#256,.F.);
#2849=ADVANCED_FACE('',(#2586),#59,.F.);
#2850=ADVANCED_FACE('',(#2587),#60,.F.);
#2851=ADVANCED_FACE('',(#2588),#257,.F.);
#2852=ADVANCED_FACE('',(#2589),#61,.T.);
#2853=ADVANCED_FACE('',(#2590),#2710,.T.);
#2854=ADVANCED_FACE('',(#2591),#2711,.T.);
#2855=ADVANCED_FACE('',(#2592),#2712,.T.);
#2856=ADVANCED_FACE('',(#2593),#62,.T.);
#2857=ADVANCED_FACE('',(#2594),#2713,.T.);
#2858=ADVANCED_FACE('',(#2595),#2714,.T.);
#2859=ADVANCED_FACE('',(#2596),#2715,.T.);
#2860=ADVANCED_FACE('',(#2597),#63,.T.);
#2861=ADVANCED_FACE('',(#2598),#64,.F.);
#2862=ADVANCED_FACE('',(#2599),#65,.T.);
#2863=ADVANCED_FACE('',(#2600),#66,.T.);
#2864=ADVANCED_FACE('',(#2601),#67,.T.);
#2865=ADVANCED_FACE('',(#2602),#258,.F.);
#2866=ADVANCED_FACE('',(#2603),#68,.F.);
#2867=ADVANCED_FACE('',(#2604),#69,.T.);
#2868=ADVANCED_FACE('',(#2605),#70,.T.);
#2869=ADVANCED_FACE('',(#2606),#71,.T.);
#2870=ADVANCED_FACE('',(#2607),#259,.F.);
#2871=ADVANCED_FACE('',(#2608),#72,.T.);
#2872=ADVANCED_FACE('',(#2609),#73,.F.);
#2873=ADVANCED_FACE('',(#2610),#74,.T.);
#2874=ADVANCED_FACE('',(#2611),#75,.T.);
#2875=ADVANCED_FACE('',(#2612),#76,.F.);
#2876=ADVANCED_FACE('',(#2613),#77,.T.);
#2877=ADVANCED_FACE('',(#2614),#78,.T.);
#2878=ADVANCED_FACE('',(#2615),#79,.T.);
#2879=ADVANCED_FACE('',(#2616),#80,.F.);
#2880=ADVANCED_FACE('',(#2617),#261,.F.);
#2881=ADVANCED_FACE('',(#2618),#2716,.F.);
#2882=ADVANCED_FACE('',(#2619),#281,.F.);
#2883=ADVANCED_FACE('',(#2620),#262,.F.);
#2884=ADVANCED_FACE('',(#2621),#282,.F.);
#2885=ADVANCED_FACE('',(#2622),#2717,.F.);
#2886=ADVANCED_FACE('',(#2623),#2718,.F.);
#2887=ADVANCED_FACE('',(#2624),#263,.F.);
#2888=ADVANCED_FACE('',(#2625),#81,.F.);
#2889=ADVANCED_FACE('',(#2626),#283,.F.);
#2890=ADVANCED_FACE('',(#2627),#2719,.F.);
#2891=ADVANCED_FACE('',(#2628),#264,.F.);
#2892=ADVANCED_FACE('',(#2629),#2720,.F.);
#2893=ADVANCED_FACE('',(#2630),#284,.F.);
#2894=ADVANCED_FACE('',(#2631),#2721,.F.);
#2895=ADVANCED_FACE('',(#2632),#285,.F.);
#2896=ADVANCED_FACE('',(#2633),#2722,.F.);
#2897=ADVANCED_FACE('',(#2634),#265,.F.);
#2898=ADVANCED_FACE('',(#2635),#2723,.F.);
#2899=ADVANCED_FACE('',(#2636),#286,.F.);
#2900=ADVANCED_FACE('',(#2637),#2724,.F.);
#2901=ADVANCED_FACE('',(#2638),#287,.F.);
#2902=ADVANCED_FACE('',(#2639),#288,.T.);
#2903=ADVANCED_FACE('',(#2640),#266,.T.);
#2904=ADVANCED_FACE('',(#2641),#267,.T.);
#2905=ADVANCED_FACE('',(#2642),#2725,.T.);
#2906=ADVANCED_FACE('',(#2643),#2726,.T.);
#2907=ADVANCED_FACE('',(#2644),#2727,.T.);
#2908=ADVANCED_FACE('',(#2645),#2728,.T.);
#2909=ADVANCED_FACE('',(#2646),#268,.T.);
#2910=ADVANCED_FACE('',(#2647),#289,.T.);
#2911=ADVANCED_FACE('',(#2648),#269,.T.);
#2912=ADVANCED_FACE('',(#2649),#270,.T.);
#2913=ADVANCED_FACE('',(#2650),#290,.T.);
#2914=ADVANCED_FACE('',(#2651),#271,.T.);
#2915=ADVANCED_FACE('',(#2652),#291,.T.);
#2916=ADVANCED_FACE('',(#2653),#272,.T.);
#2917=ADVANCED_FACE('',(#2654),#292,.T.);
#2918=ADVANCED_FACE('',(#2655),#273,.T.);
#2919=ADVANCED_FACE('',(#2656),#293,.T.);
#2920=CLOSED_SHELL('',(#2729,#2730,#2731,#2732,#2733,#2734,#2735,#2736,
#2737,#2738,#2739,#2740,#2741,#2742,#2743,#2744,#2745,#2746,#2747,#2748,
#2749,#2750,#2751,#2752,#2753,#2754,#2755,#2756,#2757,#2758,#2759,#2760,
#2761,#2762,#2763,#2764,#2765,#2766,#2767,#2768,#2769,#2770,#2771,#2772,
#2773,#2774,#2775,#2776,#2777,#2778,#2779,#2780,#2781,#2782,#2783,#2784,
#2785,#2786,#2787,#2788,#2789,#2790,#2791,#2792,#2793,#2794,#2795,#2796,
#2797,#2798,#2799,#2800,#2801,#2802,#2803,#2804,#2805,#2806,#2807,#2808,
#2809,#2810,#2811,#2812,#2813,#2814,#2815,#2816,#2817,#2818,#2819,#2820,
#2821,#2822,#2823,#2824,#2825,#2826,#2827,#2828,#2829,#2830,#2831,#2832,
#2833,#2834,#2835,#2836,#2837,#2838,#2839,#2840,#2841,#2842,#2843,#2844,
#2845,#2846,#2847,#2848,#2849,#2850,#2851,#2852,#2853,#2854,#2855,#2856,
#2857,#2858,#2859,#2860,#2861,#2862,#2863,#2864,#2865,#2866,#2867,#2868,
#2869,#2870,#2871,#2872,#2873,#2874,#2875,#2876,#2877,#2878,#2879,#2880,
#2881,#2882,#2883,#2884,#2885,#2886,#2887,#2888,#2889,#2890,#2891,#2892,
#2893,#2894,#2895,#2896,#2897,#2898,#2899,#2900,#2901,#2902,#2903,#2904,
#2905,#2906,#2907,#2908,#2909,#2910,#2911,#2912,#2913,#2914,#2915,#2916,
#2917,#2918,#2919));
#2921=STYLED_ITEM('',(#2922),#2931);
#2922=PRESENTATION_STYLE_ASSIGNMENT((#2923));
#2923=SURFACE_STYLE_USAGE(.BOTH.,#2924);
#2924=SURFACE_SIDE_STYLE('',(#2927,#2925));
#2925=SURFACE_STYLE_RENDERING_WITH_PROPERTIES(.CONSTANT_SHADING.,#2930,
(#2926));
#2926=SURFACE_STYLE_TRANSPARENT(0.380392156862745);
#2927=SURFACE_STYLE_FILL_AREA(#2928);
#2928=FILL_AREA_STYLE('',(#2929));
#2929=FILL_AREA_STYLE_COLOUR('',#2930);
#2930=COLOUR_RGB('',0.768627450980392,0.886274509803922,0.952941176470588);
#2931=MANIFOLD_SOLID_BREP('Back',#2920);
#2932=SHAPE_DEFINITION_REPRESENTATION(#7896,#2933);
#2933=SHAPE_REPRESENTATION('Back',(#2934),#7891);
#2934=AXIS2_PLACEMENT_3D('',#3820,#3203,#3204);
#2935=AXIS2_PLACEMENT_3D('',#3836,#3205,#3206);
#2936=AXIS2_PLACEMENT_3D('',#3846,#3207,#3208);
#2937=AXIS2_PLACEMENT_3D('',#3853,#3209,#3210);
#2938=AXIS2_PLACEMENT_3D('',#3854,#3211,#3212);
#2939=AXIS2_PLACEMENT_3D('',#3856,#3213,#3214);
#2940=AXIS2_PLACEMENT_3D('',#3858,#3215,#3216);
#2941=AXIS2_PLACEMENT_3D('',#3859,#3217,#3218);
#2942=AXIS2_PLACEMENT_3D('',#3860,#3219,#3220);
#2943=AXIS2_PLACEMENT_3D('',#3862,#3221,#3222);
#2944=AXIS2_PLACEMENT_3D('',#3863,#3223,#3224);
#2945=AXIS2_PLACEMENT_3D('',#3864,#3225,#3226);
#2946=AXIS2_PLACEMENT_3D('',#3866,#3227,#3228);
#2947=AXIS2_PLACEMENT_3D('',#3868,#3229,#3230);
#2948=AXIS2_PLACEMENT_3D('',#3890,#3231,#3232);
#2949=AXIS2_PLACEMENT_3D('',#3924,#3233,#3234);
#2950=AXIS2_PLACEMENT_3D('',#3960,#3235,#3236);
#2951=AXIS2_PLACEMENT_3D('',#4194,#3237,#3238);
#2952=AXIS2_PLACEMENT_3D('',#4326,#3239,#3240);
#2953=AXIS2_PLACEMENT_3D('',#4370,#3241,#3242);
#2954=AXIS2_PLACEMENT_3D('',#4393,#3243,#3244);
#2955=AXIS2_PLACEMENT_3D('',#4395,#3246,#3247);
#2956=AXIS2_PLACEMENT_3D('',#4397,#3248,#3249);
#2957=AXIS2_PLACEMENT_3D('',#4398,#3250,#3251);
#2958=AXIS2_PLACEMENT_3D('',#4400,#3252,#3253);
#2959=AXIS2_PLACEMENT_3D('',#4403,#3255,#3256);
#2960=AXIS2_PLACEMENT_3D('',#4412,#3258,#3259);
#2961=AXIS2_PLACEMENT_3D('',#4414,#3260,#3261);
#2962=AXIS2_PLACEMENT_3D('',#4422,#3262,#3263);
#2963=AXIS2_PLACEMENT_3D('',#4423,#3264,#3265);
#2964=AXIS2_PLACEMENT_3D('',#4438,#3267,#3268);
#2965=AXIS2_PLACEMENT_3D('',#4455,#3271,#3272);
#2966=AXIS2_PLACEMENT_3D('',#4470,#3274,#3275);
#2967=AXIS2_PLACEMENT_3D('',#4471,#3276,#3277);
#2968=AXIS2_PLACEMENT_3D('',#4625,#3278,#3279);
#2969=AXIS2_PLACEMENT_3D('',#4652,#3280,#3281);
#2970=AXIS2_PLACEMENT_3D('',#4737,#3284,#3285);
#2971=AXIS2_PLACEMENT_3D('',#4738,#3286,#3287);
#2972=AXIS2_PLACEMENT_3D('',#4763,#3291,#3292);
#2973=AXIS2_PLACEMENT_3D('',#4918,#3296,#3297);
#2974=AXIS2_PLACEMENT_3D('',#4919,#3298,#3299);
#2975=AXIS2_PLACEMENT_3D('',#4921,#3300,#3301);
#2976=AXIS2_PLACEMENT_3D('',#4923,#3302,#3303);
#2977=AXIS2_PLACEMENT_3D('',#4925,#3304,#3305);
#2978=AXIS2_PLACEMENT_3D('',#4992,#3309,#3310);
#2979=AXIS2_PLACEMENT_3D('',#5002,#3312,#3313);
#2980=AXIS2_PLACEMENT_3D('',#5012,#3315,#3316);
#2981=AXIS2_PLACEMENT_3D('',#5022,#3318,#3319);
#2982=AXIS2_PLACEMENT_3D('',#5032,#3321,#3322);
#2983=AXIS2_PLACEMENT_3D('',#5034,#3323,#3324);
#2984=AXIS2_PLACEMENT_3D('',#5038,#3326,#3327);
#2985=AXIS2_PLACEMENT_3D('',#5042,#3329,#3330);
#2986=AXIS2_PLACEMENT_3D('',#5044,#3331,#3332);
#2987=AXIS2_PLACEMENT_3D('',#5046,#3333,#3334);
#2988=AXIS2_PLACEMENT_3D('',#5049,#3336,#3337);
#2989=AXIS2_PLACEMENT_3D('',#5050,#3338,#3339);
#2990=AXIS2_PLACEMENT_3D('',#5062,#3341,#3342);
#2991=AXIS2_PLACEMENT_3D('',#5068,#3343,#3344);
#2992=AXIS2_PLACEMENT_3D('',#5105,#3347,#3348);
#2993=AXIS2_PLACEMENT_3D('',#5271,#3351,#3352);
#2994=AXIS2_PLACEMENT_3D('',#5600,#3360,#3361);
#2995=AXIS2_PLACEMENT_3D('',#5601,#3362,#3363);
#2996=AXIS2_PLACEMENT_3D('',#5607,#3364,#3365);
#2997=AXIS2_PLACEMENT_3D('',#5613,#3366,#3367);
#2998=AXIS2_PLACEMENT_3D('',#5614,#3368,#3369);
#2999=AXIS2_PLACEMENT_3D('',#5624,#3370,#3371);
#3000=AXIS2_PLACEMENT_3D('',#5665,#3372,#3373);
#3001=AXIS2_PLACEMENT_3D('',#5859,#3374,#3375);
#3002=AXIS2_PLACEMENT_3D('',#5874,#3378,#3379);
#3003=AXIS2_PLACEMENT_3D('',#5932,#3380,#3381);
#3004=AXIS2_PLACEMENT_3D('',#6034,#3382,#3383);
#3005=AXIS2_PLACEMENT_3D('',#6047,#3384,#3385);
#3006=AXIS2_PLACEMENT_3D('',#6048,#3386,#3387);
#3007=AXIS2_PLACEMENT_3D('',#6049,#3388,#3389);
#3008=AXIS2_PLACEMENT_3D('',#6062,#3390,#3391);
#3009=AXIS2_PLACEMENT_3D('',#6219,#3392,#3393);
#3010=AXIS2_PLACEMENT_3D('',#6222,#3395,#3396);
#3011=AXIS2_PLACEMENT_3D('',#6223,#3397,#3398);
#3012=AXIS2_PLACEMENT_3D('',#6310,#3401,#3402);
#3013=AXIS2_PLACEMENT_3D('',#6339,#3405,#3406);
#3014=AXIS2_PLACEMENT_3D('',#6380,#3409,#3410);
#3015=AXIS2_PLACEMENT_3D('',#6388,#3412,#3413);
#3016=AXIS2_PLACEMENT_3D('',#6397,#3415,#3416);
#3017=AXIS2_PLACEMENT_3D('',#6404,#3418,#3419);
#3018=AXIS2_PLACEMENT_3D('',#6418,#3421,#3422);
#3019=AXIS2_PLACEMENT_3D('',#6423,#3423,#3424);
#3020=AXIS2_PLACEMENT_3D('',#6450,#3425,#3426);
#3021=AXIS2_PLACEMENT_3D('',#6465,#3427,#3428);
#3022=AXIS2_PLACEMENT_3D('',#6472,#3430,#3431);
#3023=AXIS2_PLACEMENT_3D('',#6480,#3432,#3433);
#3024=AXIS2_PLACEMENT_3D('',#6520,#3434,#3435);
#3025=AXIS2_PLACEMENT_3D('',#6533,#3436,#3437);
#3026=AXIS2_PLACEMENT_3D('',#6572,#3438,#3439);
#3027=AXIS2_PLACEMENT_3D('',#6585,#3440,#3441);
#3028=AXIS2_PLACEMENT_3D('',#6637,#3442,#3443);
#3029=AXIS2_PLACEMENT_3D('',#6638,#3444,#3445);
#3030=AXIS2_PLACEMENT_3D('',#6651,#3446,#3447);
#3031=AXIS2_PLACEMENT_3D('',#6676,#3448,#3449);
#3032=AXIS2_PLACEMENT_3D('',#6691,#3451,#3452);
#3033=AXIS2_PLACEMENT_3D('',#6706,#3454,#3455);
#3034=AXIS2_PLACEMENT_3D('',#6707,#3456,#3457);
#3035=AXIS2_PLACEMENT_3D('',#6709,#3458,#3459);
#3036=AXIS2_PLACEMENT_3D('',#6724,#3460,#3461);
#3037=AXIS2_PLACEMENT_3D('',#6739,#3462,#3463);
#3038=AXIS2_PLACEMENT_3D('',#6756,#3465,#3466);
#3039=AXIS2_PLACEMENT_3D('',#6757,#3467,#3468);
#3040=AXIS2_PLACEMENT_3D('',#6759,#3469,#3470);
#3041=AXIS2_PLACEMENT_3D('',#6776,#3472,#3473);
#3042=AXIS2_PLACEMENT_3D('',#6777,#3474,#3475);
#3043=AXIS2_PLACEMENT_3D('',#6778,#3476,#3477);
#3044=AXIS2_PLACEMENT_3D('',#6818,#3478,#3479);
#3045=AXIS2_PLACEMENT_3D('',#6831,#3480,#3481);
#3046=AXIS2_PLACEMENT_3D('',#6847,#3482,#3483);
#3047=AXIS2_PLACEMENT_3D('',#6848,#3484,#3485);
#3048=AXIS2_PLACEMENT_3D('',#6861,#3486,#3487);
#3049=AXIS2_PLACEMENT_3D('',#6874,#3488,#3489);
#3050=AXIS2_PLACEMENT_3D('',#6950,#3490,#3491);
#3051=AXIS2_PLACEMENT_3D('',#6966,#3492,#3493);
#3052=AXIS2_PLACEMENT_3D('',#6982,#3494,#3495);
#3053=AXIS2_PLACEMENT_3D('',#6983,#3496,#3497);
#3054=AXIS2_PLACEMENT_3D('',#6984,#3498,#3499);
#3055=AXIS2_PLACEMENT_3D('',#7000,#3500,#3501);
#3056=AXIS2_PLACEMENT_3D('',#7016,#3502,#3503);
#3057=AXIS2_PLACEMENT_3D('',#7029,#3504,#3505);
#3058=AXIS2_PLACEMENT_3D('',#7059,#3506,#3507);
#3059=AXIS2_PLACEMENT_3D('',#7060,#3508,#3509);
#3060=AXIS2_PLACEMENT_3D('',#7076,#3510,#3511);
#3061=AXIS2_PLACEMENT_3D('',#7077,#3512,#3513);
#3062=AXIS2_PLACEMENT_3D('',#7079,#3514,#3515);
#3063=AXIS2_PLACEMENT_3D('',#7080,#3516,#3517);
#3064=AXIS2_PLACEMENT_3D('',#7090,#3518,#3519);
#3065=AXIS2_PLACEMENT_3D('',#7091,#3520,#3521);
#3066=AXIS2_PLACEMENT_3D('',#7095,#3523,#3524);
#3067=AXIS2_PLACEMENT_3D('',#7103,#3525,#3526);
#3068=AXIS2_PLACEMENT_3D('',#7163,#3527,#3528);
#3069=AXIS2_PLACEMENT_3D('',#7164,#3529,#3530);
#3070=AXIS2_PLACEMENT_3D('',#7207,#3531,#3532);
#3071=AXIS2_PLACEMENT_3D('',#7208,#3533,#3534);
#3072=AXIS2_PLACEMENT_3D('',#7236,#3535,#3536);
#3073=AXIS2_PLACEMENT_3D('',#7237,#3537,#3538);
#3074=AXIS2_PLACEMENT_3D('',#7238,#3539,#3540);
#3075=AXIS2_PLACEMENT_3D('',#7260,#3541,#3542);
#3076=AXIS2_PLACEMENT_3D('',#7264,#3545,#3546);
#3077=AXIS2_PLACEMENT_3D('',#7270,#3550,#3551);
#3078=AXIS2_PLACEMENT_3D('',#7286,#3552,#3553);
#3079=AXIS2_PLACEMENT_3D('',#7304,#3555,#3556);
#3080=AXIS2_PLACEMENT_3D('',#7306,#3558,#3559);
#3081=AXIS2_PLACEMENT_3D('',#7307,#3560,#3561);
#3082=AXIS2_PLACEMENT_3D('',#7320,#3562,#3563);
#3083=AXIS2_PLACEMENT_3D('',#7336,#3564,#3565);
#3084=AXIS2_PLACEMENT_3D('',#7349,#3566,#3567);
#3085=AXIS2_PLACEMENT_3D('',#7350,#3568,#3569);
#3086=AXIS2_PLACEMENT_3D('',#7351,#3570,#3571);
#3087=AXIS2_PLACEMENT_3D('',#7364,#3572,#3573);
#3088=AXIS2_PLACEMENT_3D('',#7380,#3574,#3575);
#3089=AXIS2_PLACEMENT_3D('',#7393,#3576,#3577);
#3090=AXIS2_PLACEMENT_3D('',#7394,#3578,#3579);
#3091=AXIS2_PLACEMENT_3D('',#7395,#3580,#3581);
#3092=AXIS2_PLACEMENT_3D('',#7398,#3583,#3584);
#3093=AXIS2_PLACEMENT_3D('',#7401,#3586,#3587);
#3094=AXIS2_PLACEMENT_3D('',#7402,#3588,#3589);
#3095=AXIS2_PLACEMENT_3D('',#7405,#3591,#3592);
#3096=AXIS2_PLACEMENT_3D('',#7406,#3593,#3594);
#3097=AXIS2_PLACEMENT_3D('',#7407,#3595,#3596);
#3098=AXIS2_PLACEMENT_3D('',#7408,#3597,#3598);
#3099=AXIS2_PLACEMENT_3D('',#7409,#3599,#3600);
#3100=AXIS2_PLACEMENT_3D('',#7410,#3601,#3602);
#3101=AXIS2_PLACEMENT_3D('',#7422,#3603,#3604);
#3102=AXIS2_PLACEMENT_3D('',#7426,#3606,#3607);
#3103=AXIS2_PLACEMENT_3D('',#7430,#3609,#3610);
#3104=AXIS2_PLACEMENT_3D('',#7431,#3611,#3612);
#3105=AXIS2_PLACEMENT_3D('',#7432,#3613,#3614);
#3106=AXIS2_PLACEMENT_3D('',#7444,#3616,#3617);
#3107=AXIS2_PLACEMENT_3D('',#7445,#3618,#3619);
#3108=AXIS2_PLACEMENT_3D('',#7449,#3621,#3622);
#3109=AXIS2_PLACEMENT_3D('',#7450,#3623,#3624);
#3110=AXIS2_PLACEMENT_3D('',#7456,#3625,#3626);
#3111=AXIS2_PLACEMENT_3D('',#7457,#3627,#3628);
#3112=AXIS2_PLACEMENT_3D('',#7465,#3630,#3631);
#3113=AXIS2_PLACEMENT_3D('',#7466,#3632,#3633);
#3114=AXIS2_PLACEMENT_3D('',#7468,#3634,#3635);
#3115=AXIS2_PLACEMENT_3D('',#7470,#3636,#3637);
#3116=AXIS2_PLACEMENT_3D('',#7471,#3638,#3639);
#3117=AXIS2_PLACEMENT_3D('',#7475,#3641,#3642);
#3118=AXIS2_PLACEMENT_3D('',#7479,#3644,#3645);
#3119=AXIS2_PLACEMENT_3D('',#7488,#3646,#3647);
#3120=AXIS2_PLACEMENT_3D('',#7489,#3648,#3649);
#3121=AXIS2_PLACEMENT_3D('',#7493,#3651,#3652);
#3122=AXIS2_PLACEMENT_3D('',#7494,#3653,#3654);
#3123=AXIS2_PLACEMENT_3D('',#7498,#3656,#3657);
#3124=AXIS2_PLACEMENT_3D('',#7506,#3658,#3659);
#3125=AXIS2_PLACEMENT_3D('',#7507,#3660,#3661);
#3126=AXIS2_PLACEMENT_3D('',#7514,#3662,#3663);
#3127=AXIS2_PLACEMENT_3D('',#7515,#3664,#3665);
#3128=AXIS2_PLACEMENT_3D('',#7519,#3667,#3668);
#3129=AXIS2_PLACEMENT_3D('',#7523,#3670,#3671);
#3130=AXIS2_PLACEMENT_3D('',#7524,#3672,#3673);
#3131=AXIS2_PLACEMENT_3D('',#7525,#3674,#3675);
#3132=AXIS2_PLACEMENT_3D('',#7537,#3677,#3678);
#3133=AXIS2_PLACEMENT_3D('',#7538,#3679,#3680);
#3134=AXIS2_PLACEMENT_3D('',#7539,#3681,#3682);
#3135=AXIS2_PLACEMENT_3D('',#7550,#3684,#3685);
#3136=AXIS2_PLACEMENT_3D('',#7551,#3686,#3687);
#3137=AXIS2_PLACEMENT_3D('',#7552,#3688,#3689);
#3138=AXIS2_PLACEMENT_3D('',#7559,#3690,#3691);
#3139=AXIS2_PLACEMENT_3D('',#7560,#3692,#3693);
#3140=AXIS2_PLACEMENT_3D('',#7561,#3694,#3695);
#3141=AXIS2_PLACEMENT_3D('',#7562,#3696,#3697);
#3142=AXIS2_PLACEMENT_3D('',#7563,#3698,#3699);
#3143=AXIS2_PLACEMENT_3D('',#7576,#3700,#3701);
#3144=AXIS2_PLACEMENT_3D('',#7577,#3702,#3703);
#3145=AXIS2_PLACEMENT_3D('',#7578,#3704,#3705);
#3146=AXIS2_PLACEMENT_3D('',#7579,#3706,#3707);
#3147=AXIS2_PLACEMENT_3D('',#7580,#3708,#3709);
#3148=AXIS2_PLACEMENT_3D('',#7581,#3710,#3711);
#3149=AXIS2_PLACEMENT_3D('',#7582,#3712,#3713);
#3150=AXIS2_PLACEMENT_3D('',#7604,#3714,#3715);
#3151=AXIS2_PLACEMENT_3D('',#7617,#3716,#3717);
#3152=AXIS2_PLACEMENT_3D('',#7618,#3718,#3719);
#3153=AXIS2_PLACEMENT_3D('',#7619,#3720,#3721);
#3154=AXIS2_PLACEMENT_3D('',#7620,#3722,#3723);
#3155=AXIS2_PLACEMENT_3D('',#7621,#3724,#3725);
#3156=AXIS2_PLACEMENT_3D('',#7622,#3726,#3727);
#3157=AXIS2_PLACEMENT_3D('',#7623,#3728,#3729);
#3158=AXIS2_PLACEMENT_3D('',#7624,#3730,#3731);
#3159=AXIS2_PLACEMENT_3D('',#7646,#3732,#3733);
#3160=AXIS2_PLACEMENT_3D('',#7647,#3734,#3735);
#3161=AXIS2_PLACEMENT_3D('',#7648,#3736,#3737);
#3162=AXIS2_PLACEMENT_3D('',#7679,#3738,#3739);
#3163=AXIS2_PLACEMENT_3D('',#7680,#3740,#3741);
#3164=AXIS2_PLACEMENT_3D('',#7681,#3742,#3743);
#3165=AXIS2_PLACEMENT_3D('',#7697,#3744,#3745);
#3166=AXIS2_PLACEMENT_3D('',#7698,#3746,#3747);
#3167=AXIS2_PLACEMENT_3D('',#7699,#3748,#3749);
#3168=AXIS2_PLACEMENT_3D('',#7721,#3750,#3751);
#3169=AXIS2_PLACEMENT_3D('',#7722,#3752,#3753);
#3170=AXIS2_PLACEMENT_3D('',#7723,#3754,#3755);
#3171=AXIS2_PLACEMENT_3D('',#7754,#3756,#3757);
#3172=AXIS2_PLACEMENT_3D('',#7755,#3758,#3759);
#3173=AXIS2_PLACEMENT_3D('',#7756,#3760,#3761);
#3174=AXIS2_PLACEMENT_3D('',#7772,#3762,#3763);
#3175=AXIS2_PLACEMENT_3D('',#7782,#3764,#3765);
#3176=AXIS2_PLACEMENT_3D('',#7783,#3766,#3767);
#3177=AXIS2_PLACEMENT_3D('',#7784,#3768,#3769);
#3178=AXIS2_PLACEMENT_3D('',#7785,#3770,#3771);
#3179=AXIS2_PLACEMENT_3D('',#7786,#3772,#3773);
#3180=AXIS2_PLACEMENT_3D('',#7787,#3774,#3775);
#3181=AXIS2_PLACEMENT_3D('',#7788,#3776,#3777);
#3182=AXIS2_PLACEMENT_3D('',#7806,#3778,#3779);
#3183=AXIS2_PLACEMENT_3D('',#7819,#3780,#3781);
#3184=AXIS2_PLACEMENT_3D('',#7871,#3782,#3783);
#3185=AXIS2_PLACEMENT_3D('',#7872,#3784,#3785);
#3186=AXIS2_PLACEMENT_3D('',#7873,#3786,#3787);
#3187=AXIS2_PLACEMENT_3D('',#7874,#3788,#3789);
#3188=AXIS2_PLACEMENT_3D('',#7875,#3790,#3791);
#3189=AXIS2_PLACEMENT_3D('',#7876,#3792,#3793);
#3190=AXIS2_PLACEMENT_3D('',#7877,#3794,#3795);
#3191=AXIS2_PLACEMENT_3D('',#7878,#3796,#3797);
#3192=AXIS2_PLACEMENT_3D('',#7879,#3798,#3799);
#3193=AXIS2_PLACEMENT_3D('',#7880,#3800,#3801);
#3194=AXIS2_PLACEMENT_3D('',#7881,#3802,#3803);
#3195=AXIS2_PLACEMENT_3D('',#7882,#3804,#3805);
#3196=AXIS2_PLACEMENT_3D('',#7883,#3806,#3807);
#3197=AXIS2_PLACEMENT_3D('',#7884,#3808,#3809);
#3198=AXIS2_PLACEMENT_3D('',#7885,#3810,#3811);
#3199=AXIS2_PLACEMENT_3D('',#7886,#3812,#3813);
#3200=AXIS2_PLACEMENT_3D('',#7887,#3814,#3815);
#3201=AXIS2_PLACEMENT_3D('',#7888,#3816,#3817);
#3202=AXIS2_PLACEMENT_3D('',#7889,#3818,#3819);
#3203=DIRECTION('',(0.,0.,1.));
#3204=DIRECTION('',(1.,0.,0.));
#3205=DIRECTION('',(0.133713821750787,-0.0393094883900856,-0.990240060790972));
#3206=DIRECTION('',(-0.991006025837503,0.,-0.1338172513309));
#3207=DIRECTION('',(0.700606831558851,-0.713547522995538,0.));
#3208=DIRECTION('',(0.713547522995538,0.700606831558851,0.));
#3209=DIRECTION('',(0.,0.,1.));
#3210=DIRECTION('',(1.,0.,0.));
#3211=DIRECTION('',(0.,0.,1.));
#3212=DIRECTION('',(1.,0.,0.));
#3213=DIRECTION('',(0.,-1.,0.));
#3214=DIRECTION('',(0.,0.,-1.));
#3215=DIRECTION('',(0.,0.,1.));
#3216=DIRECTION('',(1.,0.,0.));
#3217=DIRECTION('',(0.,0.,1.));
#3218=DIRECTION('',(1.,0.,0.));
#3219=DIRECTION('',(0.,0.,1.));
#3220=DIRECTION('',(1.,0.,0.));
#3221=DIRECTION('',(1.,0.,0.));
#3222=DIRECTION('',(0.,0.,-1.));
#3223=DIRECTION('',(0.,0.,1.));
#3224=DIRECTION('',(1.,0.,0.));
#3225=DIRECTION('',(0.,0.,1.));
#3226=DIRECTION('',(1.,0.,0.));
#3227=DIRECTION('',(-0.262181772788001,-0.965018506567486,-9.09625752457127E-16));
#3228=DIRECTION('',(0.965018506567486,-0.262181772788001,0.));
#3229=DIRECTION('',(0.,0.,1.));
#3230=DIRECTION('',(1.,0.,0.));
#3231=DIRECTION('',(-0.960707381782239,0.,0.277563193866037));
#3232=DIRECTION('',(0.277563193866037,0.,0.960707381782239));
#3233=DIRECTION('',(-0.345155032897609,0.932757366874129,-0.104075442864735));
#3234=DIRECTION('',(-0.937850452460461,-0.347039664620211,0.));
#3235=DIRECTION('',(-0.00939655777007162,0.1433277805137,0.989630664457751));
#3236=DIRECTION('',(0.,-0.989674357218349,0.143334108517293));
#3237=DIRECTION('',(1.,-3.43788890969221E-12,0.));
#3238=DIRECTION('',(3.43788890969221E-12,1.,0.));
#3239=DIRECTION('',(-1.,8.74762060550316E-8,0.));
#3240=DIRECTION('',(-8.74762060550316E-8,-1.,0.));
#3241=DIRECTION('',(1.,-8.67188993524375E-8,0.));
#3242=DIRECTION('',(8.67188993524375E-8,1.,0.));
#3243=DIRECTION('',(0.,0.,1.));
#3244=DIRECTION('',(1.,0.,0.));
#3245=DIRECTION('',(1.,0.,0.));
#3246=DIRECTION('',(0.,0.,1.));
#3247=DIRECTION('',(1.,0.,0.));
#3248=DIRECTION('',(0.,0.,1.));
#3249=DIRECTION('',(1.,0.,0.));
#3250=DIRECTION('',(0.,0.,1.));
#3251=DIRECTION('',(1.,0.,0.));
#3252=DIRECTION('',(0.,0.,1.));
#3253=DIRECTION('',(1.,0.,0.));
#3254=DIRECTION('',(1.,0.,0.));
#3255=DIRECTION('',(0.,0.,1.));
#3256=DIRECTION('',(1.,0.,0.));
#3257=DIRECTION('',(1.,0.,0.));
#3258=DIRECTION('',(0.,0.,1.));
#3259=DIRECTION('',(1.,0.,0.));
#3260=DIRECTION('',(0.,0.,1.));
#3261=DIRECTION('',(1.,0.,0.));
#3262=DIRECTION('',(0.,0.,1.));
#3263=DIRECTION('',(1.,0.,0.));
#3264=DIRECTION('',(0.,0.,1.));
#3265=DIRECTION('',(1.,0.,0.));
#3266=DIRECTION('',(0.,0.,1.));
#3267=DIRECTION('',(0.,0.,-1.));
#3268=DIRECTION('',(-1.,0.,0.));
#3269=DIRECTION('',(0.,0.,1.));
#3270=DIRECTION('',(0.,0.,1.));
#3271=DIRECTION('',(0.,0.,1.));
#3272=DIRECTION('',(1.,0.,0.));
#3273=DIRECTION('',(0.,0.,1.));
#3274=DIRECTION('',(-0.620101125130976,0.405942965123512,-0.671330696213147));
#3275=DIRECTION('',(-0.73457912471551,0.,0.678523035373299));
#3276=DIRECTION('',(0.496692613313006,-0.446570558252976,0.744225224231162));
#3277=DIRECTION('',(0.831770369123635,0.,-0.555119854669181));
#3278=DIRECTION('',(1.,-4.33680868994202E-16,0.));
#3279=DIRECTION('',(4.33680868994202E-16,1.,0.));
#3280=DIRECTION('',(-1.,0.,0.));
#3281=DIRECTION('',(0.,0.,1.));
#3282=DIRECTION('',(0.,0.,1.));
#3283=DIRECTION('',(0.,0.,1.));
#3284=DIRECTION('',(-1.,0.,0.));
#3285=DIRECTION('',(0.,0.,1.));
#3286=DIRECTION('',(1.,0.,8.74811156674479E-8));
#3287=DIRECTION('',(8.74811156674479E-8,0.,-1.));
#3288=DIRECTION('',(-1.,0.,0.));
#3289=DIRECTION('',(-1.,0.,0.));
#3290=DIRECTION('',(0.,0.,-1.));
#3291=DIRECTION('',(0.,0.,1.));
#3292=DIRECTION('',(-9.47261838910721E-5,0.999999995513475,0.));
#3293=DIRECTION('',(0.,0.,1.));
#3294=DIRECTION('',(0.,0.,-1.));
#3295=DIRECTION('',(0.,0.,-1.));
#3296=DIRECTION('',(0.,0.,1.));
#3297=DIRECTION('',(1.,0.,0.));
#3298=DIRECTION('',(0.,0.,1.));
#3299=DIRECTION('',(1.,0.,0.));
#3300=DIRECTION('',(0.,0.,1.));
#3301=DIRECTION('',(1.,0.,0.));
#3302=DIRECTION('',(0.,0.,-1.));
#3303=DIRECTION('',(-1.,0.,0.));
#3304=DIRECTION('',(0.,0.,-1.));
#3305=DIRECTION('',(-1.,0.,0.));
#3306=DIRECTION('',(0.,1.,0.));
#3307=DIRECTION('',(1.,0.,0.));
#3308=DIRECTION('',(-1.224646799147E-16,-1.,0.));
#3309=DIRECTION('',(0.,0.,1.));
#3310=DIRECTION('',(0.,1.,0.));
#3311=DIRECTION('',(0.95252970140765,0.304445673209939,0.));
#3312=DIRECTION('',(0.,0.,1.));
#3313=DIRECTION('',(1.,0.,0.));
#3314=DIRECTION('',(-0.999173309311991,0.0406533880325366,0.));
#3315=DIRECTION('',(0.,0.,1.));
#3316=DIRECTION('',(0.,1.,0.));
#3317=DIRECTION('',(0.17364817766693,-0.984807753012208,0.));
#3318=DIRECTION('',(0.,0.,1.));
#3319=DIRECTION('',(1.,0.,0.));
#3320=DIRECTION('',(0.17364817766693,0.984807753012208,0.));
#3321=DIRECTION('',(0.,0.,1.));
#3322=DIRECTION('',(-9.47261838910721E-5,0.999999995513475,0.));
#3323=DIRECTION('',(0.,0.,1.));
#3324=DIRECTION('',(1.,0.,0.));
#3325=DIRECTION('',(0.995092909130477,0.0989449452890021,0.));
#3326=DIRECTION('',(0.,0.,1.));
#3327=DIRECTION('',(1.,0.,0.));
#3328=DIRECTION('',(0.995092909130478,-0.0989449452889999,0.));
#3329=DIRECTION('',(0.,0.,1.));
#3330=DIRECTION('',(1.,0.,0.));
#3331=DIRECTION('',(0.,0.,1.));
#3332=DIRECTION('',(-9.47261838910721E-5,0.999999995513475,0.));
#3333=DIRECTION('',(0.,0.,1.));
#3334=DIRECTION('',(1.,0.,0.));
#3335=DIRECTION('',(0.675311652854896,-0.737532488449416,0.));
#3336=DIRECTION('',(0.,0.,1.));
#3337=DIRECTION('',(1.,0.,0.));
#3338=DIRECTION('',(-1.,0.,0.));
#3339=DIRECTION('',(0.,0.,1.));
#3340=DIRECTION('',(-1.,0.,0.));
#3341=DIRECTION('',(1.,0.,0.));
#3342=DIRECTION('',(0.,0.,-1.));
#3343=DIRECTION('',(1.,0.,0.));
#3344=DIRECTION('',(0.,0.,-1.));
#3345=DIRECTION('',(1.,0.,0.));
#3346=DIRECTION('',(1.,0.,0.));
#3347=DIRECTION('',(-1.,8.747620596633E-8,-8.74760056057766E-8));
#3348=DIRECTION('',(-8.74762059663303E-8,-1.,0.));
#3349=DIRECTION('',(1.,0.,0.));
#3350=DIRECTION('',(0.,0.,-1.));
#3351=DIRECTION('',(1.,0.,0.));
#3352=DIRECTION('',(0.,0.,-1.));
#3353=DIRECTION('',(0.,0.,1.));
#3354=DIRECTION('',(0.,0.,1.));
#3355=DIRECTION('',(0.,0.,1.));
#3356=DIRECTION('',(0.,0.,1.));
#3357=DIRECTION('',(0.,0.,1.));
#3358=DIRECTION('',(0.,0.,1.));
#3359=DIRECTION('',(0.,0.,1.));
#3360=DIRECTION('',(0.,0.,-1.));
#3361=DIRECTION('',(-1.,0.,0.));
#3362=DIRECTION('',(0.,0.,1.));
#3363=DIRECTION('',(1.,0.,0.));
#3364=DIRECTION('',(0.,0.,1.));
#3365=DIRECTION('',(1.,0.,0.));
#3366=DIRECTION('',(0.,0.,-1.));
#3367=DIRECTION('',(-1.,0.,0.));
#3368=DIRECTION('',(0.,0.,1.));
#3369=DIRECTION('',(1.,0.,0.));
#3370=DIRECTION('',(0.,0.,1.));
#3371=DIRECTION('',(1.,0.,0.));
#3372=DIRECTION('',(0.,0.,1.));
#3373=DIRECTION('',(1.,0.,0.));
#3374=DIRECTION('',(0.,0.,1.));
#3375=DIRECTION('',(1.,0.,0.));
#3376=DIRECTION('',(1.,0.,0.));
#3377=DIRECTION('',(1.,0.,0.));
#3378=DIRECTION('',(0.,0.,1.));
#3379=DIRECTION('',(1.,0.,0.));
#3380=DIRECTION('',(0.,0.,1.));
#3381=DIRECTION('',(1.,0.,0.));
#3382=DIRECTION('',(0.963130170204524,0.0945573386936001,0.251871365861603));
#3383=DIRECTION('',(0.253004975644841,0.,-0.967464977298379));
#3384=DIRECTION('',(1.,1.98635567298823E-14,1.27213054904966E-14));
#3385=DIRECTION('',(-1.98635567298823E-14,1.,0.));
#3386=DIRECTION('',(1.,0.,0.));
#3387=DIRECTION('',(0.,0.,-1.));
#3388=DIRECTION('',(1.,0.,0.));
#3389=DIRECTION('',(0.,0.,-1.));
#3390=DIRECTION('',(0.963132579047839,-0.0945546007704818,-0.251863182402257));
#3391=DIRECTION('',(-0.252996689265358,0.,-0.967467144259054));
#3392=DIRECTION('',(0.,0.,1.));
#3393=DIRECTION('',(1.,0.,0.));
#3394=DIRECTION('',(-1.224646799147E-16,-1.,0.));
#3395=DIRECTION('',(0.,0.,1.));
#3396=DIRECTION('',(1.,0.,0.));
#3397=DIRECTION('',(0.,0.,1.));
#3398=DIRECTION('',(1.,0.,0.));
#3399=DIRECTION('',(-1.224646799147E-16,-1.,0.));
#3400=DIRECTION('',(1.,0.,0.));
#3401=DIRECTION('',(0.,1.,0.));
#3402=DIRECTION('',(0.,0.,1.));
#3403=DIRECTION('',(0.,0.,-1.));
#3404=DIRECTION('',(0.,0.,-1.));
#3405=DIRECTION('',(1.,0.,0.));
#3406=DIRECTION('',(0.,0.,-1.));
#3407=DIRECTION('',(0.,0.,1.));
#3408=DIRECTION('',(0.,0.,1.));
#3409=DIRECTION('',(0.,0.,1.));
#3410=DIRECTION('',(1.,0.,0.));
#3411=DIRECTION('',(0.,0.,1.));
#3412=DIRECTION('',(0.,0.,1.));
#3413=DIRECTION('',(1.,0.,0.));
#3414=DIRECTION('',(0.,0.,1.));
#3415=DIRECTION('',(0.0989449452890021,-0.995092909130477,0.));
#3416=DIRECTION('',(0.995092909130477,0.0989449452890021,0.));
#3417=DIRECTION('',(0.,0.,1.));
#3418=DIRECTION('',(0.,0.,1.));
#3419=DIRECTION('',(1.,0.,0.));
#3420=DIRECTION('',(0.,0.,1.));
#3421=DIRECTION('',(-0.0989449452889999,-0.995092909130478,0.));
#3422=DIRECTION('',(0.995092909130478,-0.0989449452889999,0.));
#3423=DIRECTION('',(0.,0.,1.));
#3424=DIRECTION('',(1.,0.,0.));
#3425=DIRECTION('',(0.,0.,1.));
#3426=DIRECTION('',(1.,0.,0.));
#3427=DIRECTION('',(-0.737532488449416,-0.675311652854896,0.));
#3428=DIRECTION('',(0.675311652854896,-0.737532488449416,0.));
#3429=DIRECTION('',(0.,0.,1.));
#3430=DIRECTION('',(0.,0.,1.));
#3431=DIRECTION('',(1.,0.,0.));
#3432=DIRECTION('',(0.,0.,1.));
#3433=DIRECTION('',(1.,0.,0.));
#3434=DIRECTION('',(0.650513255491072,0.0646824008931727,0.756735549214587));
#3435=DIRECTION('',(0.758323553900128,0.,-0.651878353376058));
#3436=DIRECTION('',(0.716976135265214,0.0712909958722615,0.69344272681145));
#3437=DIRECTION('',(0.695211651238505,0.,-0.718805091789305));
#3438=DIRECTION('',(-0.874169237419867,0.0869211573876209,-0.477779087808545));
#3439=DIRECTION('',(-0.479594259124232,0.,0.877490368388781));
#3440=DIRECTION('',(-0.545214550284126,0.054212248277165,-0.836541766019613));
#3441=DIRECTION('',(-0.837773766977405,0.,0.546017504631938));
#3442=DIRECTION('',(0.102941769490309,-0.9513148517015,0.290522021585897));
#3443=DIRECTION('',(0.,-0.292073696951338,-0.956395815313502));
#3444=DIRECTION('',(-0.510646190900921,0.55769533118554,-0.65438244573967));
#3445=DIRECTION('',(0.,0.761094833759791,0.648640620084926));
#3446=DIRECTION('',(-0.209451864717961,0.228750021331264,-0.950685723100497));
#3447=DIRECTION('',(0.,0.97225126845462,0.233939032631116));
#3448=DIRECTION('',(0.,0.,-1.));
#3449=DIRECTION('',(1.,0.,0.));
#3450=DIRECTION('',(-0.137058748836223,-0.024167155361971,-0.99026806874157));
#3451=DIRECTION('',(0.,0.,1.));
#3452=DIRECTION('',(1.,0.,0.));
#3453=DIRECTION('',(0.137058748836223,-0.024167155361971,-0.99026806874157));
#3454=DIRECTION('',(0.,0.,1.));
#3455=DIRECTION('',(1.,0.,0.));
#3456=DIRECTION('',(0.,0.,1.));
#3457=DIRECTION('',(1.,0.,0.));
#3458=DIRECTION('',(0.975223671657125,-0.171958245538724,0.139173100960065));
#3459=DIRECTION('',(0.17364817766693,0.984807753012208,0.));
#3460=DIRECTION('',(-0.975223671657125,-0.171958245538724,0.139173100960065));
#3461=DIRECTION('',(0.17364817766693,-0.984807753012208,0.));
#3462=DIRECTION('',(0.301482828846334,-0.943259747831938,0.139173100960065));
#3463=DIRECTION('',(0.95252970140765,0.304445673209939,0.));
#3464=DIRECTION('',(0.042370648414502,-0.132566512301468,-0.99026806874157));
#3465=DIRECTION('',(0.,0.,1.));
#3466=DIRECTION('',(1.,0.,0.));
#3467=DIRECTION('',(0.,0.,1.));
#3468=DIRECTION('',(1.,0.,0.));
#3469=DIRECTION('',(0.0402577520547817,0.989449423350509,0.139173100960065));
#3470=DIRECTION('',(0.,-0.13928601621874,0.990252192972029));
#3471=DIRECTION('',(0.00565785807702092,0.13905804785348,-0.99026806874157));
#3472=DIRECTION('',(0.,0.,-1.));
#3473=DIRECTION('',(1.,0.,0.));
#3474=DIRECTION('',(0.,0.,-1.));
#3475=DIRECTION('',(-1.,0.,0.));
#3476=DIRECTION('',(0.,0.,1.));
#3477=DIRECTION('',(1.,0.,0.));
#3478=DIRECTION('',(0.00229857915852591,-0.13937735561991,0.990236673363622));
#3479=DIRECTION('',(0.,-0.990239289314959,-0.139377723819139));
#3480=DIRECTION('',(-0.761296177525636,-0.0598385986112098,0.645637260542715));
#3481=DIRECTION('',(0.646796277077898,0.,0.762662819310192));
#3482=DIRECTION('',(-0.782885065078271,0.622166356272493,-6.79044550691454E-15));
#3483=DIRECTION('',(-0.622166356272493,-0.782885065078271,0.));
#3484=DIRECTION('',(0.,0.,1.));
#3485=DIRECTION('',(1.,0.,0.));
#3486=DIRECTION('',(0.594343418760198,0.07177922285644,-0.801001650274559));
#3487=DIRECTION('',(-0.803073141474576,0.,-0.595880465732982));
#3488=DIRECTION('',(0.0580927540994267,-0.127521525101138,-0.990133068106011));
#3489=DIRECTION('',(0.,0.991808043526521,-0.127737249054827));
#3490=DIRECTION('',(-0.0880655866046815,0.275342071469682,0.95730412938353));
#3491=DIRECTION('',(0.,-0.961038071393522,0.276416036676998));
#3492=DIRECTION('',(0.707890577391781,0.676478740500257,0.203143899960391));
#3493=DIRECTION('',(-0.690884445559758,0.722965201710004,0.));
#3494=DIRECTION('',(0.996113837274948,0.0880750997125733,-1.22228754496319E-15));
#3495=DIRECTION('',(-0.0880750997125733,0.996113837274948,0.));
#3496=DIRECTION('',(0.,0.,1.));
#3497=DIRECTION('',(1.,0.,0.));
#3498=DIRECTION('',(0.9961138372749,-0.0880750997131109,0.));
#3499=DIRECTION('',(0.0880750997131109,0.9961138372749,0.));
#3500=DIRECTION('',(0.703203589043666,-0.680065183169328,-0.207403131598765));
#3501=DIRECTION('',(0.695181515810984,0.718834236854883,0.));
#3502=DIRECTION('',(-0.0873900591625774,-0.278486760205038,-0.956456011508142));
#3503=DIRECTION('',(0.,0.960129302716741,-0.279556294983077));
#3504=DIRECTION('',(-0.136409149804621,-0.0278456230521893,-0.990261160061534));
#3505=DIRECTION('',(-0.990645297181731,0.,0.136462064954773));
#3506=DIRECTION('',(0.,0.,-1.));
#3507=DIRECTION('',(-1.,0.,0.));
#3508=DIRECTION('',(0.,0.,1.));
#3509=DIRECTION('',(1.,0.,0.));
#3510=DIRECTION('',(0.,0.,1.));
#3511=DIRECTION('',(1.,0.,0.));
#3512=DIRECTION('',(0.,0.,1.));
#3513=DIRECTION('',(1.,0.,0.));
#3514=DIRECTION('',(0.,0.,-1.));
#3515=DIRECTION('',(-1.,0.,0.));
#3516=DIRECTION('',(0.,0.,1.));
#3517=DIRECTION('',(1.,0.,0.));
#3518=DIRECTION('',(0.,0.,1.));
#3519=DIRECTION('',(1.,0.,0.));
#3520=DIRECTION('',(0.,0.,1.));
#3521=DIRECTION('',(1.,0.,0.));
#3522=DIRECTION('',(-1.,0.,0.));
#3523=DIRECTION('',(0.,0.,1.));
#3524=DIRECTION('',(1.,0.,0.));
#3525=DIRECTION('',(0.,0.,1.));
#3526=DIRECTION('',(1.,0.,0.));
#3527=DIRECTION('',(-0.411287668293053,-0.577207951304489,0.705459732983349));
#3528=DIRECTION('',(0.,-0.773949973618001,-0.633246743644762));
#3529=DIRECTION('',(-0.611766281221578,0.362385626767139,0.70314911268728));
#3530=DIRECTION('',(0.754428970589188,0.,0.656381694089451));
#3531=DIRECTION('',(1.,3.32512297853393E-13,5.75928194023555E-13));
#3532=DIRECTION('',(5.75928194023555E-13,0.,-1.));
#3533=DIRECTION('',(0.140781008188148,-0.77788916907623,-0.612428892498894));
#3534=DIRECTION('',(0.,0.618589574131742,-0.785714285714286));
#3535=DIRECTION('',(0.140781008188148,0.77788916907623,0.612428892498894));
#3536=DIRECTION('',(0.,-0.618589574131742,0.785714285714286));
#3537=DIRECTION('',(1.,0.,0.));
#3538=DIRECTION('',(0.,0.,-1.));
#3539=DIRECTION('',(1.,-8.01234452657121E-13,0.));
#3540=DIRECTION('',(8.01234452657121E-13,1.,0.));
#3541=DIRECTION('',(-1.,1.224646799147E-16,-1.710569414459E-48));
#3542=DIRECTION('',(-1.224646799147E-16,-1.,0.));
#3543=DIRECTION('',(-1.224646799147E-16,-1.,-1.224646799147E-16));
#3544=DIRECTION('',(-1.710569414459E-48,2.09484335813598E-64,1.));
#3545=DIRECTION('',(-1.710569414459E-48,1.224646799147E-16,-1.));
#3546=DIRECTION('',(0.,1.,1.224646799147E-16));
#3547=DIRECTION('',(-1.224646799147E-16,-1.,-1.224646799147E-16));
#3548=DIRECTION('',(1.,2.09484335813598E-64,-1.710569414459E-48));
#3549=DIRECTION('',(-1.224646799147E-16,-1.,-1.224646799147E-16));
#3550=DIRECTION('',(-1.224646799147E-16,-1.,-1.224646799147E-16));
#3551=DIRECTION('',(0.,1.224646799147E-16,-1.));
#3552=DIRECTION('',(-1.224646799147E-16,-1.,-1.224646799147E-16));
#3553=DIRECTION('',(0.,1.224646799147E-16,-1.));
#3554=DIRECTION('',(-1.224646799147E-16,-1.,-1.224646799147E-16));
#3555=DIRECTION('',(-1.,1.224646799147E-16,-1.710569414459E-48));
#3556=DIRECTION('',(-1.224646799147E-16,-1.,0.));
#3557=DIRECTION('',(1.710569414459E-48,-2.09484335813598E-64,-1.));
#3558=DIRECTION('',(0.,0.,1.));
#3559=DIRECTION('',(1.,0.,0.));
#3560=DIRECTION('',(0.,-4.89671325550164E-15,-1.));
#3561=DIRECTION('',(0.,1.,-4.89671325550164E-15));
#3562=DIRECTION('',(0.00155457258813589,-0.000359971704214077,-0.99999872686141));
#3563=DIRECTION('',(-0.999998791651147,0.,-0.00155457268885637));
#3564=DIRECTION('',(0.999533842535041,0.00751579579661129,-0.0295907154472329));
#3565=DIRECTION('',(-0.0295915512307718,0.,-0.999562074158357));
#3566=DIRECTION('',(1.,0.,0.));
#3567=DIRECTION('',(0.,0.,-1.));
#3568=DIRECTION('',(-1.,0.,0.));
#3569=DIRECTION('',(0.,0.,1.));
#3570=DIRECTION('',(1.,0.,0.));
#3571=DIRECTION('',(0.,0.,-1.));
#3572=DIRECTION('',(0.997458500369195,-0.0175057240596765,0.0690658357394049));
#3573=DIRECTION('',(0.0690764207979394,0.,-0.997611371271271));
#3574=DIRECTION('',(0.00155457259634532,0.000344999522873479,0.999998732138882));
#3575=DIRECTION('',(0.999998791651147,0.,-0.00155457268886157));
#3576=DIRECTION('',(4.33680868994202E-15,6.73746827669238E-15,1.));
#3577=DIRECTION('',(0.,-1.,6.73746827669238E-15));
#3578=DIRECTION('',(0.,0.,1.));
#3579=DIRECTION('',(1.,0.,0.));
#3580=DIRECTION('',(0.,0.,1.));
#3581=DIRECTION('',(1.,0.,0.));
#3582=DIRECTION('',(0.,0.,1.));
#3583=DIRECTION('',(0.,0.,-1.));
#3584=DIRECTION('',(-1.,0.,0.));
#3585=DIRECTION('',(0.,0.,1.));
#3586=DIRECTION('',(0.,0.,1.));
#3587=DIRECTION('',(1.,0.,0.));
#3588=DIRECTION('',(0.,0.,1.));
#3589=DIRECTION('',(1.,0.,0.));
#3590=DIRECTION('',(0.,0.,1.));
#3591=DIRECTION('',(0.,0.,1.));
#3592=DIRECTION('',(1.,0.,0.));
#3593=DIRECTION('',(0.,0.,-1.));
#3594=DIRECTION('',(-1.,0.,0.));
#3595=DIRECTION('',(0.,0.,1.));
#3596=DIRECTION('',(1.,0.,0.));
#3597=DIRECTION('',(0.,0.,1.));
#3598=DIRECTION('',(1.,0.,0.));
#3599=DIRECTION('',(0.,0.,-1.));
#3600=DIRECTION('',(1.,0.,0.));
#3601=DIRECTION('',(0.,0.,-1.));
#3602=DIRECTION('',(-1.,0.,0.));
#3603=DIRECTION('',(0.,0.,1.));
#3604=DIRECTION('',(1.,0.,0.));
#3605=DIRECTION('',(0.,0.,1.));
#3606=DIRECTION('',(0.,0.,-1.));
#3607=DIRECTION('',(-1.,0.,0.));
#3608=DIRECTION('',(0.,0.,1.));
#3609=DIRECTION('',(0.,0.,1.));
#3610=DIRECTION('',(1.,0.,0.));
#3611=DIRECTION('',(0.,0.,1.));
#3612=DIRECTION('',(1.,0.,0.));
#3613=DIRECTION('',(0.,0.,1.));
#3614=DIRECTION('',(1.,0.,0.));
#3615=DIRECTION('',(0.,0.,1.));
#3616=DIRECTION('',(0.,0.,1.));
#3617=DIRECTION('',(1.,0.,0.));
#3618=DIRECTION('',(0.,0.,1.));
#3619=DIRECTION('',(1.,0.,0.));
#3620=DIRECTION('',(0.,0.,1.));
#3621=DIRECTION('',(0.,0.,1.));
#3622=DIRECTION('',(1.,0.,0.));
#3623=DIRECTION('',(0.,0.,1.));
#3624=DIRECTION('',(1.,0.,0.));
#3625=DIRECTION('',(0.,0.,1.));
#3626=DIRECTION('',(1.,0.,0.));
#3627=DIRECTION('',(0.,0.,-1.));
#3628=DIRECTION('',(-1.,0.,0.));
#3629=DIRECTION('',(0.,0.,1.));
#3630=DIRECTION('',(0.,0.,-1.));
#3631=DIRECTION('',(1.,0.,0.));
#3632=DIRECTION('',(0.,0.,-1.));
#3633=DIRECTION('',(-1.,0.,0.));
#3634=DIRECTION('',(0.,0.,-1.));
#3635=DIRECTION('',(-1.,0.,0.));
#3636=DIRECTION('',(0.,0.,-1.));
#3637=DIRECTION('',(-1.,0.,0.));
#3638=DIRECTION('',(0.,0.,1.));
#3639=DIRECTION('',(1.,0.,0.));
#3640=DIRECTION('',(0.,0.,1.));
#3641=DIRECTION('',(0.,0.,1.));
#3642=DIRECTION('',(1.,0.,0.));
#3643=DIRECTION('',(0.,0.,1.));
#3644=DIRECTION('',(0.,0.,1.));
#3645=DIRECTION('',(1.,0.,0.));
#3646=DIRECTION('',(0.,0.,1.));
#3647=DIRECTION('',(1.,0.,0.));
#3648=DIRECTION('',(0.,0.,-1.));
#3649=DIRECTION('',(-1.,0.,0.));
#3650=DIRECTION('',(0.,0.,1.));
#3651=DIRECTION('',(0.,0.,1.));
#3652=DIRECTION('',(1.,0.,0.));
#3653=DIRECTION('',(0.,0.,1.));
#3654=DIRECTION('',(1.,0.,0.));
#3655=DIRECTION('',(0.,0.,1.));
#3656=DIRECTION('',(0.,0.,-1.));
#3657=DIRECTION('',(-1.,0.,0.));
#3658=DIRECTION('',(0.,0.,1.));
#3659=DIRECTION('',(1.,0.,0.));
#3660=DIRECTION('',(0.,0.,1.));
#3661=DIRECTION('',(1.,0.,0.));
#3662=DIRECTION('',(0.,0.,1.));
#3663=DIRECTION('',(1.,0.,0.));
#3664=DIRECTION('',(0.,0.,1.));
#3665=DIRECTION('',(1.,0.,0.));
#3666=DIRECTION('',(0.,0.,1.));
#3667=DIRECTION('',(0.,0.,-1.));
#3668=DIRECTION('',(-1.,0.,0.));
#3669=DIRECTION('',(0.,0.,1.));
#3670=DIRECTION('',(0.,0.,1.));
#3671=DIRECTION('',(1.,0.,0.));
#3672=DIRECTION('',(0.,0.,1.));
#3673=DIRECTION('',(1.,0.,0.));
#3674=DIRECTION('',(0.,0.,1.));
#3675=DIRECTION('',(1.,0.,0.));
#3676=DIRECTION('',(0.,0.,1.));
#3677=DIRECTION('',(0.,0.,1.));
#3678=DIRECTION('',(1.,0.,0.));
#3679=DIRECTION('',(0.,0.,1.));
#3680=DIRECTION('',(1.,0.,0.));
#3681=DIRECTION('',(0.,0.,-1.));
#3682=DIRECTION('',(-1.,0.,0.));
#3683=DIRECTION('',(0.,0.,1.));
#3684=DIRECTION('',(0.,0.,1.));
#3685=DIRECTION('',(1.,0.,0.));
#3686=DIRECTION('',(0.,0.,1.));
#3687=DIRECTION('',(1.,0.,0.));
#3688=DIRECTION('',(0.,0.,1.));
#3689=DIRECTION('',(1.,0.,0.));
#3690=DIRECTION('',(0.,0.,1.));
#3691=DIRECTION('',(1.,0.,0.));
#3692=DIRECTION('',(0.,0.,-1.));
#3693=DIRECTION('',(-1.,0.,0.));
#3694=DIRECTION('',(3.79137428843568E-13,-3.50371932326013E-12,1.));
#3695=DIRECTION('',(0.,-1.,-3.50371932326013E-12));
#3696=DIRECTION('',(-0.378753867518728,-0.925497438051346,0.));
#3697=DIRECTION('',(0.925497438051347,-0.378753867518728,0.));
#3698=DIRECTION('',(0.892523603787588,-0.365259538155034,0.26455072570074));
#3699=DIRECTION('',(0.378753867518729,0.925497438051346,0.));
#3700=DIRECTION('',(0.262359158603519,-0.964970295862444,4.28924117548198E-15));
#3701=DIRECTION('',(0.964970295862444,0.262359158603519,0.));
#3702=DIRECTION('',(0.,0.,1.));
#3703=DIRECTION('',(1.,0.,0.));
#3704=DIRECTION('',(-1.,0.,0.));
#3705=DIRECTION('',(0.,0.,1.));
#3706=DIRECTION('',(0.,0.,1.));
#3707=DIRECTION('',(1.,0.,0.));
#3708=DIRECTION('',(-1.38777878078144E-14,-1.,0.));
#3709=DIRECTION('',(1.,-1.38777878078144E-14,0.));
#3710=DIRECTION('',(0.,0.,1.));
#3711=DIRECTION('',(1.,0.,0.));
#3712=DIRECTION('',(-0.888640489173649,-0.458604493001561,0.));
#3713=DIRECTION('',(0.458604493001561,-0.888640489173649,0.));
#3714=DIRECTION('',(-2.09457796649335E-14,0.958925083290386,-0.283659451872357));
#3715=DIRECTION('',(0.,0.283659451872357,0.958925083290386));
#3716=DIRECTION('',(0.251079127019984,0.953820227779221,-0.164882518946301));
#3717=DIRECTION('',(-0.967056118494212,0.254563280311416,0.));
#3718=DIRECTION('',(-0.96705611849429,0.254563280311121,0.));
#3719=DIRECTION('',(-0.254563280311121,-0.96705611849429,0.));
#3720=DIRECTION('',(-1.94827541782249E-11,8.11915237338697E-12,-1.));
#3721=DIRECTION('',(-1.,0.,1.94827541782249E-11));
#3722=DIRECTION('',(0.,0.,-1.));
#3723=DIRECTION('',(-1.,0.,0.));
#3724=DIRECTION('',(0.,0.,-1.));
#3725=DIRECTION('',(-1.,0.,0.));
#3726=DIRECTION('',(0.,0.,1.));
#3727=DIRECTION('',(1.,0.,0.));
#3728=DIRECTION('',(0.,-1.,0.));
#3729=DIRECTION('',(0.,0.,-1.));
#3730=DIRECTION('',(-0.888337786059714,0.459190568128883,3.0820408241501E-15));
#3731=DIRECTION('',(-0.459190568128883,-0.888337786059714,0.));
#3732=DIRECTION('',(0.,-0.958870893574246,-0.283842578652548));
#3733=DIRECTION('',(0.,0.283842578652548,-0.958870893574246));
#3734=DIRECTION('',(0.,0.,1.));
#3735=DIRECTION('',(1.,0.,0.));
#3736=DIRECTION('',(1.,0.,0.));
#3737=DIRECTION('',(0.,0.,-1.));
#3738=DIRECTION('',(0.960676056368697,-3.33301461558319E-15,0.277671595090114));
#3739=DIRECTION('',(0.277671595090114,0.,-0.960676056368697));
#3740=DIRECTION('',(0.,0.,1.));
#3741=DIRECTION('',(1.,0.,0.));
#3742=DIRECTION('',(-0.261992413604771,-0.965069932809818,0.));
#3743=DIRECTION('',(0.965069932809818,-0.261992413604771,0.));
#3744=DIRECTION('',(0.,0.,1.));
#3745=DIRECTION('',(1.,0.,0.));
#3746=DIRECTION('',(0.,-1.,-3.46944695195361E-15));
#3747=DIRECTION('',(0.,3.46944695195361E-15,-1.));
#3748=DIRECTION('',(0.888520215387173,0.458837473238979,0.));
#3749=DIRECTION('',(-0.458837473238979,0.888520215387173,0.));
#3750=DIRECTION('',(-2.46108658271573E-16,-0.958900079548463,-0.283743964591234));
#3751=DIRECTION('',(0.,0.283743964591234,-0.958900079548463));
#3752=DIRECTION('',(0.,0.,1.));
#3753=DIRECTION('',(1.,0.,0.));
#3754=DIRECTION('',(-1.,0.,0.));
#3755=DIRECTION('',(0.,0.,1.));
#3756=DIRECTION('',(-0.960707381782084,9.52118815305334E-13,0.277563193866573));
#3757=DIRECTION('',(0.277563193866573,0.,0.960707381782084));
#3758=DIRECTION('',(0.,0.,1.));
#3759=DIRECTION('',(1.,0.,0.));
#3760=DIRECTION('',(0.262181772787997,-0.965018506567487,3.3480805161894E-15));
#3761=DIRECTION('',(0.965018506567487,0.262181772787997,0.));
#3762=DIRECTION('',(0.,0.,-1.));
#3763=DIRECTION('',(-1.,0.,0.));
#3764=DIRECTION('',(0.,0.,-1.));
#3765=DIRECTION('',(-1.,0.,0.));
#3766=DIRECTION('',(1.,0.,0.));
#3767=DIRECTION('',(0.,0.,-1.));
#3768=DIRECTION('',(0.,1.,0.));
#3769=DIRECTION('',(0.,0.,1.));
#3770=DIRECTION('',(-0.0625439498029429,0.998042210702056,0.));
#3771=DIRECTION('',(-0.998042210702056,-0.0625439498029429,0.));
#3772=DIRECTION('',(0.,0.,-1.));
#3773=DIRECTION('',(-1.,0.,0.));
#3774=DIRECTION('',(0.,0.,-1.));
#3775=DIRECTION('',(-1.,0.,0.));
#3776=DIRECTION('',(-0.98846638663026,0.151440425587483,0.));
#3777=DIRECTION('',(-0.151440425587483,-0.98846638663026,0.));
#3778=DIRECTION('',(-0.724885886358984,0.688868965593276,0.));
#3779=DIRECTION('',(-0.688868965593276,-0.724885886358984,0.));
#3780=DIRECTION('',(-0.666452657055146,0.745547353227235,2.93347031313813E-14));
#3781=DIRECTION('',(-0.745547353227235,-0.666452657055146,0.));
#3782=DIRECTION('',(0.,0.,-1.));
#3783=DIRECTION('',(-1.,0.,0.));
#3784=DIRECTION('',(-1.,0.,0.));
#3785=DIRECTION('',(0.,0.,1.));
#3786=DIRECTION('',(0.,0.,-1.));
#3787=DIRECTION('',(-1.,0.,0.));
#3788=DIRECTION('',(3.46944695195361E-15,-1.,3.46944695195361E-15));
#3789=DIRECTION('',(0.,-3.46944695195361E-15,-1.));
#3790=DIRECTION('',(0.,0.,-1.));
#3791=DIRECTION('',(-1.,0.,0.));
#3792=DIRECTION('',(0.,0.,-1.));
#3793=DIRECTION('',(-1.,0.,0.));
#3794=DIRECTION('',(1.,0.,0.));
#3795=DIRECTION('',(0.,0.,-1.));
#3796=DIRECTION('',(0.,0.,-1.));
#3797=DIRECTION('',(-1.,0.,0.));
#3798=DIRECTION('',(0.,-1.,0.));
#3799=DIRECTION('',(0.,0.,-1.));
#3800=DIRECTION('',(0.,0.,-1.));
#3801=DIRECTION('',(-1.,0.,0.));
#3802=DIRECTION('',(0.,0.,-1.));
#3803=DIRECTION('',(-1.,0.,0.));
#3804=DIRECTION('',(-0.925497438051334,0.37875386751876,-5.8283136308087E-16));
#3805=DIRECTION('',(-0.37875386751876,-0.925497438051334,0.));
#3806=DIRECTION('',(0.,0.,-1.));
#3807=DIRECTION('',(-1.,0.,0.));
#3808=DIRECTION('',(1.,0.,0.));
#3809=DIRECTION('',(0.,0.,-1.));
#3810=DIRECTION('',(0.,0.,-1.));
#3811=DIRECTION('',(-1.,0.,0.));
#3812=DIRECTION('',(1.38777878078144E-14,1.,-1.38777878078145E-14));
#3813=DIRECTION('',(0.,1.38777878078145E-14,1.));
#3814=DIRECTION('',(-0.254563280311107,-0.967056118494293,0.));
#3815=DIRECTION('',(0.967056118494293,-0.254563280311107,0.));
#3816=DIRECTION('',(0.,0.,-1.));
#3817=DIRECTION('',(-1.,0.,0.));
#3818=DIRECTION('',(0.,0.,-1.));
#3819=DIRECTION('',(-1.,0.,0.));
#3820=CARTESIAN_POINT('',(0.,0.,0.));
#3821=CARTESIAN_POINT('',(0.0118051279719277,-0.0407886662406664,-0.00567834620192014));
#3822=CARTESIAN_POINT('',(0.0114544512495115,-0.0417835905874329,-0.00568620324386699));
#3823=CARTESIAN_POINT('',(0.012456688630442,-0.0420782305743388,-0.00553917310096007));
#3824=CARTESIAN_POINT('',(0.0118699043556251,-0.0408101115041938,-0.00616375723578592));
#3825=CARTESIAN_POINT('',(0.0115290088214121,-0.041787098212464,-0.0061773552432348));
#3826=CARTESIAN_POINT('',(0.0124730751226999,-0.0420830479119838,-0.00578187861211913));
#3827=CARTESIAN_POINT('',(0.0123523780719916,-0.0409578048178828,-0.00706979567357984));
#3828=CARTESIAN_POINT('',(0.0120460711254427,-0.0417999894051649,-0.00697771853553936));
#3829=CARTESIAN_POINT('',(0.0125955802342818,-0.0421146533734779,-0.00623489781920741));
#3830=CARTESIAN_POINT('',(0.0132261406936626,-0.0413811929199798,-0.00740000000000053));
#3831=CARTESIAN_POINT('',(0.0126707835595958,-0.0421156028798472,-0.00731461440846333));
#3832=CARTESIAN_POINT('',(0.0128033384973688,-0.0422506062459458,-0.00640000004093901));
#3833=CARTESIAN_POINT('',(0.0136017369240851,-0.0416364175728271,-0.00740000000000053));
#3834=CARTESIAN_POINT('',(0.0128881894010896,-0.042337024404386,-0.00740000000000053));
#3835=CARTESIAN_POINT('',(0.0128881894010896,-0.042337024404386,-0.00640000000000053));
#3836=CARTESIAN_POINT('',(0.0127387353827899,-0.0411188299127329,-0.00553917310096007));
#3837=CARTESIAN_POINT('',(0.012456688630442,-0.0420782305743388,-0.00553917310096007));
#3838=CARTESIAN_POINT('',(0.0118051279719277,-0.0407886662406663,-0.00567834620192013));
#3839=CARTESIAN_POINT('',(0.0128881894010896,-0.0423370244043859,-0.0064));
#3840=CARTESIAN_POINT('',(0.0128239131362769,-0.0422715609126263,-0.0064));
#3841=CARTESIAN_POINT('',(0.0126867217816978,-0.0421713776324561,-0.00630463066547515));
#3842=CARTESIAN_POINT('',(0.0125212774120963,-0.0420956657504077,-0.00598786980943301));
#3843=CARTESIAN_POINT('',(0.0124688675987892,-0.0420818109746937,-0.00571955987322702));
#3844=CARTESIAN_POINT('',(0.012456688630442,-0.0420782305743388,-0.00553917310096007));
#3845=CARTESIAN_POINT('',(0.0128881894010896,-0.0423370244043859,-0.0064));
#3846=CARTESIAN_POINT('',(0.0136017369240851,-0.0416364175728271,-0.0064));
#3847=CARTESIAN_POINT('',(0.0136017369240851,-0.0416364175728271,-0.0074));
#3848=CARTESIAN_POINT('',(0.0118051279719277,-0.0407886662406663,-0.00567834620192013));
#3849=CARTESIAN_POINT('',(0.0118689674306477,-0.0408098013336782,-0.00615673628754236));
#3850=CARTESIAN_POINT('',(0.0123362451279585,-0.0409543450405166,-0.00704680443429845));
#3851=CARTESIAN_POINT('',(0.0132020370529378,-0.0413648140381926,-0.0074));
#3852=CARTESIAN_POINT('',(0.0136017369240851,-0.0416364175728271,-0.0074));
#3853=CARTESIAN_POINT('',(0.012174641878094,-0.0430376312359448,-0.0064));
#3854=CARTESIAN_POINT('',(0.012174641878094,-0.0430376312359448,-0.0064));
#3855=CARTESIAN_POINT('',(0.013174641878094,-0.0430376312359448,-0.0064));
#3856=CARTESIAN_POINT('',(0.014174641878094,-0.0430376312359448,-0.0064));
#3857=CARTESIAN_POINT('',(0.014174641878094,-0.0430376312359448,-0.0074));
#3858=CARTESIAN_POINT('',(0.012174641878094,-0.0430376312359448,-0.0074));
#3859=CARTESIAN_POINT('',(0.014174641878094,-0.0430376312359448,-0.0064));
#3860=CARTESIAN_POINT('',(0.014174641878094,-0.0430376312359448,-0.0064));
#3861=CARTESIAN_POINT('',(0.014174641878094,-0.0440376312359448,-0.0064));
#3862=CARTESIAN_POINT('',(0.014174641878094,-0.0430376312359448,-0.0064));
#3863=CARTESIAN_POINT('',(0.014174641878094,-0.0450376312359448,-0.0064));
#3864=CARTESIAN_POINT('',(0.014174641878094,-0.0450376312359448,-0.0064));
#3865=CARTESIAN_POINT('',(0.0151396603846615,-0.0452998130087328,-0.0064));
#3866=CARTESIAN_POINT('',(0.0161046788912292,-0.0455619947815208,-0.0064));
#3867=CARTESIAN_POINT('',(0.0161046788912292,-0.0455619947815208,-0.0074));
#3868=CARTESIAN_POINT('',(0.014174641878094,-0.0450376312359448,-0.0074));
#3869=CARTESIAN_POINT('',(0.016104678891229,-0.0455619947815208,-0.0074));
#3870=CARTESIAN_POINT('',(0.0151396603846615,-0.0452998130087328,-0.00740000000000004));
#3871=CARTESIAN_POINT('',(0.0151396603846615,-0.0452998130087328,-0.0064));
#3872=CARTESIAN_POINT('',(0.0159537849848319,-0.0460710624449647,-0.0074));
#3873=CARTESIAN_POINT('',(0.0150598867119752,-0.0455934377836035,-0.00738792620473123));
#3874=CARTESIAN_POINT('',(0.0150807468623377,-0.045516657371043,-0.00639999999978775));
#3875=CARTESIAN_POINT('',(0.0153509702095021,-0.0469862255600693,-0.00725827937780469));
#3876=CARTESIAN_POINT('',(0.0145955578424169,-0.0461240656890472,-0.00732545308857315));
#3877=CARTESIAN_POINT('',(0.014814162846246,-0.0458979486166324,-0.00628042321869793));
#3878=CARTESIAN_POINT('',(0.0143931448329418,-0.0473469686749457,-0.00694502388073661));
#3879=CARTESIAN_POINT('',(0.0139985434715185,-0.0461173340834016,-0.00724608330754228));
#3880=CARTESIAN_POINT('',(0.0143899470290487,-0.0460376312359448,-0.00601611391223331));
#3881=CARTESIAN_POINT('',(0.0139129217326998,-0.0473706479267709,-0.00679757503756543));
#3882=CARTESIAN_POINT('',(0.0137822480328591,-0.0460376312359448,-0.00724986550984725));
#3883=CARTESIAN_POINT('',(0.014174641878094,-0.0460376312359448,-0.00589170393794583));
#3884=CARTESIAN_POINT('',(0.014174641878094,-0.0460376312359448,-0.00589170393794583));
#3885=CARTESIAN_POINT('',(0.0143810037329615,-0.0460376312359448,-0.00601094618926048));
#3886=CARTESIAN_POINT('',(0.0147846370154436,-0.0459171547274387,-0.0062629153498648));
#3887=CARTESIAN_POINT('',(0.015076871011812,-0.0455309233035912,-0.0064));
#3888=CARTESIAN_POINT('',(0.0151396603846615,-0.0452998130087328,-0.0064));
#3889=CARTESIAN_POINT('',(0.014174641878094,-0.0460376312359448,-0.00589170393794583));
#3890=CARTESIAN_POINT('',(0.014174641878094,-0.0470376312359448,-0.00589170393794583));
#3891=CARTESIAN_POINT('',(0.0139129217326998,-0.047370647926771,-0.00679757503756543));
#3892=CARTESIAN_POINT('',(0.0161046788912292,-0.0455619947815208,-0.0074));
#3893=CARTESIAN_POINT('',(0.0159564886465095,-0.0460619411074039,-0.0074));
#3894=CARTESIAN_POINT('',(0.0153735836848891,-0.0469642494363333,-0.00726509441861733));
#3895=CARTESIAN_POINT('',(0.0144112919418084,-0.047346073848979,-0.00695059581691543));
#3896=CARTESIAN_POINT('',(0.0139129217326998,-0.047370647926771,-0.00679757503756543));
#3897=CARTESIAN_POINT('',(0.0139129217326998,-0.0473706479267709,-0.00679757503756543));
#3898=CARTESIAN_POINT('',(0.0137822480328591,-0.0460376312359448,-0.00724986550984726));
#3899=CARTESIAN_POINT('',(0.014174641878094,-0.0460376312359448,-0.00589170393794583));
#3900=CARTESIAN_POINT('',(0.0134624814626926,-0.0473928586286806,-0.0066592707827314));
#3901=CARTESIAN_POINT('',(0.0134180724894762,-0.0459965094662629,-0.00719791828278689));
#3902=CARTESIAN_POINT('',(0.0138717135801954,-0.0460376312359448,-0.0057750097180186));
#3903=CARTESIAN_POINT('',(0.0125880211445636,-0.0473022890975687,-0.00635989916283249));
#3904=CARTESIAN_POINT('',(0.012729663607302,-0.0457803828999481,-0.00710197384936387));
#3905=CARTESIAN_POINT('',(0.013282541521566,-0.0459476416355966,-0.00552241492097442));
#3906=CARTESIAN_POINT('',(0.0113847444175137,-0.0467906442966813,-0.00591746072269219));
#3907=CARTESIAN_POINT('',(0.0119756239296208,-0.0452053049512719,-0.00708858115780935));
#3908=CARTESIAN_POINT('',(0.0124654137282399,-0.0455589454571709,-0.00514910748396733));
#3909=CARTESIAN_POINT('',(0.0103914111627538,-0.0459196328069118,-0.0056133868061204));
#3910=CARTESIAN_POINT('',(0.0116267793101277,-0.0446464671837106,-0.00724041625965557));
#3911=CARTESIAN_POINT('',(0.0117806079316889,-0.0449260436514099,-0.00489254511854638));
#3912=CARTESIAN_POINT('',(0.0099550918982114,-0.0451422566466158,-0.00560823681249003));
#3913=CARTESIAN_POINT('',(0.0115246662253205,-0.0444478588499777,-0.00725063699280622));
#3914=CARTESIAN_POINT('',(0.011468872874406,-0.0443700245119237,-0.00488819980901592));
#3915=CARTESIAN_POINT('',(0.0098107554956199,-0.0447336678946768,-0.00565959464371891));
#3916=CARTESIAN_POINT('',(0.0114440432038581,-0.0443029240616528,-0.00721575414414184));
#3917=CARTESIAN_POINT('',(0.0113610905207119,-0.0440787502298036,-0.00493153298063783));
#3918=CARTESIAN_POINT('',(0.0113610905207127,-0.0440787502298056,-0.0049315329806493));
#3919=CARTESIAN_POINT('',(0.0115828475499189,-0.044678033111216,-0.00484237706007782));
#3920=CARTESIAN_POINT('',(0.0124342463347797,-0.0457045050434608,-0.00510168123173562));
#3921=CARTESIAN_POINT('',(0.0135751704926986,-0.0460376312359448,-0.00566077522088187));
#3922=CARTESIAN_POINT('',(0.014174641878094,-0.0460376312359448,-0.00589170393794584));
#3923=CARTESIAN_POINT('',(0.0113610905207127,-0.0440787502298056,-0.0049315329806493));
#3924=CARTESIAN_POINT('',(0.0104232400682639,-0.0444257898944213,-0.00493153298064923));
#3925=CARTESIAN_POINT('',(0.00981075549563426,-0.0447336678946732,-0.00565959464373251));
#3926=CARTESIAN_POINT('',(0.0139129217326998,-0.047370647926771,-0.00679757503756543));
#3927=CARTESIAN_POINT('',(0.0130467646386983,-0.047413357164641,-0.00653162809462769));
#3928=CARTESIAN_POINT('',(0.0117802257707358,-0.0471099426214303,-0.00604543387167116));
#3929=CARTESIAN_POINT('',(0.0104196424991948,-0.0459599027343938,-0.00561749348891308));
#3930=CARTESIAN_POINT('',(0.00996146837717494,-0.0451603072375697,-0.00560596793206773));
#3931=CARTESIAN_POINT('',(0.00981075549562186,-0.0447336678946823,-0.00565959464371827));
#3932=CARTESIAN_POINT('',(0.00981075549561975,-0.0447336678946766,-0.00565959464371889));
#3933=CARTESIAN_POINT('',(0.0114440432038564,-0.0443029240616481,-0.00721575414414279));
#3934=CARTESIAN_POINT('',(0.0113610905207123,-0.0440787502298046,-0.0049315329806377));
#3935=CARTESIAN_POINT('',(0.00969970919260091,-0.0444427234154378,-0.00568920924657319));
#3936=CARTESIAN_POINT('',(0.0112540532633864,-0.0438162947395628,-0.00727539556674123));
#3937=CARTESIAN_POINT('',(0.0113205859190729,-0.0439692893731736,-0.00494781754647617));
#3938=CARTESIAN_POINT('',(0.00953630472744529,-0.0438344384563325,-0.00560303284519418));
#3939=CARTESIAN_POINT('',(0.0109865699322089,-0.0428070391763092,-0.00705112447961698));
#3940=CARTESIAN_POINT('',(0.0112526817270721,-0.0437433169574762,-0.00489623404878544));
#3941=CARTESIAN_POINT('',(0.0095132861027115,-0.0430605096410843,-0.00511672596624176));
#3942=CARTESIAN_POINT('',(0.010960387719476,-0.0418590256917538,-0.00589051180776959));
#3943=CARTESIAN_POINT('',(0.0112025842551858,-0.0434655352559858,-0.00459813421298209));
#3944=CARTESIAN_POINT('',(0.00965535584046218,-0.0425765144173061,-0.0044865864734998));
#3945=CARTESIAN_POINT('',(0.011048966367266,-0.0417495625219761,-0.00473771011565844));
#3946=CARTESIAN_POINT('',(0.0111856397625509,-0.0433015114788926,-0.00418220119000442));
#3947=CARTESIAN_POINT('',(0.00979819617534763,-0.0424133645132457,-0.00407041170878572));
#3948=CARTESIAN_POINT('',(0.011085296423111,-0.0418863022532918,-0.0041626125920804));
#3949=CARTESIAN_POINT('',(0.0111821537867605,-0.0432504464827105,-0.00388179895914447));
#3950=CARTESIAN_POINT('',(0.00987368590694518,-0.0423586575800383,-0.00386854628740975));
#3951=CARTESIAN_POINT('',(0.0110977259035734,-0.0419626492481485,-0.00391427772476204));
#3952=CARTESIAN_POINT('',(0.0111810683239442,-0.0432338896775371,-0.00372937318644958));
#3953=CARTESIAN_POINT('',(0.0111810683239445,-0.0432338896775372,-0.00372937318644952));
#3954=CARTESIAN_POINT('',(0.0111830098058413,-0.0432635035316728,-0.00400200494041765));
#3955=CARTESIAN_POINT('',(0.0111859579548902,-0.0433455584060241,-0.00441047837038589));
#3956=CARTESIAN_POINT('',(0.011237792626853,-0.0436816918156945,-0.0048625939433607));
#3957=CARTESIAN_POINT('',(0.0113133123908393,-0.0439496331711878,-0.00495074185607769));
#3958=CARTESIAN_POINT('',(0.0113610905207125,-0.0440787502298051,-0.00493153298063764));
#3959=CARTESIAN_POINT('',(0.0111810683239445,-0.0432338896775372,-0.00372937318644952));
#3960=CARTESIAN_POINT('',(0.0101832104725613,-0.0432993091580681,-0.00372937318644952));
#3961=CARTESIAN_POINT('',(0.00987368590694558,-0.0423586575800385,-0.00386854628740959));
#3962=CARTESIAN_POINT('',(0.00981075549563426,-0.0447336678946732,-0.00565959464373251));
#3963=CARTESIAN_POINT('',(0.00961345717201047,-0.0442167405399292,-0.0057122115892075));
#3964=CARTESIAN_POINT('',(0.00941569844931319,-0.0430938357617781,-0.00533799866757292));
#3965=CARTESIAN_POINT('',(0.00968563063743635,-0.0424949400556623,-0.00437142076289296));
#3966=CARTESIAN_POINT('',(0.00987368590694558,-0.0423586575800385,-0.00386854628740959));
#3967=CARTESIAN_POINT('',(0.00987368590694557,-0.0423586575800385,-0.00386854628740959));
#3968=CARTESIAN_POINT('',(0.0110977259035736,-0.0419626492481489,-0.0039142777247618));
#3969=CARTESIAN_POINT('',(0.0111810683239445,-0.0432338896775373,-0.00372937318644952));
#3970=CARTESIAN_POINT('',(0.00986058924891938,-0.0422597590024587,-0.00317097729036759));
#3971=CARTESIAN_POINT('',(0.0111227216692666,-0.0418406857182844,-0.00320984681637488));
#3972=CARTESIAN_POINT('',(0.0111761007530023,-0.0431581182157843,-0.00303180418940429));
#3973=CARTESIAN_POINT('',(0.0098497216084521,-0.042159977635927,-0.00247366553040998));
#3974=CARTESIAN_POINT('',(0.0111536780928536,-0.0417153910902979,-0.00251833522173108));
#3975=CARTESIAN_POINT('',(0.0111739357161975,-0.04308126530635,-0.00233449242945679));
#3976=CARTESIAN_POINT('',(0.0098408987227813,-0.0420590896944115,-0.00177670255263822));
#3977=CARTESIAN_POINT('',(0.0111912435468905,-0.0415862081216065,-0.00184993622445375));
#3978=CARTESIAN_POINT('',(0.0111748428879148,-0.0430029034585964,-0.00163752945167815));
#3979=CARTESIAN_POINT('',(0.0111805152459879,-0.0432252630853536,-0.00365));
#3980=CARTESIAN_POINT('',(0.0111660140029827,-0.0429938601651287,-0.00361734973458938));
#3981=CARTESIAN_POINT('',(0.0110768022547921,-0.0427729531320194,-0.00358544728363982));
#3982=CARTESIAN_POINT('',(0.0109234062041337,-0.0425978248865588,-0.00355956183826604));
#3983=CARTESIAN_POINT('',(0.0111805152459879,-0.0432252630853536,-0.00365));
#3984=CARTESIAN_POINT('',(0.0109234062041336,-0.0425978248865588,-0.00355956183826604));
#3985=CARTESIAN_POINT('',(0.0109234062041336,-0.0425978248865588,-0.00355956183826604));
#3986=CARTESIAN_POINT('',(0.0107985941501721,-0.0424553302399969,-0.00353849991658711));
#3987=CARTESIAN_POINT('',(0.0105291115513794,-0.0422698665430418,-0.0033103110875773));
#3988=CARTESIAN_POINT('',(0.0101502289653145,-0.0421128449562538,-0.00268041858742148));
#3989=CARTESIAN_POINT('',(0.00995662926492349,-0.0420726888816414,-0.00214540204146606));
#3990=CARTESIAN_POINT('',(0.00984105680577481,-0.0420608947269087,-0.00178917310096001));
#3991=CARTESIAN_POINT('',(0.00984105680577481,-0.0420608947269087,-0.00178917310096006));
#3992=CARTESIAN_POINT('',(0.00987368590694558,-0.0423586575800385,-0.00386854628740959));
#3993=CARTESIAN_POINT('',(0.00986067052007347,-0.042260372716539,-0.0031753060473807));
#3994=CARTESIAN_POINT('',(0.00984985368722385,-0.0421611946531653,-0.00248216985261214));
#3995=CARTESIAN_POINT('',(0.00984105680577481,-0.0420608947269088,-0.00178917310096006));
#3996=CARTESIAN_POINT('',(0.0111805152459879,-0.0432252630853536,-0.00365));
#3997=CARTESIAN_POINT('',(0.0111806955475568,-0.043228140239371,-0.00367645757140232));
#3998=CARTESIAN_POINT('',(0.0111808799104334,-0.0432310157644499,-0.00370291530081959));
#3999=CARTESIAN_POINT('',(0.0111810683239444,-0.0432338896775373,-0.00372937318644952));
#4000=CARTESIAN_POINT('',(0.012456688630442,-0.0420782305743388,-0.00553917310096007));
#4001=CARTESIAN_POINT('',(0.0114544512495115,-0.0417835905874329,-0.00568620324386698));
#4002=CARTESIAN_POINT('',(0.0118051279719277,-0.0407886662406664,-0.00567834620192014));
#4003=CARTESIAN_POINT('',(0.0123685822840935,-0.0420523288735758,-0.00423420054637579));
#4004=CARTESIAN_POINT('',(0.0112347797720762,-0.0418241897082978,-0.00432882476956435));
#4005=CARTESIAN_POINT('',(0.0116297481949871,-0.0407345075941087,-0.00437337364733917));
#4006=CARTESIAN_POINT('',(0.0122766494068815,-0.0420380167309681,-0.00292984184256711));
#4007=CARTESIAN_POINT('',(0.0109990103672926,-0.0419032628166206,-0.00300944209595566));
#4008=CARTESIAN_POINT('',(0.0114486497167377,-0.0406975994799461,-0.00306901494350026));
#4009=CARTESIAN_POINT('',(0.0121784936554099,-0.0420376386540666,-0.0016266829000554));
#4010=CARTESIAN_POINT('',(0.0107427358215382,-0.0420321083935869,-0.00184297267983646));
#4011=CARTESIAN_POINT('',(0.0112598708068074,-0.0406775469018115,-0.00176585600101547));
#4012=CARTESIAN_POINT('',(0.0112632476837721,-0.0406779075388141,-0.00178917310096006));
#4013=CARTESIAN_POINT('',(0.0114508737680464,-0.0406980528704551,-0.00308506196839494));
#4014=CARTESIAN_POINT('',(0.0116308467353581,-0.0407348468318865,-0.00438154770837626));
#4015=CARTESIAN_POINT('',(0.0118051279719277,-0.0407886662406663,-0.00567834620192013));
#4016=CARTESIAN_POINT('',(0.0112632476837721,-0.0406779075388141,-0.00178917310096006));
#4017=CARTESIAN_POINT('',(0.0117674219826303,-0.0417795975017222,-0.00356681537713037));
#4018=CARTESIAN_POINT('',(0.0116283177382225,-0.0416499288956569,-0.00354489650379612));
#4019=CARTESIAN_POINT('',(0.0114521689401221,-0.0413742558848491,-0.00331411871201484));
#4020=CARTESIAN_POINT('',(0.0113068584136217,-0.0409893123026935,-0.00268262332526962));
#4021=CARTESIAN_POINT('',(0.0112719813459928,-0.0407939429097139,-0.00214701577850848));
#4022=CARTESIAN_POINT('',(0.0112632476837721,-0.040677907538814,-0.00178917310095995));
#4023=CARTESIAN_POINT('',(0.0117674219826303,-0.0417795975017222,-0.00356681537713037));
#4024=CARTESIAN_POINT('',(0.0117674219826303,-0.0417795975017222,-0.00356681537713037));
#4025=CARTESIAN_POINT('',(0.0119225069916356,-0.0419241628744392,-0.00359125236453429));
#4026=CARTESIAN_POINT('',(0.0121172501157826,-0.0420171701999875,-0.00362033349293729));
#4027=CARTESIAN_POINT('',(0.0123260823036816,-0.0420491648493145,-0.00364999999999949));
#4028=CARTESIAN_POINT('',(0.0123260823036815,-0.0420491648493145,-0.00365));
#4029=CARTESIAN_POINT('',(0.012456688630442,-0.0420782305743388,-0.00553917310096007));
#4030=CARTESIAN_POINT('',(0.0124141703646115,-0.0420657309594513,-0.00490942084963167));
#4031=CARTESIAN_POINT('',(0.0123706808513491,-0.0420559976795764,-0.00427969397944828));
#4032=CARTESIAN_POINT('',(0.0123260823036815,-0.0420491648493146,-0.00365));
#4033=CARTESIAN_POINT('',(0.0322426605863431,-0.0265485943983428,-0.000999999999999999));
#4034=CARTESIAN_POINT('',(0.0322426605863431,-0.0265485943983428,-0.0074));
#4035=CARTESIAN_POINT('',(0.0262273501969036,-0.0287340099008734,-0.0074));
#4036=CARTESIAN_POINT('',(0.0328303069642657,-0.0281660787432378,-0.000999999999999999));
#4037=CARTESIAN_POINT('',(0.0328303069571703,-0.0281660787458429,-0.00739999999999559));
#4038=CARTESIAN_POINT('',(0.0266371485017744,-0.0298619711609965,-0.0074));
#4039=CARTESIAN_POINT('',(0.0335499089520707,-0.0312807594907343,-0.000999999999999999));
#4040=CARTESIAN_POINT('',(0.0335499089558279,-0.0312807594897525,-0.00740000000000184));
#4041=CARTESIAN_POINT('',(0.0271791896366311,-0.0321661695132325,-0.0074));
#4042=CARTESIAN_POINT('',(0.033792091310506,-0.0359911455960946,-0.000999999999999999));
#4043=CARTESIAN_POINT('',(0.0337920913079991,-0.0359911455956236,-0.00740000000000018));
#4044=CARTESIAN_POINT('',(0.0273639901259658,-0.0357698727458674,-0.0074));
#4045=CARTESIAN_POINT('',(0.0332307658837813,-0.0406333692087718,-0.000999999999999999));
#4046=CARTESIAN_POINT('',(0.033230765890052,-0.0406333692116378,-0.00739999999999744));
#4047=CARTESIAN_POINT('',(0.0269372894000721,-0.0392927031696243,-0.0074));
#4048=CARTESIAN_POINT('',(0.0322182430994406,-0.0438489228176182,-0.000999999999999999));
#4049=CARTESIAN_POINT('',(0.0322182430864801,-0.043848922811245,-0.00740000000000587));
#4050=CARTESIAN_POINT('',(0.0261913769632698,-0.0416012792388103,-0.0074));
#4051=CARTESIAN_POINT('',(0.0314057467205362,-0.0455001084284288,-0.000999999999999999));
#4052=CARTESIAN_POINT('',(0.0314057467205362,-0.0455001084284288,-0.0074));
#4053=CARTESIAN_POINT('',(0.02566331014465,-0.0426744364425244,-0.0074));
#4054=CARTESIAN_POINT('',(0.0262574328920908,-0.0412603502575974,-0.0074));
#4055=CARTESIAN_POINT('',(0.0266395392374117,-0.0411025728948791,-0.00740000000000004));
#4056=CARTESIAN_POINT('',(0.0274729176736887,-0.0410043205719353,-0.00735067216405084));
#4057=CARTESIAN_POINT('',(0.0286321081609373,-0.0413874502872473,-0.00701783508620178));
#4058=CARTESIAN_POINT('',(0.0294685825777032,-0.042165970496742,-0.00650153346224961));
#4059=CARTESIAN_POINT('',(0.0297326251515295,-0.042876652482035,-0.00614217679646734));
#4060=CARTESIAN_POINT('',(0.0297517639134848,-0.0432692839735462,-0.00601192808168059));
#4061=CARTESIAN_POINT('',(0.0262574328920914,-0.0412603502575975,-0.0074));
#4062=CARTESIAN_POINT('',(0.0297517639134848,-0.0432692839735462,-0.0060119280816806));
#4063=CARTESIAN_POINT('',(0.0297517639134848,-0.0432692839735462,-0.00601192808168059));
#4064=CARTESIAN_POINT('',(0.0297691635919643,-0.0436262381866338,-0.0058935146877029));
#4065=CARTESIAN_POINT('',(0.0297386114703225,-0.0439835756458648,-0.00579288928146393));
#4066=CARTESIAN_POINT('',(0.0296531023575582,-0.0443440840056714,-0.00572280531780602));
#4067=CARTESIAN_POINT('',(0.0296531023575609,-0.0443440840056728,-0.00572280531780324));
#4068=CARTESIAN_POINT('',(0.0296531023575609,-0.0443440840056728,-0.00572280531780323));
#4069=CARTESIAN_POINT('',(0.0298130693511978,-0.0444450731181959,-0.00555108006566628));
#4070=CARTESIAN_POINT('',(0.0299577372579853,-0.0445522443360547,-0.00536908252993308));
#4071=CARTESIAN_POINT('',(0.0300886953546298,-0.0446626579270162,-0.00517654006712323));
#4072=CARTESIAN_POINT('',(0.0300886953546298,-0.0446626579270162,-0.00517654006712325));
#4073=CARTESIAN_POINT('',(0.0300886953546298,-0.0446626579270162,-0.00517654006712325));
#4074=CARTESIAN_POINT('',(0.0302913170304899,-0.0448334926246148,-0.00487863350396769));
#4075=CARTESIAN_POINT('',(0.0307232395842231,-0.0450033584195782,-0.00422747256616859));
#4076=CARTESIAN_POINT('',(0.0314639873794598,-0.0449510563334509,-0.00282647019972934));
#4077=CARTESIAN_POINT('',(0.0318179242125382,-0.0446084059411141,-0.00173878691775002));
#4078=CARTESIAN_POINT('',(0.0319226983453267,-0.0443546567137377,-0.000999999999272407));
#4079=CARTESIAN_POINT('',(0.0319227005733126,-0.0443546502643605,-0.00100000250598458));
#4080=CARTESIAN_POINT('',(0.0319227009449417,-0.0443546504178075,-0.000999999999999999));
#4081=CARTESIAN_POINT('',(0.032554732272864,-0.0428239518398078,-0.001));
#4082=CARTESIAN_POINT('',(0.0334464215762701,-0.0395870158982333,-0.000999999999999997));
#4083=CARTESIAN_POINT('',(0.0336961289495827,-0.0363073128665244,-0.000999999999999999));
#4084=CARTESIAN_POINT('',(0.0336716744038072,-0.0346428783541265,-0.000999999999999999));
#4085=CARTESIAN_POINT('',(0.0336716741405476,-0.0346428783579944,-0.000999999999976353));
#4086=CARTESIAN_POINT('',(0.0326090860832449,-0.0336315226557457,-0.00447756893459098));
#4087=CARTESIAN_POINT('',(0.0329623047446959,-0.0336597462308713,-0.00393503364738802));
#4088=CARTESIAN_POINT('',(0.0334913393847254,-0.0339593906477795,-0.00278308684316754));
#4089=CARTESIAN_POINT('',(0.0336683294034897,-0.0344152054510246,-0.0015974796047017));
#4090=CARTESIAN_POINT('',(0.0336716745118007,-0.0346428857044946,-0.000999999999272409));
#4091=CARTESIAN_POINT('',(0.0326090860832449,-0.0336315226557457,-0.00447756893459098));
#4092=CARTESIAN_POINT('',(0.0326090860832449,-0.0336315226557457,-0.00447756893459098));
#4093=CARTESIAN_POINT('',(0.032029357730502,-0.0335852000558898,-0.00536801760755464));
#4094=CARTESIAN_POINT('',(0.0312426261635348,-0.0335229142110337,-0.00609474960991173));
#4095=CARTESIAN_POINT('',(0.0303118947318907,-0.0334516731703485,-0.00660423418620619));
#4096=CARTESIAN_POINT('',(0.0303118947318905,-0.0334516731703485,-0.00660423418620591));
#4097=CARTESIAN_POINT('',(0.0303118947318905,-0.0334516731703485,-0.00660423418620591));
#4098=CARTESIAN_POINT('',(0.0298311370494019,-0.0334148745016312,-0.00686740207313367));
#4099=CARTESIAN_POINT('',(0.0288167737525292,-0.0331669994459192,-0.00725141618712829));
#4100=CARTESIAN_POINT('',(0.0274889931942782,-0.032105354255428,-0.00739866666562582));
#4101=CARTESIAN_POINT('',(0.0270100716688595,-0.0304548956623726,-0.00739775654095001));
#4102=CARTESIAN_POINT('',(0.0274236625232699,-0.029386430325277,-0.00734664703520711));
#4103=CARTESIAN_POINT('',(0.0277257356968847,-0.0289432122985384,-0.00725553499288504));
#4104=CARTESIAN_POINT('',(0.0277257356968848,-0.0289432122985385,-0.00725553499288502));
#4105=CARTESIAN_POINT('',(0.0277257356968848,-0.0289432122985383,-0.00725553499288502));
#4106=CARTESIAN_POINT('',(0.0272432940158904,-0.0290382581851639,-0.00736116125979739));
#4107=CARTESIAN_POINT('',(0.0267238576970108,-0.0290077443063402,-0.00739999999999999));
#4108=CARTESIAN_POINT('',(0.0262562607418362,-0.0288143068080641,-0.0074));
#4109=CARTESIAN_POINT('',(0.0262562607418361,-0.0288143068080638,-0.0074));
#4110=CARTESIAN_POINT('',(0.026256260741836,-0.0288143068080637,-0.0074));
#4111=CARTESIAN_POINT('',(0.0266137967749129,-0.0298163774377725,-0.0074));
#4112=CARTESIAN_POINT('',(0.0271107106192182,-0.0318570322148457,-0.0074));
#4113=CARTESIAN_POINT('',(0.027355382146583,-0.0350437747188989,-0.0074));
#4114=CARTESIAN_POINT('',(0.0271152740909283,-0.0381894489537924,-0.0074));
#4115=CARTESIAN_POINT('',(0.0266143218588624,-0.0402594984388954,-0.0074));
#4116=CARTESIAN_POINT('',(0.0262574328920913,-0.0412603502575977,-0.0074));
#4117=CARTESIAN_POINT('',(0.0163888594578086,-0.0520376312359448,-0.000999999999999999));
#4118=CARTESIAN_POINT('',(0.0163888594578086,-0.0520376312359448,-0.0074));
#4119=CARTESIAN_POINT('',(0.0163888594578306,-0.0456376312359448,-0.0074));
#4120=CARTESIAN_POINT('',(0.01591462130847,-0.0520376312359432,-0.00100000000000017));
#4121=CARTESIAN_POINT('',(0.01591462130847,-0.0520376192012919,-0.00740000000000013));
#4122=CARTESIAN_POINT('',(0.0163645984761464,-0.0456376309908108,-0.0074));
#4123=CARTESIAN_POINT('',(0.0151200422725848,-0.0519377130880314,-0.00099999999999992));
#4124=CARTESIAN_POINT('',(0.0151200422725848,-0.0519377185302655,-0.00739999999999994));
#4125=CARTESIAN_POINT('',(0.0163170718293276,-0.0456324720748413,-0.0074));
#4126=CARTESIAN_POINT('',(0.0142393490851896,-0.0517095021311259,-0.00100000000000005));
#4127=CARTESIAN_POINT('',(0.0142393490851896,-0.0517094989892584,-0.00740000000000004));
#4128=CARTESIAN_POINT('',(0.0162241829828714,-0.045609878640525,-0.00740000000000001));
#4129=CARTESIAN_POINT('',(0.0135357989425045,-0.051436346146499,-0.000999999999999981));
#4130=CARTESIAN_POINT('',(0.0135357989425045,-0.0514363472121369,-0.00739999999999998));
#4131=CARTESIAN_POINT('',(0.0161117663554264,-0.0455675625589392,-0.00739999999999999));
#4132=CARTESIAN_POINT('',(0.0129479755522807,-0.0511448285301399,-0.001));
#4133=CARTESIAN_POINT('',(0.0129479755522807,-0.0511448282509569,-0.0074));
#4134=CARTESIAN_POINT('',(0.015984350866729,-0.0455051297490586,-0.0074));
#4135=CARTESIAN_POINT('',(0.0123221963133046,-0.0507790625681933,-0.001));
#4136=CARTESIAN_POINT('',(0.0123221963133046,-0.0507790627293797,-0.0074));
#4137=CARTESIAN_POINT('',(0.0158204621938559,-0.0454099042524753,-0.0074));
#4138=CARTESIAN_POINT('',(0.0117198788576511,-0.0503518461880292,-0.000999999999999999));
#4139=CARTESIAN_POINT('',(0.0117198788576511,-0.0503518461332668,-0.0074));
#4140=CARTESIAN_POINT('',(0.0156247646119967,-0.045272775617964,-0.0074));
#4141=CARTESIAN_POINT('',(0.0111497912065667,-0.0498766310357913,-0.000999999999999999));
#4142=CARTESIAN_POINT('',(0.0111497912065667,-0.0498766310504648,-0.0074));
#4143=CARTESIAN_POINT('',(0.0154072725220178,-0.0450922144289017,-0.0074));
#4144=CARTESIAN_POINT('',(0.0106719720992322,-0.0494234056641314,-0.000999999999999999));
#4145=CARTESIAN_POINT('',(0.0106719720992323,-0.0494234056602001,-0.00739999999999999));
#4146=CARTESIAN_POINT('',(0.0152025620993157,-0.0448986508583986,-0.0074));
#4147=CARTESIAN_POINT('',(0.0102565309367864,-0.0489845878938325,-0.000999999999999999));
#4148=CARTESIAN_POINT('',(0.010256530936786,-0.0489845878948844,-0.00740000000000001));
#4149=CARTESIAN_POINT('',(0.0150087515628313,-0.0446943008505412,-0.0074));
#4150=CARTESIAN_POINT('',(0.00988728176213693,-0.0485560080657208,-0.000999999999999999));
#4151=CARTESIAN_POINT('',(0.00988728176213831,-0.0485560080654447,-0.0074));
#4152=CARTESIAN_POINT('',(0.0148244495952444,-0.0444806813554903,-0.0074));
#4153=CARTESIAN_POINT('',(0.00944202848487087,-0.0479932102431148,-0.000999999999999999));
#4154=CARTESIAN_POINT('',(0.00944202848486358,-0.0479932102432772,-0.0074));
#4155=CARTESIAN_POINT('',(0.0145895722922651,-0.0441841156997524,-0.0074));
#4156=CARTESIAN_POINT('',(0.00896169707667038,-0.0473085134694277,-0.001));
#4157=CARTESIAN_POINT('',(0.00896169707672908,-0.047308513469347,-0.00740000000000003));
#4158=CARTESIAN_POINT('',(0.0143180776118737,-0.0437982288622948,-0.0074));
#4159=CARTESIAN_POINT('',(0.00847422346585147,-0.0465126649748682,-0.000999999999999976));
#4160=CARTESIAN_POINT('',(0.00847422346563718,-0.0465126649749802,-0.00739999999999988));
#4161=CARTESIAN_POINT('',(0.0140244178720434,-0.0433196315654565,-0.00739999999999999));
#4162=CARTESIAN_POINT('',(0.00805172094781519,-0.0457307967240625,-0.00100000000000008));
#4163=CARTESIAN_POINT('',(0.00805172094861369,-0.0457307967236953,-0.00740000000000043));
#4164=CARTESIAN_POINT('',(0.0137575686934729,-0.0428264372789302,-0.0074));
#4165=CARTESIAN_POINT('',(0.00780492461153348,-0.0452159977897831,-0.000999999999999837));
#4166=CARTESIAN_POINT('',(0.00780492460981318,-0.0452159977905652,-0.00739999999999908));
#4167=CARTESIAN_POINT('',(0.0135957374389349,-0.0424892082131767,-0.0074));
#4168=CARTESIAN_POINT('',(0.00768874496486796,-0.0449595319975328,-0.000999999999999999));
#4169=CARTESIAN_POINT('',(0.00768874496486796,-0.0449595319975328,-0.0074));
#4170=CARTESIAN_POINT('',(0.0135184741678045,-0.0423186500576444,-0.0074));
#4171=CARTESIAN_POINT('',(0.00981075549563521,-0.0447336678946755,-0.00565959464373235));
#4172=CARTESIAN_POINT('',(0.00951484598723604,-0.0448395250606252,-0.00536589548032867));
#4173=CARTESIAN_POINT('',(0.00923648746899122,-0.0449148875661649,-0.00504038595594481));
#4174=CARTESIAN_POINT('',(0.0089855004581448,-0.0449649180184346,-0.00468981890401893));
#4175=CARTESIAN_POINT('',(0.00898550045814453,-0.0449649180184339,-0.00468981890401901));
#4176=CARTESIAN_POINT('',(0.00898550045814603,-0.0449649180184378,-0.00468981890401849));
#4177=CARTESIAN_POINT('',(0.00821452600569743,-0.0451186000771797,-0.0036129574361934));
#4178=CARTESIAN_POINT('',(0.00776516746359492,-0.045127392679547,-0.00232560765509035));
#4179=CARTESIAN_POINT('',(0.00770542491427002,-0.0449962496287235,-0.001));
#4180=CARTESIAN_POINT('',(0.00770542491427005,-0.0449962496287236,-0.001));
#4181=CARTESIAN_POINT('',(0.00770542491427002,-0.0449962496287235,-0.001));
#4182=CARTESIAN_POINT('',(0.00843073058447335,-0.0465883945814403,-0.001));
#4183=CARTESIAN_POINT('',(0.00984222348300051,-0.0488455365601318,-0.000999999999999999));
#4184=CARTESIAN_POINT('',(0.0125796142376318,-0.0510829411325139,-0.000999999999999997));
#4185=CARTESIAN_POINT('',(0.014230576729859,-0.0517461336206868,-0.001));
#4186=CARTESIAN_POINT('',(0.0150936068909651,-0.0519129400626764,-0.00100000000000001));
#4187=CARTESIAN_POINT('',(0.015093606890965,-0.0519129400626763,-0.001));
#4188=CARTESIAN_POINT('',(0.0163888594578306,-0.0518944872657982,-0.00234601360382674));
#4189=CARTESIAN_POINT('',(0.016042297999125,-0.0518975130406987,-0.00233194848748776));
#4190=CARTESIAN_POINT('',(0.0153739851450241,-0.0519068398445339,-0.00202763903195637));
#4191=CARTESIAN_POINT('',(0.015094345822292,-0.0519130828832998,-0.00134685990241693));
#4192=CARTESIAN_POINT('',(0.0150936068909698,-0.0519129400626772,-0.00099999999999659));
#4193=CARTESIAN_POINT('',(0.0163888594578306,-0.0518944872657982,-0.00234601360382674));
#4194=CARTESIAN_POINT('',(0.0163888594578306,-0.0456376312359448,-0.001));
#4195=CARTESIAN_POINT('',(0.0163888594578031,-0.0456376312359448,-0.0074));
#4196=CARTESIAN_POINT('',(0.0163888594578031,-0.0456376312359448,-0.0074));
#4197=CARTESIAN_POINT('',(0.0162887199442128,-0.0456376312359444,-0.0074));
#4198=CARTESIAN_POINT('',(0.0161944165147297,-0.0456013604607934,-0.0074));
#4199=CARTESIAN_POINT('',(0.0161046788912293,-0.0455619947815209,-0.0074));
#4200=CARTESIAN_POINT('',(0.0229594534560105,-0.018037631205684,-0.000999999999999999));
#4201=CARTESIAN_POINT('',(0.0229594534560105,-0.018037631205684,-0.0074));
#4202=CARTESIAN_POINT('',(0.0229594528961628,-0.024437631205684,-0.0074));
#4203=CARTESIAN_POINT('',(0.0232625019830478,-0.0180376312321936,-0.00100000000000003));
#4204=CARTESIAN_POINT('',(0.0232625019830471,-0.0180376388991631,-0.00740000000000003));
#4205=CARTESIAN_POINT('',(0.0229749548351896,-0.0244376313632512,-0.0074));
#4206=CARTESIAN_POINT('',(0.0238152620800132,-0.0180795968234083,-0.000999999999999979));
#4207=CARTESIAN_POINT('',(0.0238152620800135,-0.018079593265628,-0.00739999999999998));
#4208=CARTESIAN_POINT('',(0.0230055608535334,-0.0244397266714681,-0.00739999999999999));
#4209=CARTESIAN_POINT('',(0.0244012523959327,-0.0181864778070978,-0.001));
#4210=CARTESIAN_POINT('',(0.0244012523959326,-0.0181864787588746,-0.0074));
#4211=CARTESIAN_POINT('',(0.0230505888002807,-0.0244475801769722,-0.0074));
#4212=CARTESIAN_POINT('',(0.0248241670175653,-0.0182933396377093,-0.001));
#4213=CARTESIAN_POINT('',(0.0248241670175653,-0.0182933393883825,-0.0074));
#4214=CARTESIAN_POINT('',(0.023094978439673,-0.0244586269789861,-0.0074));
#4215=CARTESIAN_POINT('',(0.0252936711636096,-0.0184394920657026,-0.001));
#4216=CARTESIAN_POINT('',(0.0252936711636096,-0.018439492209519,-0.00740000000000001));
#4217=CARTESIAN_POINT('',(0.023153690152331,-0.0244767645924704,-0.0074));
#4218=CARTESIAN_POINT('',(0.025727055089311,-0.0186091408716211,-0.000999999999999995));
#4219=CARTESIAN_POINT('',(0.025727055089311,-0.0186091408239075,-0.00739999999999999));
#4220=CARTESIAN_POINT('',(0.023224874837974,-0.0245041371630216,-0.00739999999999999));
#4221=CARTESIAN_POINT('',(0.0262803002983071,-0.0188649575153092,-0.001));
#4222=CARTESIAN_POINT('',(0.0262803002983071,-0.0188649575428565,-0.0074));
#4223=CARTESIAN_POINT('',(0.023334980476693,-0.0245547888926955,-0.0074));
#4224=CARTESIAN_POINT('',(0.0268049084983893,-0.0191612467689447,-0.000999999999999999));
#4225=CARTESIAN_POINT('',(0.0268049084983893,-0.0191612467595868,-0.00739999999999999));
#4226=CARTESIAN_POINT('',(0.0234670964970457,-0.0246283438165927,-0.0074));
#4227=CARTESIAN_POINT('',(0.0273119165080342,-0.0194965620249947,-0.000999999999999998));
#4228=CARTESIAN_POINT('',(0.0273119165080342,-0.0194965620274981,-0.0074));
#4229=CARTESIAN_POINT('',(0.0236197056195927,-0.0247288491039289,-0.00739999999999999));
#4230=CARTESIAN_POINT('',(0.0277354774098871,-0.0198147773656449,-0.001));
#4231=CARTESIAN_POINT('',(0.0277354774098871,-0.019814777364989,-0.0074));
#4232=CARTESIAN_POINT('',(0.0237655081630227,-0.0248379947181125,-0.00740000000000001));
#4233=CARTESIAN_POINT('',(0.0282229722056695,-0.0202200410301635,-0.000999999999999997));
#4234=CARTESIAN_POINT('',(0.0282229722056695,-0.0202200410305422,-0.0074));
#4235=CARTESIAN_POINT('',(0.0239509101006885,-0.0249918010768914,-0.00739999999999999));
#4236=CARTESIAN_POINT('',(0.028731407682414,-0.0207026575916875,-0.001));
#4237=CARTESIAN_POINT('',(0.028731407682414,-0.0207026575915588,-0.0074));
#4238=CARTESIAN_POINT('',(0.0241690703601641,-0.0251977910726139,-0.0074));
#4239=CARTESIAN_POINT('',(0.0292445217420625,-0.0212591343959977,-0.000999999999999999));
#4240=CARTESIAN_POINT('',(0.0292445217420625,-0.0212591343960322,-0.0074));
#4241=CARTESIAN_POINT('',(0.0244134383717563,-0.0254621345115551,-0.0074));
#4242=CARTESIAN_POINT('',(0.0296904283481771,-0.021801738410634,-0.000999999999999999));
#4243=CARTESIAN_POINT('',(0.0296904283481774,-0.0218017384106246,-0.0074));
#4244=CARTESIAN_POINT('',(0.0246432030667885,-0.0257411816087523,-0.0074));
#4245=CARTESIAN_POINT('',(0.0300855389677283,-0.0223344071569513,-0.000999999999999999));
#4246=CARTESIAN_POINT('',(0.030085538967727,-0.0223344071569541,-0.0074));
#4247=CARTESIAN_POINT('',(0.0248597258412325,-0.026032707058045,-0.0074));
#4248=CARTESIAN_POINT('',(0.0305531060908445,-0.0230266151460988,-0.001));
#4249=CARTESIAN_POINT('',(0.0305531060908513,-0.023026615146095,-0.00740000000000001));
#4250=CARTESIAN_POINT('',(0.0251287050733849,-0.0264304973901516,-0.0074));
#4251=CARTESIAN_POINT('',(0.0310517893083467,-0.0238694623561336,-0.001));
#4252=CARTESIAN_POINT('',(0.0310517893082926,-0.023869462356153,-0.00739999999999998));
#4253=CARTESIAN_POINT('',(0.0254337926590901,-0.0269446649009685,-0.00740000000000001));
#4254=CARTESIAN_POINT('',(0.0315537404637872,-0.0248609068401199,-0.000999999999999997));
#4255=CARTESIAN_POINT('',(0.0315537404639847,-0.0248609068400505,-0.0074000000000001));
#4256=CARTESIAN_POINT('',(0.0257579301279029,-0.0275838114118052,-0.0074));
#4257=CARTESIAN_POINT('',(0.0319807505971586,-0.025840856926223,-0.001));
#4258=CARTESIAN_POINT('',(0.0319807505964226,-0.025840856926481,-0.00739999999999959));
#4259=CARTESIAN_POINT('',(0.0260451779655856,-0.0282421144072306,-0.0074));
#4260=CARTESIAN_POINT('',(0.0322249546381436,-0.0264920718476153,-0.000999999999999999));
#4261=CARTESIAN_POINT('',(0.0322249546397292,-0.0264920718470594,-0.00740000000000088));
#4262=CARTESIAN_POINT('',(0.026214692275562,-0.0286936942904733,-0.0074));
#4263=CARTESIAN_POINT('',(0.0323374603078109,-0.0268150418792854,-0.000999999999999999));
#4264=CARTESIAN_POINT('',(0.0323374603078109,-0.0268150418792854,-0.00739999999999999));
#4265=CARTESIAN_POINT('',(0.0262936584984511,-0.0289203826329829,-0.0074));
#4266=CARTESIAN_POINT('',(0.0229594535959709,-0.0244376312117368,-0.0074));
#4267=CARTESIAN_POINT('',(0.0230599156138559,-0.0244376314243679,-0.0074));
#4268=CARTESIAN_POINT('',(0.0231545038040047,-0.0244741011374899,-0.0074));
#4269=CARTESIAN_POINT('',(0.0232445020124744,-0.0245136464087352,-0.0074));
#4270=CARTESIAN_POINT('',(0.0229594535959709,-0.0244376312117368,-0.0074));
#4271=CARTESIAN_POINT('',(0.0232445020124744,-0.0245136464087352,-0.0074));
#4272=CARTESIAN_POINT('',(0.0232445020124744,-0.0245136464087353,-0.0074));
#4273=CARTESIAN_POINT('',(0.0233926813214002,-0.024013599618587,-0.0074));
#4274=CARTESIAN_POINT('',(0.0239756103488093,-0.0231110618273816,-0.00726504092642178));
#4275=CARTESIAN_POINT('',(0.0249380170979449,-0.0227291381954996,-0.00695036718966611));
#4276=CARTESIAN_POINT('',(0.0254364585486771,-0.0227045565434811,-0.00679726003891801));
#4277=CARTESIAN_POINT('',(0.025436458548677,-0.022704556543481,-0.006797260038918));
#4278=CARTESIAN_POINT('',(0.025436458548677,-0.022704556543481,-0.006797260038918));
#4279=CARTESIAN_POINT('',(0.025992749900221,-0.022677121906164,-0.00662638303080485));
#4280=CARTESIAN_POINT('',(0.0270819657116728,-0.0228279445725679,-0.00624459614589208));
#4281=CARTESIAN_POINT('',(0.0285494081780089,-0.0236552235836086,-0.00570206409972029));
#4282=CARTESIAN_POINT('',(0.0295939667233121,-0.0251087646159595,-0.00553966440466108));
#4283=CARTESIAN_POINT('',(0.0297788918727123,-0.0262523877902654,-0.00582728594045953));
#4284=CARTESIAN_POINT('',(0.0297519086835976,-0.0268058579910223,-0.00601101689862944));
#4285=CARTESIAN_POINT('',(0.0297519086835976,-0.0268058579910223,-0.00601101689862944));
#4286=CARTESIAN_POINT('',(0.0297519086835976,-0.0268058579910223,-0.00601101689862945));
#4287=CARTESIAN_POINT('',(0.0297397864444147,-0.0270545053293947,-0.00609355831398128));
#4288=CARTESIAN_POINT('',(0.0296827079645851,-0.0272842600097981,-0.0061951433311485));
#4289=CARTESIAN_POINT('',(0.0295898417651544,-0.0275021681415648,-0.00630436523570006));
#4290=CARTESIAN_POINT('',(0.029589841765155,-0.027502168141565,-0.00630436523569979));
#4291=CARTESIAN_POINT('',(0.0295898417651548,-0.0275021681415646,-0.00630436523569979));
#4292=CARTESIAN_POINT('',(0.0299000319453931,-0.0273852532900308,-0.00608058681341072));
#4293=CARTESIAN_POINT('',(0.030206083266274,-0.0273132185874888,-0.00582398840021171));
#4294=CARTESIAN_POINT('',(0.0304930757714321,-0.0272761156275468,-0.00554354976500888));
#4295=CARTESIAN_POINT('',(0.0304930757714321,-0.0272761156275467,-0.00554354976500887));
#4296=CARTESIAN_POINT('',(0.0304930757714321,-0.0272761156275467,-0.00554354976500887));
#4297=CARTESIAN_POINT('',(0.0306334151226742,-0.0272579722780381,-0.0054064152565453));
#4298=CARTESIAN_POINT('',(0.0307672511269806,-0.0272407438403909,-0.00526309874349968));
#4299=CARTESIAN_POINT('',(0.0308945418721425,-0.0272244115631762,-0.00511356334841409));
#4300=CARTESIAN_POINT('',(0.0308945418721425,-0.0272244115631761,-0.00511356334841407));
#4301=CARTESIAN_POINT('',(0.0308945418721425,-0.0272244115631761,-0.00511356334841407));
#4302=CARTESIAN_POINT('',(0.0314004359828853,-0.0271595018727865,-0.00451926188820041));
#4303=CARTESIAN_POINT('',(0.0320155844436492,-0.0265971617064599,-0.00314775905201361));
#4304=CARTESIAN_POINT('',(0.0320247292146361,-0.0259702376553706,-0.00172573610418899));
#4305=CARTESIAN_POINT('',(0.031921835746484,-0.0257210934019812,-0.000999999999272407));
#4306=CARTESIAN_POINT('',(0.0319218384095838,-0.0257211039539857,-0.00100000964687297));
#4307=CARTESIAN_POINT('',(0.0319218398573912,-0.02572110335606,-0.000999999999999999));
#4308=CARTESIAN_POINT('',(0.0315674986496385,-0.0248631070996423,-0.000999999999999999));
#4309=CARTESIAN_POINT('',(0.0307491807635155,-0.0232125546060322,-0.000999999999999998));
#4310=CARTESIAN_POINT('',(0.0291008826721252,-0.0209523465563041,-0.001));
#4311=CARTESIAN_POINT('',(0.0269921311178692,-0.0191164779959515,-0.001));
#4312=CARTESIAN_POINT('',(0.0252622732031479,-0.0183711648252387,-0.000999999999999999));
#4313=CARTESIAN_POINT('',(0.024351682179494,-0.0181817796731022,-0.000999999999999999));
#4314=CARTESIAN_POINT('',(0.0243516821794942,-0.0181817796731022,-0.001));
#4315=CARTESIAN_POINT('',(0.0243516821794947,-0.0181817796731024,-0.000999999999999927));
#4316=CARTESIAN_POINT('',(0.0244232545466068,-0.0181966653278938,-0.00154076554381331));
#4317=CARTESIAN_POINT('',(0.0244817951468072,-0.0182793928010715,-0.00207556251884826));
#4318=CARTESIAN_POINT('',(0.0245263230020349,-0.0184289264112185,-0.00259846503383703));
#4319=CARTESIAN_POINT('',(0.0245263230020349,-0.0184289264112185,-0.00259846503383703));
#4320=CARTESIAN_POINT('',(0.0245263230020349,-0.0184289264112185,-0.00259846503383703));
#4321=CARTESIAN_POINT('',(0.0246192607145239,-0.0187410301852767,-0.00368985745211715));
#4322=CARTESIAN_POINT('',(0.0246577540544257,-0.0199228010531095,-0.0056929781966368));
#4323=CARTESIAN_POINT('',(0.0237406106348631,-0.0217969002874275,-0.0068893397845747));
#4324=CARTESIAN_POINT('',(0.022959453113187,-0.0225969401097469,-0.00712958859054488));
#4325=CARTESIAN_POINT('',(0.0229594530571794,-0.0225969400782559,-0.00712958858108828));
#4326=CARTESIAN_POINT('',(0.0229594528961628,-0.024437631205684,-0.001));
#4327=CARTESIAN_POINT('',(0.0269512453284172,-0.0508148758720302,-0.000999999999999999));
#4328=CARTESIAN_POINT('',(0.0269512453284172,-0.0508148758720302,-0.0074));
#4329=CARTESIAN_POINT('',(0.023514044654948,-0.0454162045975125,-0.0074));
#4330=CARTESIAN_POINT('',(0.0268057849946807,-0.0509074868741934,-0.00100000000000013));
#4331=CARTESIAN_POINT('',(0.0268057850332182,-0.0509074869347218,-0.00740000000000033));
#4332=CARTESIAN_POINT('',(0.0234721138479375,-0.0454429009170441,-0.0074));
#4333=CARTESIAN_POINT('',(0.0264906270490836,-0.0510969271254008,-0.000999999999999935));
#4334=CARTESIAN_POINT('',(0.0264906270307387,-0.0510969271804125,-0.00739999999999983));
#4335=CARTESIAN_POINT('',(0.0233867476993568,-0.0454939029557764,-0.00739999999999999));
#4336=CARTESIAN_POINT('',(0.025986931337882,-0.0513538015041367,-0.00100000000000001));
#4337=CARTESIAN_POINT('',(0.0259869313401587,-0.051353801277194,-0.00740000000000004));
#4338=CARTESIAN_POINT('',(0.0232746321217636,-0.0455504532766735,-0.00740000000000002));
#4339=CARTESIAN_POINT('',(0.0254649860188536,-0.0515726774471007,-0.000999999999999997));
#4340=CARTESIAN_POINT('',(0.0254649860184246,-0.0515726778445952,-0.00739999999999999));
#4341=CARTESIAN_POINT('',(0.0231815951402193,-0.0455889971505029,-0.00739999999999999));
#4342=CARTESIAN_POINT('',(0.0249543513819625,-0.0517478285226639,-0.000999999999999996));
#4343=CARTESIAN_POINT('',(0.0249543513820782,-0.0517478270035194,-0.00739999999999997));
#4344=CARTESIAN_POINT('',(0.023110518391923,-0.0456133453726103,-0.00740000000000001));
#4345=CARTESIAN_POINT('',(0.0242907016237927,-0.0519271828579614,-0.00100000000000004));
#4346=CARTESIAN_POINT('',(0.0242907016237589,-0.0519271885370449,-0.00740000000000014));
#4347=CARTESIAN_POINT('',(0.0230373731816001,-0.0456318548601097,-0.0074));
#4348=CARTESIAN_POINT('',(0.0234581017089292,-0.0520376313092794,-0.000999999999999924));
#4349=CARTESIAN_POINT('',(0.0234581017089309,-0.0520376190708475,-0.00739999999999972));
#4350=CARTESIAN_POINT('',(0.0229867888074202,-0.0456376310332568,-0.0074));
#4351=CARTESIAN_POINT('',(0.0229613951465575,-0.0520376312662056,-0.000999999999999995));
#4352=CARTESIAN_POINT('',(0.0229613951465575,-0.0520376312662056,-0.0074));
#4353=CARTESIAN_POINT('',(0.0229613957015585,-0.0456376312662056,-0.0074));
#4354=CARTESIAN_POINT('',(0.025515582211748,-0.0491686495041295,-0.0057866619946025));
#4355=CARTESIAN_POINT('',(0.0250767530464991,-0.0486768736486947,-0.00635866431061226));
#4356=CARTESIAN_POINT('',(0.0247073171326063,-0.0479832082257272,-0.00680670035879932));
#4357=CARTESIAN_POINT('',(0.0245870837180483,-0.047159583671288,-0.00706380712913548));
#4358=CARTESIAN_POINT('',(0.025515582211748,-0.0491686495041295,-0.0057866619946025));
#4359=CARTESIAN_POINT('',(0.0245870837180483,-0.047159583671288,-0.00706380712913549));
#4360=CARTESIAN_POINT('',(0.0245870837180484,-0.0471595836712878,-0.00706380712913546));
#4361=CARTESIAN_POINT('',(0.0239463876883057,-0.0468627582154121,-0.00726361624835474));
#4362=CARTESIAN_POINT('',(0.0234532694875568,-0.0462657948945813,-0.0074));
#4363=CARTESIAN_POINT('',(0.0232447012863692,-0.0455623495531518,-0.0074));
#4364=CARTESIAN_POINT('',(0.0232447012863692,-0.0455623495531518,-0.0074));
#4365=CARTESIAN_POINT('',(0.0232447012863694,-0.0455623495531517,-0.0074));
#4366=CARTESIAN_POINT('',(0.0231545766527233,-0.0456018281796662,-0.0074));
#4367=CARTESIAN_POINT('',(0.023060620203092,-0.0456376312729058,-0.0074));
#4368=CARTESIAN_POINT('',(0.0229613957053703,-0.0456376312662056,-0.0074));
#4369=CARTESIAN_POINT('',(0.0229613957005673,-0.0456376312359448,-0.0074));
#4370=CARTESIAN_POINT('',(0.0229613957015585,-0.0456376312662056,-0.001));
#4371=CARTESIAN_POINT('',(0.0229613957015585,-0.0518955504359763,-0.00234106199926667));
#4372=CARTESIAN_POINT('',(0.0229613951588786,-0.0518955504551788,-0.0023410620508687));
#4373=CARTESIAN_POINT('',(0.0232944417544812,-0.0519023369874268,-0.00230939357545617));
#4374=CARTESIAN_POINT('',(0.0239236375433987,-0.0519182909491638,-0.00199147124873008));
#4375=CARTESIAN_POINT('',(0.0241828879087578,-0.0519267814693932,-0.00133461968566048));
#4376=CARTESIAN_POINT('',(0.0241836007641903,-0.0519266515579223,-0.000999999999984209));
#4377=CARTESIAN_POINT('',(0.0241836013042104,-0.0519266517386459,-0.000998562020262886));
#4378=CARTESIAN_POINT('',(0.0241836012549753,-0.0519266514684811,-0.000999999999999999));
#4379=CARTESIAN_POINT('',(0.0250750632483041,-0.0517641904982701,-0.000999999999999999));
#4380=CARTESIAN_POINT('',(0.0259416212079404,-0.0514203878657348,-0.000999999999999999));
#4381=CARTESIAN_POINT('',(0.0267236476333107,-0.0509550262170672,-0.000999999999999999));
#4382=CARTESIAN_POINT('',(0.0267236476333256,-0.0509550262170923,-0.00100000000004514));
#4383=CARTESIAN_POINT('',(0.0267690147149797,-0.0505674785895219,-0.00295695571575531));
#4384=CARTESIAN_POINT('',(0.0268385669739651,-0.0506448307578215,-0.00263760266857701));
#4385=CARTESIAN_POINT('',(0.0268518361610481,-0.0508182780716938,-0.00198786430379219));
#4386=CARTESIAN_POINT('',(0.0267887086066026,-0.0509163357298213,-0.00132536170141886));
#4387=CARTESIAN_POINT('',(0.0267215145169081,-0.0509562951634691,-0.000999999996653345));
#4388=CARTESIAN_POINT('',(0.0267690147149797,-0.0505674785895219,-0.00295695571575531));
#4389=CARTESIAN_POINT('',(0.0267690147149797,-0.0505674785895219,-0.00295695571575531));
#4390=CARTESIAN_POINT('',(0.0265299487272395,-0.0503016026454742,-0.00405464043189851));
#4391=CARTESIAN_POINT('',(0.0260960453541929,-0.0498191481059315,-0.00503004350127928));
#4392=CARTESIAN_POINT('',(0.0255155822117479,-0.0491686495041295,-0.00578666199460249));
#4393=CARTESIAN_POINT('',(0.0196745855790354,-0.0350376312359564,-0.0074));
#4394=CARTESIAN_POINT('',(0.0196745855790354,-0.0456376312359448,-0.0074));
#4395=CARTESIAN_POINT('',(0.025174641878094,-0.0450376312359448,-0.0074));
#4396=CARTESIAN_POINT('',(0.025174641878094,-0.0430376312359447,-0.0074));
#4397=CARTESIAN_POINT('',(0.027174641878094,-0.0430376312359448,-0.0074));
#4398=CARTESIAN_POINT('',(0.027174641878094,-0.0270376312359448,-0.0074));
#4399=CARTESIAN_POINT('',(0.025174641878094,-0.0270376312359448,-0.0074));
#4400=CARTESIAN_POINT('',(0.025174641878094,-0.0250376312359448,-0.0074));
#4401=CARTESIAN_POINT('',(0.0196745855790354,-0.0244376312359448,-0.0074));
#4402=CARTESIAN_POINT('',(0.0201167973678113,-0.0244376312359448,-0.0074));
#4403=CARTESIAN_POINT('',(0.0196835456927086,-0.0195376312359448,-0.0074));
#4404=CARTESIAN_POINT('',(0.019250294017604,-0.0244376312359448,-0.0074));
#4405=CARTESIAN_POINT('',(0.0196745855790354,-0.0244376312359448,-0.0074));
#4406=CARTESIAN_POINT('',(0.0163888594578318,-0.0244376312359448,-0.0074));
#4407=CARTESIAN_POINT('',(0.0161046788912289,-0.0245132676903688,-0.0074));
#4408=CARTESIAN_POINT('',(0.0161950771861537,-0.0244736121908584,-0.0074));
#4409=CARTESIAN_POINT('',(0.0162893163772621,-0.0244376312359448,-0.0074));
#4410=CARTESIAN_POINT('',(0.0163888594578318,-0.0244376312359448,-0.0074));
#4411=CARTESIAN_POINT('',(0.0161046788912289,-0.0245132676903689,-0.0074));
#4412=CARTESIAN_POINT('',(0.014174641878094,-0.0250376312359448,-0.0074));
#4413=CARTESIAN_POINT('',(0.014174641878094,-0.0270376312359448,-0.0074));
#4414=CARTESIAN_POINT('',(0.012174641878094,-0.0270376312359448,-0.0074));
#4415=CARTESIAN_POINT('',(0.0130923168245719,-0.0288146716667191,-0.0074));
#4416=CARTESIAN_POINT('',(0.0120951946084571,-0.0359578160971163,-0.0074));
#4417=CARTESIAN_POINT('',(0.0120407075880049,-0.034743288319053,-0.0074));
#4418=CARTESIAN_POINT('',(0.0121444171290151,-0.0323353677461648,-0.0074));
#4419=CARTESIAN_POINT('',(0.0126837266855171,-0.0299601714718023,-0.0074));
#4420=CARTESIAN_POINT('',(0.0130923168245719,-0.0288146716667192,-0.0074));
#4421=CARTESIAN_POINT('',(0.0120951946084571,-0.0359578160971163,-0.0074));
#4422=CARTESIAN_POINT('',(0.00903468582758,-0.03980891892827,-0.0074));
#4423=CARTESIAN_POINT('',(0.027399722799506,-0.0465658802268399,-500.));
#4424=CARTESIAN_POINT('',(0.0287369030241392,-0.0450786179611819,-0.00452395568163523));
#4425=CARTESIAN_POINT('',(0.0286661898718164,-0.0450150405874457,-0.00468288650796411));
#4426=CARTESIAN_POINT('',(0.0285863924009367,-0.0449522793662336,-0.00483669939663521));
#4427=CARTESIAN_POINT('',(0.0284951518345372,-0.0448925496470648,-0.00498486698691877));
#4428=CARTESIAN_POINT('',(0.0287369030241391,-0.045078617961182,-0.00452395568174779));
#4429=CARTESIAN_POINT('',(0.0284951518345373,-0.0448925496470647,-0.00498486698691877));
#4430=CARTESIAN_POINT('',(0.0284951518345495,-0.0448925496470728,-500.));
#4431=CARTESIAN_POINT('',(0.0284951518345495,-0.0448925496470728,-0.00365000000010695));
#4432=CARTESIAN_POINT('',(0.0271144904319728,-0.0445863240906035,-0.00265));
#4433=CARTESIAN_POINT('',(0.0274182852427722,-0.0445425505842389,-0.00265));
#4434=CARTESIAN_POINT('',(0.0279912132116254,-0.0446118799784456,-0.00293813456847709));
#4435=CARTESIAN_POINT('',(0.0283354176563269,-0.0447879812737761,-0.00341617586740351));
#4436=CARTESIAN_POINT('',(0.0284951518345495,-0.0448925496470728,-0.00364999999994316));
#4437=CARTESIAN_POINT('',(0.0271144904319728,-0.0445863240906035,-0.00265000000001691));
#4438=CARTESIAN_POINT('',(0.027399722799506,-0.0465658802268399,-0.00265000000001691));
#4439=CARTESIAN_POINT('',(0.0257661109131265,-0.0454120551947491,-0.00265000000001691));
#4440=CARTESIAN_POINT('',(0.0257661109131265,-0.0454120551947491,-0.00265));
#4441=CARTESIAN_POINT('',(0.025589037855736,-0.0456627592818208,-0.00265));
#4442=CARTESIAN_POINT('',(0.0253903814474434,-0.0462045974992286,-0.0029381345684765));
#4443=CARTESIAN_POINT('',(0.025390791065638,-0.0465912345359685,-0.00341617586740466));
#4444=CARTESIAN_POINT('',(0.025411330361873,-0.0467810441503116,-0.00364999999994315));
#4445=CARTESIAN_POINT('',(0.025411330361873,-0.0467810441503116,-0.00365000000010695));
#4446=CARTESIAN_POINT('',(0.025411330361873,-0.0467810441503116,-500.));
#4447=CARTESIAN_POINT('',(0.025411330361873,-0.0467810441503119,-0.00611633726520795));
#4448=CARTESIAN_POINT('',(0.025411330361873,-0.0467810441503119,-0.00611633726520803));
#4449=CARTESIAN_POINT('',(0.0254664489805932,-0.0472904113475043,-0.00588300380953));
#4450=CARTESIAN_POINT('',(0.0256926712973108,-0.0476631425864364,-0.0054846749001869));
#4451=CARTESIAN_POINT('',(0.0259246578226072,-0.0479165035325497,-0.00503874605794585));
#4452=CARTESIAN_POINT('',(0.0259246578226071,-0.0479165035325498,-0.00503874605806232));
#4453=CARTESIAN_POINT('',(0.0259246578226071,-0.0479165035325498,-500.));
#4454=CARTESIAN_POINT('',(0.0259246578226071,-0.0479165035325498,0.001));
#4455=CARTESIAN_POINT('',(0.027399722799506,-0.0465658802268399,0.001));
#4456=CARTESIAN_POINT('',(0.0287369030241391,-0.045078617961182,0.001));
#4457=CARTESIAN_POINT('',(0.0287369030241391,-0.045078617961182,-500.));
#4458=CARTESIAN_POINT('',(0.0296531023575363,-0.0443440840056573,-0.00572280531782965));
#4459=CARTESIAN_POINT('',(0.0291118067780834,-0.0452962366040358,-0.0057985677571789));
#4460=CARTESIAN_POINT('',(0.0284951518345372,-0.0448925496470648,-0.00498486698691876));
#4461=CARTESIAN_POINT('',(0.0298132428944836,-0.0444451826854034,-0.00555089376339021));
#4462=CARTESIAN_POINT('',(0.0292308848108973,-0.0454222409058868,-0.00565565836978707));
#4463=CARTESIAN_POINT('',(0.0285844728412206,-0.0449510227457709,-0.00483981661238647));
#4464=CARTESIAN_POINT('',(0.0299578589139753,-0.0445523469004818,-0.00536890366718157));
#4465=CARTESIAN_POINT('',(0.0293343762863892,-0.0455569851626269,-0.0055068604683665));
#4466=CARTESIAN_POINT('',(0.0286646878032365,-0.0450136900950347,-0.00468626246883644));
#4467=CARTESIAN_POINT('',(0.0300886953546552,-0.0446626579270376,-0.00517654006708592));
#4468=CARTESIAN_POINT('',(0.0294240627127623,-0.0456964352540875,-0.00535328279224264));
#4469=CARTESIAN_POINT('',(0.0287369030241531,-0.0450786179611945,-0.00452395568160374));
#4470=CARTESIAN_POINT('',(0.0290428663520714,-0.0440558843571893,-0.00498486698689874));
#4471=CARTESIAN_POINT('',(0.0294054931364557,-0.044334986828353,-0.00452395568163524));
#4472=CARTESIAN_POINT('',(0.0163888594578031,-0.0536376312359448,-0.000999999999999999));
#4473=CARTESIAN_POINT('',(0.0163888594578031,-0.0536376312359448,-0.009));
#4474=CARTESIAN_POINT('',(0.0163888594578306,-0.0456376312359448,-0.009));
#4475=CARTESIAN_POINT('',(0.0159975527842768,-0.0536376312359435,-0.000999999999999999));
#4476=CARTESIAN_POINT('',(0.0159975527842769,-0.0536376212440494,-0.00900000000000003));
#4477=CARTESIAN_POINT('',(0.0163726791968361,-0.0456376310724587,-0.009));
#4478=CARTESIAN_POINT('',(0.0152884284508756,-0.0535810392295201,-0.000999999999999999));
#4479=CARTESIAN_POINT('',(0.0152884284508756,-0.0535810438661583,-0.009));
#4480=CARTESIAN_POINT('',(0.0163407520543091,-0.0456353471358503,-0.009));
#4481=CARTESIAN_POINT('',(0.0145559799699949,-0.0534425324131437,-0.000999999999999999));
#4482=CARTESIAN_POINT('',(0.0145559799699949,-0.053442531172751,-0.009));
#4483=CARTESIAN_POINT('',(0.0162938071293074,-0.0456268742551043,-0.009));
#4484=CARTESIAN_POINT('',(0.0140297639573502,-0.0533057732209986,-0.001));
#4485=CARTESIAN_POINT('',(0.0140297639573502,-0.0533057735459311,-0.009));
#4486=CARTESIAN_POINT('',(0.0162475314298629,-0.0456150255902954,-0.009));
#4487=CARTESIAN_POINT('',(0.0134503408946117,-0.0531203996686064,-0.000999999999999996));
#4488=CARTESIAN_POINT('',(0.0134503408946117,-0.0531203994811792,-0.00899999999999998));
#4489=CARTESIAN_POINT('',(0.0161863625101603,-0.0455956096611667,-0.00899999999999999));
#4490=CARTESIAN_POINT('',(0.0129227568089279,-0.0529087070350405,-0.001));
#4491=CARTESIAN_POINT('',(0.0129227568089279,-0.0529087070972228,-0.00900000000000002));
#4492=CARTESIAN_POINT('',(0.0161124290498473,-0.0455664836845683,-0.00900000000000001));
#4493=CARTESIAN_POINT('',(0.0122506077248393,-0.0525907195338557,-0.000999999999999998));
#4494=CARTESIAN_POINT('',(0.0122506077248393,-0.0525907194979549,-0.00899999999999999));
#4495=CARTESIAN_POINT('',(0.0159980011560703,-0.0455126248350331,-0.009));
#4496=CARTESIAN_POINT('',(0.0116217451334409,-0.0522273103053929,-0.000999999999999998));
#4497=CARTESIAN_POINT('',(0.0116217451334409,-0.0522273103175885,-0.00899999999999999));
#4498=CARTESIAN_POINT('',(0.0158608286081707,-0.045434553061013,-0.009));
#4499=CARTESIAN_POINT('',(0.0110185843427002,-0.0518194338193638,-0.001));
#4500=CARTESIAN_POINT('',(0.0110185843427002,-0.0518194338161012,-0.009));
#4501=CARTESIAN_POINT('',(0.0157023950412297,-0.0453278755100675,-0.00900000000000001));
#4502=CARTESIAN_POINT('',(0.0105216050150994,-0.051437545655025,-0.000999999999999998));
#4503=CARTESIAN_POINT('',(0.0105216050150994,-0.0514375456558797,-0.009));
#4504=CARTESIAN_POINT('',(0.0155518088710685,-0.0452126126233231,-0.009));
#4505=CARTESIAN_POINT('',(0.00995266261956931,-0.050953827740355,-0.001));
#4506=CARTESIAN_POINT('',(0.00995266261956931,-0.0509538277398615,-0.009));
#4507=CARTESIAN_POINT('',(0.0153602215774211,-0.0450500852614557,-0.009));
#4508=CARTESIAN_POINT('',(0.00936564660282714,-0.050383263630453,-0.000999999999999998));
#4509=CARTESIAN_POINT('',(0.00936564660282714,-0.0503832636306206,-0.00899999999999999));
#4510=CARTESIAN_POINT('',(0.0151350895290198,-0.0448325257592438,-0.009));
#4511=CARTESIAN_POINT('',(0.00877937197391895,-0.0497315774045816,-0.001));
#4512=CARTESIAN_POINT('',(0.00877937197391894,-0.0497315774045367,-0.00900000000000001));
#4513=CARTESIAN_POINT('',(0.0148833369604869,-0.0445534782325028,-0.00900000000000001));
#4514=CARTESIAN_POINT('',(0.0082739807311927,-0.0491001761354518,-0.001));
#4515=CARTESIAN_POINT('',(0.0082739807311927,-0.0491001761354638,-0.009));
#4516=CARTESIAN_POINT('',(0.0146467009650749,-0.044258472702217,-0.00900000000000001));
#4517=CARTESIAN_POINT('',(0.00783161357399861,-0.0484868742495482,-0.001));
#4518=CARTESIAN_POINT('',(0.00783161357399861,-0.048486874249545,-0.009));
#4519=CARTESIAN_POINT('',(0.0144252464210242,-0.0439518956606098,-0.009));
#4520=CARTESIAN_POINT('',(0.00731188127724101,-0.0476944524847059,-0.001));
#4521=CARTESIAN_POINT('',(0.00731188127724101,-0.0476944524847077,-0.009));
#4522=CARTESIAN_POINT('',(0.0141504960329563,-0.0435334886614234,-0.009));
#4523=CARTESIAN_POINT('',(0.00676247458480414,-0.0467350533417205,-0.001));
#4524=CARTESIAN_POINT('',(0.00676247458480414,-0.0467350533417199,-0.009));
#4525=CARTESIAN_POINT('',(0.0138398016460845,-0.042992687252102,-0.009));
#4526=CARTESIAN_POINT('',(0.00621582216252347,-0.0456143957549147,-0.000999999999999997));
#4527=CARTESIAN_POINT('',(0.00621582216252348,-0.0456143957549148,-0.009));
#4528=CARTESIAN_POINT('',(0.0135112975299031,-0.0423205813320565,-0.009));
#4529=CARTESIAN_POINT('',(0.00575508195699066,-0.044510355273164,-0.000999999999999999));
#4530=CARTESIAN_POINT('',(0.00575508195699066,-0.0445103552731639,-0.009));
#4531=CARTESIAN_POINT('',(0.0132215385948104,-0.0416273614745829,-0.009));
#4532=CARTESIAN_POINT('',(0.00536602692512426,-0.0434188291447836,-0.000999999999999994));
#4533=CARTESIAN_POINT('',(0.00536602692512426,-0.0434188291447836,-0.00899999999999999));
#4534=CARTESIAN_POINT('',(0.012968031478951,-0.0409169993741117,-0.00899999999999999));
#4535=CARTESIAN_POINT('',(0.00504201220952181,-0.042349175500057,-0.001));
#4536=CARTESIAN_POINT('',(0.00504201220952181,-0.042349175500057,-0.009));
#4537=CARTESIAN_POINT('',(0.0127511846385404,-0.0402018322987782,-0.009));
#4538=CARTESIAN_POINT('',(0.00468277428923079,-0.0409398636277047,-0.000999999999999998));
#4539=CARTESIAN_POINT('',(0.00468277428923079,-0.0409398636277047,-0.009));
#4540=CARTESIAN_POINT('',(0.0125055911735727,-0.0392392404618442,-0.009));
#4541=CARTESIAN_POINT('',(0.00435477998416901,-0.0392004605952438,-0.001));
#4542=CARTESIAN_POINT('',(0.00435477998416901,-0.0392004605952438,-0.009));
#4543=CARTESIAN_POINT('',(0.0122752975755797,-0.0380215005825133,-0.009));
#4544=CARTESIAN_POINT('',(0.00412515142454737,-0.0371234438063037,-0.000999999999999999));
#4545=CARTESIAN_POINT('',(0.00412515142454737,-0.0371234438063037,-0.009));
#4546=CARTESIAN_POINT('',(0.0121110754760315,-0.0365394233683659,-0.009));
#4547=CARTESIAN_POINT('',(0.00404939219677618,-0.0350325911482872,-0.001));
#4548=CARTESIAN_POINT('',(0.00404939219677617,-0.0350325911482872,-0.009));
#4549=CARTESIAN_POINT('',(0.0120564056043997,-0.0350340014736362,-0.009));
#4550=CARTESIAN_POINT('',(0.00412479374580076,-0.032963863907483,-0.000999999999999996));
#4551=CARTESIAN_POINT('',(0.00412479374580077,-0.032963863907483,-0.00899999999999999));
#4552=CARTESIAN_POINT('',(0.0121108160099665,-0.0335445168485024,-0.00899999999999999));
#4553=CARTESIAN_POINT('',(0.0043521256019684,-0.0308924843050099,-0.001));
#4554=CARTESIAN_POINT('',(0.00435212560196839,-0.0308924843050099,-0.009));
#4555=CARTESIAN_POINT('',(0.0122734074127484,-0.0320662935180292,-0.009));
#4556=CARTESIAN_POINT('',(0.0046794884109096,-0.0291496384018964,-0.000999999999999999));
#4557=CARTESIAN_POINT('',(0.0046794884109096,-0.0291496384018963,-0.009));
#4558=CARTESIAN_POINT('',(0.0125033186287031,-0.0308458437986416,-0.009));
#4559=CARTESIAN_POINT('',(0.00504087735652602,-0.0277294965389827,-0.000999999999999999));
#4560=CARTESIAN_POINT('',(0.00504087735652602,-0.0277294965389827,-0.009));
#4561=CARTESIAN_POINT('',(0.0127504328415504,-0.0298756799429044,-0.009));
#4562=CARTESIAN_POINT('',(0.00536787650607062,-0.0266507522597181,-0.000999999999999999));
#4563=CARTESIAN_POINT('',(0.00536787650607062,-0.0266507522597181,-0.009));
#4564=CARTESIAN_POINT('',(0.0129692561378617,-0.0291545057846936,-0.009));
#4565=CARTESIAN_POINT('',(0.00575551430551432,-0.0255639300317173,-0.000999999999999999));
#4566=CARTESIAN_POINT('',(0.00575551430551433,-0.0255639300317173,-0.009));
#4567=CARTESIAN_POINT('',(0.0132218082537989,-0.0284472961590513,-0.009));
#4568=CARTESIAN_POINT('',(0.00621770982352561,-0.0244563366053756,-0.001));
#4569=CARTESIAN_POINT('',(0.00621770982352561,-0.0244563366053754,-0.009));
#4570=CARTESIAN_POINT('',(0.0135124878848229,-0.0277518340113756,-0.009));
#4571=CARTESIAN_POINT('',(0.00676757996197085,-0.0233304135243161,-0.000999999999999997));
#4572=CARTESIAN_POINT('',(0.00676757996197085,-0.0233304135243167,-0.00899999999999999));
#4573=CARTESIAN_POINT('',(0.0138428022408829,-0.0270768382578255,-0.009));
#4574=CARTESIAN_POINT('',(0.00731743659976241,-0.0223717531488811,-0.000999999999999998));
#4575=CARTESIAN_POINT('',(0.00731743659976241,-0.0223717531488794,-0.009));
#4576=CARTESIAN_POINT('',(0.0141535446939584,-0.0265368209967853,-0.009));
#4577=CARTESIAN_POINT('',(0.00783618191447858,-0.0215818673137711,-0.001));
#4578=CARTESIAN_POINT('',(0.00783618191447858,-0.0215818673137741,-0.009));
#4579=CARTESIAN_POINT('',(0.0144275734440569,-0.0261200520924782,-0.009));
#4580=CARTESIAN_POINT('',(0.00827500910150788,-0.0209738954849369,-0.000999999999999999));
#4581=CARTESIAN_POINT('',(0.00827500910150788,-0.0209738954849254,-0.009));
#4582=CARTESIAN_POINT('',(0.0146471609098563,-0.0258162629524776,-0.009));
#4583=CARTESIAN_POINT('',(0.00877921633475101,-0.0203437743331152,-0.000999999999999999));
#4584=CARTESIAN_POINT('',(0.00877921633475101,-0.0203437743331582,-0.009));
#4585=CARTESIAN_POINT('',(0.014883292531696,-0.0255217934680074,-0.009));
#4586=CARTESIAN_POINT('',(0.00936990782548618,-0.0196873478466866,-0.000999999999999999));
#4587=CARTESIAN_POINT('',(0.00936990782548618,-0.0196873478465261,-0.009));
#4588=CARTESIAN_POINT('',(0.0151368946349887,-0.0252407735419167,-0.009));
#4589=CARTESIAN_POINT('',(0.0099614968568435,-0.0191131280128628,-0.000999999999999999));
#4590=CARTESIAN_POINT('',(0.00996149685684351,-0.0191131280133351,-0.00899999999999999));
#4591=CARTESIAN_POINT('',(0.0153635058675506,-0.025022115077082,-0.009));
#4592=CARTESIAN_POINT('',(0.0105357142151241,-0.0186262791017433,-0.001));
#4593=CARTESIAN_POINT('',(0.0105357142151241,-0.0186262791009252,-0.009));
#4594=CARTESIAN_POINT('',(0.0155563363825339,-0.0248589939274745,-0.009));
#4595=CARTESIAN_POINT('',(0.0110317198155658,-0.0182465201817607,-0.000999999999999997));
#4596=CARTESIAN_POINT('',(0.0110317198155658,-0.0182465201848833,-0.00899999999999999));
#4597=CARTESIAN_POINT('',(0.0157060351971479,-0.0247448277924706,-0.009));
#4598=CARTESIAN_POINT('',(0.0116279224336975,-0.0178443807896073,-0.00100000000000001));
#4599=CARTESIAN_POINT('',(0.0116279224336975,-0.0178443807779351,-0.00900000000000001));
#4600=CARTESIAN_POINT('',(0.0158621803696266,-0.0246399395709195,-0.00900000000000001));
#4601=CARTESIAN_POINT('',(0.0122536478963796,-0.017482831606587,-0.000999999999999989));
#4602=CARTESIAN_POINT('',(0.0122536478963796,-0.0174828316409469,-0.00899999999999998));
#4603=CARTESIAN_POINT('',(0.0159986372550702,-0.0245622842099117,-0.00899999999999998));
#4604=CARTESIAN_POINT('',(0.0129308413078419,-0.0171629163328267,-0.00100000000000001));
#4605=CARTESIAN_POINT('',(0.0129308413078419,-0.0171629162733133,-0.00900000000000001));
#4606=CARTESIAN_POINT('',(0.016113730117073,-0.0245082038122125,-0.00900000000000001));
#4607=CARTESIAN_POINT('',(0.0134597580731163,-0.0169515831430581,-0.000999999999999993));
#4608=CARTESIAN_POINT('',(0.0134597580731163,-0.0169515833224408,-0.00899999999999999));
#4609=CARTESIAN_POINT('',(0.0161874622742099,-0.0244792773129048,-0.00899999999999999));
#4610=CARTESIAN_POINT('',(0.0140324398064044,-0.0167688501283514,-0.00100000000000001));
#4611=CARTESIAN_POINT('',(0.0140324398064044,-0.0167688498173653,-0.00900000000000001));
#4612=CARTESIAN_POINT('',(0.0162477422608886,-0.0244601890837201,-0.00900000000000001));
#4613=CARTESIAN_POINT('',(0.0145547444637549,-0.0166329834131961,-0.00099999999999999));
#4614=CARTESIAN_POINT('',(0.0145547444637549,-0.0166329846003501,-0.00899999999999998));
#4615=CARTESIAN_POINT('',(0.0162937273725191,-0.0244484032895173,-0.009));
#4616=CARTESIAN_POINT('',(0.0152923420669519,-0.0164934899244592,-0.00100000000000003));
#4617=CARTESIAN_POINT('',(0.0152923420669519,-0.0164934854868293,-0.00900000000000005));
#4618=CARTESIAN_POINT('',(0.0163409833359348,-0.0244398760192607,-0.009));
#4619=CARTESIAN_POINT('',(0.0160015374939248,-0.0164376312359448,-0.000999999999999944));
#4620=CARTESIAN_POINT('',(0.0160015374939249,-0.0164376407989786,-0.00899999999999988));
#4621=CARTESIAN_POINT('',(0.0163728439989506,-0.02443763138391,-0.009));
#4622=CARTESIAN_POINT('',(0.0163888594578318,-0.0164376312359448,-0.000999999999999999));
#4623=CARTESIAN_POINT('',(0.0163888594578318,-0.0164376312359448,-0.009));
#4624=CARTESIAN_POINT('',(0.0163888594578318,-0.0244376312359448,-0.009));
#4625=CARTESIAN_POINT('',(0.0163888594578318,-0.0244376312359448,-0.001));
#4626=CARTESIAN_POINT('',(0.0163888594578318,-0.0244376312359448,-0.009));
#4627=CARTESIAN_POINT('',(0.0163888594578318,-0.0169480337247277,-0.0038117484097926));
#4628=CARTESIAN_POINT('',(0.0163888594578031,-0.0456376312359448,-0.009));
#4629=CARTESIAN_POINT('',(0.0162594171224083,-0.0456376312359443,-0.009));
#4630=CARTESIAN_POINT('',(0.0160211295470442,-0.0455323300395921,-0.00899999999999999));
#4631=CARTESIAN_POINT('',(0.0155915096261909,-0.0452660713296014,-0.009));
#4632=CARTESIAN_POINT('',(0.0151263097391254,-0.0448403771469054,-0.009));
#4633=CARTESIAN_POINT('',(0.0146391545034551,-0.0442644596775034,-0.009));
#4634=CARTESIAN_POINT('',(0.014070227817214,-0.0434332452340892,-0.009));
#4635=CARTESIAN_POINT('',(0.0134926751754214,-0.0423320580133421,-0.00900000000000001));
#4636=CARTESIAN_POINT('',(0.0129500913131951,-0.0409206593231843,-0.009));
#4637=CARTESIAN_POINT('',(0.0125518087209159,-0.0394824959636167,-0.00900000000000001));
#4638=CARTESIAN_POINT('',(0.0121831175400836,-0.0375363510993883,-0.009));
#4639=CARTESIAN_POINT('',(0.0120026877134374,-0.0350308956275095,-0.009));
#4640=CARTESIAN_POINT('',(0.0121817475726016,-0.0325542504441991,-0.009));
#4641=CARTESIAN_POINT('',(0.0125491900930604,-0.0306018924626063,-0.009));
#4642=CARTESIAN_POINT('',(0.0129518071365823,-0.0291491841688654,-0.00900000000000001));
#4643=CARTESIAN_POINT('',(0.0134928470074154,-0.0277423701026348,-0.009));
#4644=CARTESIAN_POINT('',(0.0140749468910164,-0.0266343999195713,-0.009));
#4645=CARTESIAN_POINT('',(0.0146390405360475,-0.0258113036624991,-0.009));
#4646=CARTESIAN_POINT('',(0.0151273771687144,-0.025233056865096,-0.009));
#4647=CARTESIAN_POINT('',(0.0155971878404566,-0.0248052927249409,-0.009));
#4648=CARTESIAN_POINT('',(0.0160209152238065,-0.0245429840562288,-0.009));
#4649=CARTESIAN_POINT('',(0.0162607356870802,-0.0244376312359448,-0.009));
#4650=CARTESIAN_POINT('',(0.0163888594578318,-0.0244376312359448,-0.009));
#4651=CARTESIAN_POINT('',(0.0163888594578031,-0.0456376312359448,-0.009));
#4652=CARTESIAN_POINT('',(0.0163888594578031,-0.0456376312359448,-0.001));
#4653=CARTESIAN_POINT('',(0.0163888594578031,-0.0533914340353245,-0.00296940146956653));
#4654=CARTESIAN_POINT('',(0.0163888594578031,-0.0533914340353245,-0.00296940146956654));
#4655=CARTESIAN_POINT('',(0.0158790892772016,-0.0533952780342312,-0.00295426712039521));
#4656=CARTESIAN_POINT('',(0.0148924502955115,-0.0534084371883444,-0.00251205859993605));
#4657=CARTESIAN_POINT('',(0.0144816007762137,-0.0534183876767197,-0.00150995745208571));
#4658=CARTESIAN_POINT('',(0.0144808121488719,-0.0534182050647719,-0.001));
#4659=CARTESIAN_POINT('',(0.0144808121488719,-0.0534182050647719,-0.001));
#4660=CARTESIAN_POINT('',(0.0136174588088128,-0.0169040545298415,-0.000999999999999999));
#4661=CARTESIAN_POINT('',(0.0127321311542808,-0.0172063965988124,-0.000999999999999999));
#4662=CARTESIAN_POINT('',(0.0110735564116468,-0.0180811919833391,-0.001));
#4663=CARTESIAN_POINT('',(0.00900205330956214,-0.0199611569281336,-0.000999999999999992));
#4664=CARTESIAN_POINT('',(0.00733951927337797,-0.022217386739514,-0.000999999999999996));
#4665=CARTESIAN_POINT('',(0.00564545254869362,-0.0254900163843523,-0.00100000000000001));
#4666=CARTESIAN_POINT('',(0.00434042027759242,-0.0299791800990309,-0.000999999999999992));
#4667=CARTESIAN_POINT('',(0.00397473658769835,-0.0345481161870009,-0.001));
#4668=CARTESIAN_POINT('',(0.00421149876531726,-0.0382626020144321,-0.000999999999999999));
#4669=CARTESIAN_POINT('',(0.00465960871901279,-0.0409734111386519,-0.000999999999999999));
#4670=CARTESIAN_POINT('',(0.00538571867198977,-0.0436222867335488,-0.000999999999999999));
#4671=CARTESIAN_POINT('',(0.0064418741124576,-0.0462172010748207,-0.001));
#4672=CARTESIAN_POINT('',(0.00783192087509571,-0.048614795236872,-0.000999999999999998));
#4673=CARTESIAN_POINT('',(0.0102237390515229,-0.0514921568799436,-0.001));
#4674=CARTESIAN_POINT('',(0.012651693005737,-0.0529946602652636,-0.001));
#4675=CARTESIAN_POINT('',(0.0144808121488719,-0.0534182050647719,-0.001));
#4676=CARTESIAN_POINT('',(0.0136174588088128,-0.0169040545298416,-0.001));
#4677=CARTESIAN_POINT('',(0.0136161422130945,-0.0169077542078918,-0.00122215669856042));
#4678=CARTESIAN_POINT('',(0.0136170129354464,-0.0169052916077058,-0.00114821140900027));
#4679=CARTESIAN_POINT('',(0.0136174640655451,-0.0169040527346516,-0.00107415189313188));
#4680=CARTESIAN_POINT('',(0.0136174588088128,-0.0169040545298416,-0.001));
#4681=CARTESIAN_POINT('',(0.0136161359159838,-0.0169077615663053,-0.0012221563799777));
#4682=CARTESIAN_POINT('',(0.0141256744791749,-0.0168123001160708,-0.002));
#4683=CARTESIAN_POINT('',(0.0140390432255067,-0.0168194723032792,-0.0018704977938107));
#4684=CARTESIAN_POINT('',(0.0139088101181801,-0.0168373579536564,-0.00167687907190828));
#4685=CARTESIAN_POINT('',(0.0137495142294067,-0.0168700573742173,-0.00141153725343052));
#4686=CARTESIAN_POINT('',(0.0136458294510151,-0.0168997255951304,-0.00129391372285691));
#4687=CARTESIAN_POINT('',(0.0136163874550146,-0.0169076827338322,-0.00122222191786655));
#4688=CARTESIAN_POINT('',(0.0141256744791749,-0.0168123001160708,-0.002));
#4689=CARTESIAN_POINT('',(0.0135928002160757,-0.0169789123848463,-0.002));
#4690=CARTESIAN_POINT('',(0.0137697274310427,-0.0169174448233842,-0.002));
#4691=CARTESIAN_POINT('',(0.0139473540728606,-0.0168619234466477,-0.002));
#4692=CARTESIAN_POINT('',(0.0141256744791749,-0.0168123001160707,-0.002));
#4693=CARTESIAN_POINT('',(0.0135928002160757,-0.0169789123848462,-0.002));
#4694=CARTESIAN_POINT('',(0.0141256744791749,-0.0168123001160708,-0.002));
#4695=CARTESIAN_POINT('',(0.0144024357049701,-0.0167893870998164,-0.0024137212358187));
#4696=CARTESIAN_POINT('',(0.015019430326058,-0.0168185171291743,-0.00321023372928043));
#4697=CARTESIAN_POINT('',(0.0159067629295385,-0.0169012726600826,-0.00368719190531719));
#4698=CARTESIAN_POINT('',(0.0163888594578318,-0.0169480337247277,-0.0038117484097926));
#4699=CARTESIAN_POINT('',(0.00559987001692485,-0.0380553904668395,-0.00545714285714288));
#4700=CARTESIAN_POINT('',(0.00538307397901716,-0.0383291374060797,-0.00509037364126729));
#4701=CARTESIAN_POINT('',(0.00513125235365576,-0.0391024600929796,-0.00444368801744317));
#4702=CARTESIAN_POINT('',(0.00525828305167571,-0.0406251767123114,-0.00409909415568337));
#4703=CARTESIAN_POINT('',(0.00575370505742841,-0.0420508725553697,-0.00444932622233544));
#4704=CARTESIAN_POINT('',(0.00629939402316523,-0.0426621043803691,-0.0050917703173258));
#4705=CARTESIAN_POINT('',(0.00660957436001482,-0.0428263934572995,-0.00545714285714296));
#4706=CARTESIAN_POINT('',(0.00559987001692485,-0.0380553904668395,-0.00545714285714288));
#4707=CARTESIAN_POINT('',(0.00660957436001482,-0.0428263934572995,-0.00545714285714296));
#4708=CARTESIAN_POINT('',(0.00660957436001482,-0.0428263934572995,-0.00545714285714296));
#4709=CARTESIAN_POINT('',(0.0070748477465326,-0.0430728285987649,-0.00600520506078858));
#4710=CARTESIAN_POINT('',(0.00815587900808112,-0.0433773038368304,-0.00707675111646597));
#4711=CARTESIAN_POINT('',(0.0101092378961506,-0.0430162511538606,-0.00836824167620088));
#4712=CARTESIAN_POINT('',(0.0115994682485624,-0.041769601590263,-0.00888602635987803));
#4713=CARTESIAN_POINT('',(0.012192262860778,-0.0403262265151859,-0.0089848139604027));
#4714=CARTESIAN_POINT('',(0.0121962201848207,-0.0391511782974142,-0.00899421908323797));
#4715=CARTESIAN_POINT('',(0.0117185830846518,-0.0380805765782394,-0.0089845922677658));
#4716=CARTESIAN_POINT('',(0.0105961722311411,-0.0370003155485514,-0.00888681208900076));
#4717=CARTESIAN_POINT('',(0.00872299320035034,-0.0364676738836062,-0.00837626972823211));
#4718=CARTESIAN_POINT('',(0.0067878925991586,-0.0369339898880011,-0.00708352877871476));
#4719=CARTESIAN_POINT('',(0.00592527407785937,-0.0376445048872097,-0.00600765195972392));
#4720=CARTESIAN_POINT('',(0.00559987001692485,-0.0380553904668395,-0.00545714285714289));
#4721=CARTESIAN_POINT('',(0.0241679539343608,-0.0519294845600992,-0.00100601276440977));
#4722=CARTESIAN_POINT('',(0.0241679539343608,-0.0519294845600992,-1.73472347597681E-18));
#4723=CARTESIAN_POINT('',(0.0250476299312751,-0.0517712506101466,-0.00100601276440978));
#4724=CARTESIAN_POINT('',(0.0250476299312751,-0.0517712506101466,-6.93889390390723E-18));
#4725=CARTESIAN_POINT('',(0.0259110848178418,-0.0514407381044573,-0.00100601276440977));
#4726=CARTESIAN_POINT('',(0.0259110848178418,-0.0514407381044573,-1.73472347597681E-18));
#4727=CARTESIAN_POINT('',(0.0267383659177432,-0.0509462482341533,-0.00100601276440977));
#4728=CARTESIAN_POINT('',(0.0267383659177432,-0.0509462482341533,-1.73472347597681E-18));
#4729=CARTESIAN_POINT('',(0.02418360382758,-0.0519266509996464,-0.0005));
#4730=CARTESIAN_POINT('',(0.02418360382758,-0.0519266581665304,0.));
#4731=CARTESIAN_POINT('',(0.0267215273673308,-0.0509562875214782,0.));
#4732=CARTESIAN_POINT('',(0.0259387438957737,-0.051421800283062,0.));
#4733=CARTESIAN_POINT('',(0.0250809539927833,-0.0517631167854153,0.));
#4734=CARTESIAN_POINT('',(0.0241836025634616,-0.051926651230021,0.));
#4735=CARTESIAN_POINT('',(0.0267215295506977,-0.0509562911929206,-8.67361737988404E-19));
#4736=CARTESIAN_POINT('',(0.0267215317339865,-0.0509562948644093,-500.));
#4737=CARTESIAN_POINT('',(0.0196745855790354,-0.0456376312359448,-0.001));
#4738=CARTESIAN_POINT('',(0.0229613950007183,-0.0456376312359448,-0.001));
#4739=CARTESIAN_POINT('',(0.022961395172667,-0.0533924107299858,-0.00296555208498792));
#4740=CARTESIAN_POINT('',(0.0229613957005673,-0.0456376312359448,-0.009));
#4741=CARTESIAN_POINT('',(0.0229613951728578,-0.0533924107299858,-0.00296555208498792));
#4742=CARTESIAN_POINT('',(0.0229188597027593,-0.0533916144544256,-0.00296869366614095));
#4743=CARTESIAN_POINT('',(0.0228762626281079,-0.0533912144911319,-0.00297026564322732));
#4744=CARTESIAN_POINT('',(0.02283360382758,-0.0533912144911319,-0.00297026564322732));
#4745=CARTESIAN_POINT('',(0.02283360382758,-0.0533912144911319,-0.00297026564322733));
#4746=CARTESIAN_POINT('',(0.0196745855790354,-0.0533912144911319,-0.00297026564322733));
#4747=CARTESIAN_POINT('',(0.01644360382758,-0.0533912144911319,-0.00297026564322733));
#4748=CARTESIAN_POINT('',(0.01644360382758,-0.0533912144911319,-0.00297026564322733));
#4749=CARTESIAN_POINT('',(0.0164253508636663,-0.0533912144911319,-0.00297026564322733));
#4750=CARTESIAN_POINT('',(0.016407102740992,-0.0533912877134716,-0.00296997755870318));
#4751=CARTESIAN_POINT('',(0.0163888594578031,-0.0533914340353245,-0.00296940146956648));
#4752=CARTESIAN_POINT('',(0.0196745855790354,-0.0456376312359448,-0.009));
#4753=CARTESIAN_POINT('',(0.02418360382758,-0.0519266581665305,0.001));
#4754=CARTESIAN_POINT('',(0.02418360382758,-0.0519266581665305,0.));
#4755=CARTESIAN_POINT('',(0.0250502762699124,-0.0517687574771566,0.001));
#4756=CARTESIAN_POINT('',(0.0250502762699124,-0.0517687574771566,0.));
#4757=CARTESIAN_POINT('',(0.025904673415883,-0.051442083250598,0.001));
#4758=CARTESIAN_POINT('',(0.025904673415883,-0.051442083250598,0.));
#4759=CARTESIAN_POINT('',(0.0267215317339866,-0.0509562948644093,0.001));
#4760=CARTESIAN_POINT('',(0.0267215317339866,-0.0509562948644093,0.));
#4761=CARTESIAN_POINT('',(0.02418360382758,-0.0519266581665304,0.001));
#4762=CARTESIAN_POINT('',(0.02418360382758,-0.0519266581665304,0.001));
#4763=CARTESIAN_POINT('',(0.0229604242983562,-0.0350376312359448,0.001));
#4764=CARTESIAN_POINT('',(0.0267215317339865,-0.0509562948644093,0.001));
#4765=CARTESIAN_POINT('',(0.0267215317339865,-0.0509562948644093,-500.));
#4766=CARTESIAN_POINT('',(0.0241836038275794,-0.0527384350746942,0.001));
#4767=CARTESIAN_POINT('',(0.0241836038275794,-0.0527384350746942,-2.16840434497101E-19));
#4768=CARTESIAN_POINT('',(0.0256900077379412,-0.0524931196190937,0.001));
#4769=CARTESIAN_POINT('',(0.0256900077379412,-0.0524931196190937,-2.16840434497101E-19));
#4770=CARTESIAN_POINT('',(0.0285916537150704,-0.051090206800008,0.001));
#4771=CARTESIAN_POINT('',(0.0285916537150704,-0.051090206800008,-2.16840434497101E-19));
#4772=CARTESIAN_POINT('',(0.0320112597551435,-0.0467560286609283,0.001));
#4773=CARTESIAN_POINT('',(0.0320112597551435,-0.0467560286609283,-4.33680868994202E-19));
#4774=CARTESIAN_POINT('',(0.0337853883841061,-0.0418035616259712,0.001));
#4775=CARTESIAN_POINT('',(0.0337853883841061,-0.0418035616259712,-4.33680868994202E-19));
#4776=CARTESIAN_POINT('',(0.0344333601326477,-0.0374875099263072,0.001));
#4777=CARTESIAN_POINT('',(0.0344333601326477,-0.0374875099263072,0.));
#4778=CARTESIAN_POINT('',(0.0345575937210484,-0.033013538287731,0.001));
#4779=CARTESIAN_POINT('',(0.0345575937210484,-0.033013538287731,-6.50521303491303E-19));
#4780=CARTESIAN_POINT('',(0.0338843702889469,-0.0286570104275759,0.001));
#4781=CARTESIAN_POINT('',(0.0338843702889469,-0.0286570104275759,-4.33680868994202E-19));
#4782=CARTESIAN_POINT('',(0.0324558562368271,-0.0247511374110416,0.001));
#4783=CARTESIAN_POINT('',(0.0324558562368271,-0.0247511374110416,-2.16840434497101E-19));
#4784=CARTESIAN_POINT('',(0.0305937904547275,-0.0213523232897632,0.001));
#4785=CARTESIAN_POINT('',(0.0305937904547275,-0.0213523232897632,-4.33680868994202E-19));
#4786=CARTESIAN_POINT('',(0.0274883665100845,-0.0181683250564123,0.001));
#4787=CARTESIAN_POINT('',(0.0274883665100845,-0.0181683250564123,-4.33680868994202E-19));
#4788=CARTESIAN_POINT('',(0.0244843920550652,-0.0172376315064651,0.001));
#4789=CARTESIAN_POINT('',(0.0244843920550652,-0.0172376315064651,-2.16840434497101E-19));
#4790=CARTESIAN_POINT('',(0.0229594535959728,-0.0172376312057199,0.001));
#4791=CARTESIAN_POINT('',(0.0229594535959728,-0.0172376312057199,-2.16840434497101E-19));
#4792=CARTESIAN_POINT('',(0.02418360382758,-0.0527384350746941,0.001));
#4793=CARTESIAN_POINT('',(0.02418360382758,-0.0527384350746941,-2.16840434497101E-19));
#4794=CARTESIAN_POINT('',(0.02418360382758,-0.0527384350758732,0.001));
#4795=CARTESIAN_POINT('',(0.0229613950007359,-0.0528376312661696,0.));
#4796=CARTESIAN_POINT('',(0.0229616334753031,-0.0528376312662167,0.));
#4797=CARTESIAN_POINT('',(0.0231588839047343,-0.0528376219433412,0.));
#4798=CARTESIAN_POINT('',(0.0235531448228823,-0.0528221255704777,0.));
#4799=CARTESIAN_POINT('',(0.024335651147081,-0.0527300521049402,0.));
#4800=CARTESIAN_POINT('',(0.0253006659232462,-0.0525020191037402,0.));
#4801=CARTESIAN_POINT('',(0.0264252787500012,-0.0520543626033782,0.));
#4802=CARTESIAN_POINT('',(0.0273266712284562,-0.051542567763478,0.));
#4803=CARTESIAN_POINT('',(0.028022450936648,-0.0510534504243773,0.));
#4804=CARTESIAN_POINT('',(0.0284460660902819,-0.0507152322427008,0.));
#4805=CARTESIAN_POINT('',(0.028777838135312,-0.0504255102473643,0.));
#4806=CARTESIAN_POINT('',(0.0291046607328262,-0.050123196415181,0.));
#4807=CARTESIAN_POINT('',(0.0295016361703456,-0.0497239961370719,0.));
#4808=CARTESIAN_POINT('',(0.0299595610790696,-0.0492117837508607,0.));
#4809=CARTESIAN_POINT('',(0.0305448163661368,-0.0484864111373895,0.));
#4810=CARTESIAN_POINT('',(0.0312279573668689,-0.0475031056421134,0.));
#4811=CARTESIAN_POINT('',(0.0318435614651243,-0.0464252760947212,0.));
#4812=CARTESIAN_POINT('',(0.0322935789328083,-0.0455106327731406,0.));
#4813=CARTESIAN_POINT('',(0.0326093547322509,-0.0447994691183226,0.));
#4814=CARTESIAN_POINT('',(0.0328538884380159,-0.0441868781316741,0.));
#4815=CARTESIAN_POINT('',(0.0330381920169003,-0.0436849992770331,0.));
#4816=CARTESIAN_POINT('',(0.0332142430089444,-0.0431771732409911,0.));
#4817=CARTESIAN_POINT('',(0.033418732203892,-0.0425319066242097,0.));
#4818=CARTESIAN_POINT('',(0.0337125310709216,-0.0414788998262791,0.));
#4819=CARTESIAN_POINT('',(0.0340167956116254,-0.0401276068361455,0.));
#4820=CARTESIAN_POINT('',(0.0342359198164578,-0.0387389204961849,0.));
#4821=CARTESIAN_POINT('',(0.0343593260750439,-0.0376111203923648,0.));
#4822=CARTESIAN_POINT('',(0.0344257138765169,-0.0367582531447509,0.));
#4823=CARTESIAN_POINT('',(0.0344590413002117,-0.0360428098751244,0.));
#4824=CARTESIAN_POINT('',(0.0344723862696308,-0.0354684087103687,0.));
#4825=CARTESIAN_POINT('',(0.0344757056401454,-0.035036540437282,0.));
#4826=CARTESIAN_POINT('',(0.0344723044512238,-0.0346046728008082,0.));
#4827=CARTESIAN_POINT('',(0.0344588506603841,-0.0340302741745969,0.));
#4828=CARTESIAN_POINT('',(0.0344253876948664,-0.0333148372317691,0.));
#4829=CARTESIAN_POINT('',(0.0343588383168661,-0.032461982576787,0.));
#4830=CARTESIAN_POINT('',(0.0342352183960956,-0.0313342058728142,0.));
#4831=CARTESIAN_POINT('',(0.0340158311052816,-0.0299455610713743,0.));
#4832=CARTESIAN_POINT('',(0.0337113105643828,-0.0285943257491286,0.));
#4833=CARTESIAN_POINT('',(0.0334173122079955,-0.0275413746309862,0.));
#4834=CARTESIAN_POINT('',(0.0332127007694299,-0.0268961467667468,0.));
#4835=CARTESIAN_POINT('',(0.0330365535717005,-0.0263883540930954,0.));
#4836=CARTESIAN_POINT('',(0.0328521549139868,-0.0258865101642103,0.));
#4837=CARTESIAN_POINT('',(0.0326075051557979,-0.0252739655160449,0.));
#4838=CARTESIAN_POINT('',(0.0322915946303845,-0.0245628616984622,0.));
#4839=CARTESIAN_POINT('',(0.0318414038894345,-0.0236483036501701,0.));
#4840=CARTESIAN_POINT('',(0.0312255956048677,-0.0225705907497744,0.));
#4841=CARTESIAN_POINT('',(0.0305422683268419,-0.0215874146948242,0.));
#4842=CARTESIAN_POINT('',(0.0299568756267192,-0.02086215297237,0.));
#4843=CARTESIAN_POINT('',(0.0294988536863643,-0.020350027350309,0.));
#4844=CARTESIAN_POINT('',(0.0291018026265315,-0.0199509022873001,0.));
#4845=CARTESIAN_POINT('',(0.0287749227608113,-0.019648650377857,0.));
#4846=CARTESIAN_POINT('',(0.0284430958332176,-0.019358991242719,0.));
#4847=CARTESIAN_POINT('',(0.0280194166109509,-0.0190208533220057,0.));
#4848=CARTESIAN_POINT('',(0.0273235442508079,-0.0185318678087954,0.));
#4849=CARTESIAN_POINT('',(0.0264220548277857,-0.0180202437490184,0.));
#4850=CARTESIAN_POINT('',(0.0252973572116294,-0.017572800317252,0.));
#4851=CARTESIAN_POINT('',(0.0243322992513907,-0.0173449501444778,0.));
#4852=CARTESIAN_POINT('',(0.0235500123006035,-0.017253052746156,0.));
#4853=CARTESIAN_POINT('',(0.0231562270761432,-0.0172376312445272,0.));
#4854=CARTESIAN_POINT('',(0.0229594535959728,-0.0172376312057199,0.));
#4855=CARTESIAN_POINT('',(0.0229594535959707,-0.0172376312359448,0.));
#4856=CARTESIAN_POINT('',(0.0229594535959707,-0.0172376312359448,0.001));
#4857=CARTESIAN_POINT('',(0.0229594535959707,-0.0172376312359448,0.001));
#4858=CARTESIAN_POINT('',(0.0229613950007359,-0.0528376312661696,0.001));
#4859=CARTESIAN_POINT('',(0.0229616334753031,-0.0528376312662167,0.001));
#4860=CARTESIAN_POINT('',(0.0231588839047343,-0.0528376219433412,0.001));
#4861=CARTESIAN_POINT('',(0.0235531448228823,-0.0528221255704777,0.001));
#4862=CARTESIAN_POINT('',(0.024335651147081,-0.0527300521049402,0.001));
#4863=CARTESIAN_POINT('',(0.0253006659232462,-0.0525020191037402,0.001));
#4864=CARTESIAN_POINT('',(0.0264252787500012,-0.0520543626033782,0.001));
#4865=CARTESIAN_POINT('',(0.0273266712284562,-0.051542567763478,0.001));
#4866=CARTESIAN_POINT('',(0.028022450936648,-0.0510534504243773,0.001));
#4867=CARTESIAN_POINT('',(0.0284460660902819,-0.0507152322427008,0.001));
#4868=CARTESIAN_POINT('',(0.028777838135312,-0.0504255102473643,0.001));
#4869=CARTESIAN_POINT('',(0.0291046607328262,-0.050123196415181,0.001));
#4870=CARTESIAN_POINT('',(0.0295016361703456,-0.0497239961370719,0.001));
#4871=CARTESIAN_POINT('',(0.0299595610790696,-0.0492117837508607,0.001));
#4872=CARTESIAN_POINT('',(0.0305448163661368,-0.0484864111373895,0.001));
#4873=CARTESIAN_POINT('',(0.0312279573668689,-0.0475031056421134,0.001));
#4874=CARTESIAN_POINT('',(0.0318435614651243,-0.0464252760947212,0.001));
#4875=CARTESIAN_POINT('',(0.0322935789328083,-0.0455106327731406,0.001));
#4876=CARTESIAN_POINT('',(0.0326093547322509,-0.0447994691183226,0.001));
#4877=CARTESIAN_POINT('',(0.0328538884380159,-0.0441868781316741,0.001));
#4878=CARTESIAN_POINT('',(0.0330381920169003,-0.0436849992770331,0.001));
#4879=CARTESIAN_POINT('',(0.0332142430089444,-0.0431771732409911,0.001));
#4880=CARTESIAN_POINT('',(0.033418732203892,-0.0425319066242097,0.001));
#4881=CARTESIAN_POINT('',(0.0337125310709216,-0.0414788998262791,0.001));
#4882=CARTESIAN_POINT('',(0.0340167956116254,-0.0401276068361455,0.001));
#4883=CARTESIAN_POINT('',(0.0342359198164578,-0.0387389204961849,0.001));
#4884=CARTESIAN_POINT('',(0.0343593260750439,-0.0376111203923648,0.001));
#4885=CARTESIAN_POINT('',(0.0344257138765169,-0.0367582531447509,0.001));
#4886=CARTESIAN_POINT('',(0.0344590413002117,-0.0360428098751244,0.001));
#4887=CARTESIAN_POINT('',(0.0344723862696308,-0.0354684087103687,0.001));
#4888=CARTESIAN_POINT('',(0.0344757056401454,-0.035036540437282,0.001));
#4889=CARTESIAN_POINT('',(0.0344723044512238,-0.0346046728008082,0.001));
#4890=CARTESIAN_POINT('',(0.0344588506603841,-0.0340302741745969,0.001));
#4891=CARTESIAN_POINT('',(0.0344253876948664,-0.0333148372317691,0.001));
#4892=CARTESIAN_POINT('',(0.0343588383168661,-0.032461982576787,0.001));
#4893=CARTESIAN_POINT('',(0.0342352183960956,-0.0313342058728142,0.001));
#4894=CARTESIAN_POINT('',(0.0340158311052816,-0.0299455610713743,0.001));
#4895=CARTESIAN_POINT('',(0.0337113105643828,-0.0285943257491286,0.001));
#4896=CARTESIAN_POINT('',(0.0334173122079955,-0.0275413746309862,0.001));
#4897=CARTESIAN_POINT('',(0.0332127007694299,-0.0268961467667468,0.001));
#4898=CARTESIAN_POINT('',(0.0330365535717005,-0.0263883540930954,0.001));
#4899=CARTESIAN_POINT('',(0.0328521549139868,-0.0258865101642103,0.001));
#4900=CARTESIAN_POINT('',(0.0326075051557979,-0.0252739655160449,0.001));
#4901=CARTESIAN_POINT('',(0.0322915946303845,-0.0245628616984622,0.001));
#4902=CARTESIAN_POINT('',(0.0318414038894345,-0.0236483036501701,0.001));
#4903=CARTESIAN_POINT('',(0.0312255956048677,-0.0225705907497744,0.001));
#4904=CARTESIAN_POINT('',(0.0305422683268419,-0.0215874146948242,0.001));
#4905=CARTESIAN_POINT('',(0.0299568756267192,-0.02086215297237,0.001));
#4906=CARTESIAN_POINT('',(0.0294988536863643,-0.020350027350309,0.001));
#4907=CARTESIAN_POINT('',(0.0291018026265315,-0.0199509022873001,0.001));
#4908=CARTESIAN_POINT('',(0.0287749227608113,-0.019648650377857,0.001));
#4909=CARTESIAN_POINT('',(0.0284430958332176,-0.019358991242719,0.001));
#4910=CARTESIAN_POINT('',(0.0280194166109509,-0.0190208533220057,0.001));
#4911=CARTESIAN_POINT('',(0.0273235442508079,-0.0185318678087954,0.001));
#4912=CARTESIAN_POINT('',(0.0264220548277857,-0.0180202437490184,0.001));
#4913=CARTESIAN_POINT('',(0.0252973572116294,-0.017572800317252,0.001));
#4914=CARTESIAN_POINT('',(0.0243322992513907,-0.0173449501444778,0.001));
#4915=CARTESIAN_POINT('',(0.0235500123006035,-0.017253052746156,0.001));
#4916=CARTESIAN_POINT('',(0.0231562270761432,-0.0172376312445272,0.001));
#4917=CARTESIAN_POINT('',(0.0229594535959728,-0.0172376312057199,0.001));
#4918=CARTESIAN_POINT('',(0.019674585581169,-0.0350376312359683,0.001));
#4919=CARTESIAN_POINT('',(0.03012690082758,-0.03049891892827,0.001));
#4920=CARTESIAN_POINT('',(0.03112690082758,-0.03049891892827,0.001));
#4921=CARTESIAN_POINT('',(0.027399722799506,-0.04656588022684,0.001));
#4922=CARTESIAN_POINT('',(0.028399722799506,-0.04656588022684,0.001));
#4923=CARTESIAN_POINT('',(0.0196835456927086,-0.0195376312359448,0.001));
#4924=CARTESIAN_POINT('',(0.0186835456927086,-0.0195376312359448,0.001));
#4925=CARTESIAN_POINT('',(0.00903468582758,-0.03980891892827,0.001));
#4926=CARTESIAN_POINT('',(0.00803468582758,-0.03980891892827,0.001));
#4927=CARTESIAN_POINT('',(0.02418360382758,-0.0350376312359683,0.001));
#4928=CARTESIAN_POINT('',(0.0196741565269013,-0.0172376312359448,0.001));
#4929=CARTESIAN_POINT('',(0.0163888594578318,-0.0172376312359448,0.001));
#4930=CARTESIAN_POINT('',(0.0163888594578318,-0.0172376312359448,0.001));
#4931=CARTESIAN_POINT('',(0.0161918458721626,-0.0172376312359448,0.001));
#4932=CARTESIAN_POINT('',(0.015797818700824,-0.017253080876595,0.001));
#4933=CARTESIAN_POINT('',(0.0150152971328774,-0.01734508001724,0.001));
#4934=CARTESIAN_POINT('',(0.0140502525361831,-0.0175730211403376,0.001));
#4935=CARTESIAN_POINT('',(0.0129255872722603,-0.0180205703794104,0.001));
#4936=CARTESIAN_POINT('',(0.012024137867595,-0.0185322792343609,0.001));
#4937=CARTESIAN_POINT('',(0.0113283050960671,-0.0190213302540102,0.001));
#4938=CARTESIAN_POINT('',(0.0109046537273694,-0.0193595080873025,0.001));
#4939=CARTESIAN_POINT('',(0.0105728509257496,-0.0196491985028752,0.001));
#4940=CARTESIAN_POINT('',(0.0102459964029378,-0.0199514812409516,0.001));
#4941=CARTESIAN_POINT('',(0.00984897911343965,-0.0203506437785826,0.001));
#4942=CARTESIAN_POINT('',(0.0093910009718455,-0.0208628126749423,0.001));
#4943=CARTESIAN_POINT('',(0.00880567088968806,-0.0215881297646555,0.001));
#4944=CARTESIAN_POINT('',(0.0081224295555746,-0.0225713705555508,0.001));
#4945=CARTESIAN_POINT('',(0.00750671681292844,-0.0236491419179972,0.001));
#4946=CARTESIAN_POINT('',(0.00705660789620285,-0.0245637427708842,0.001));
#4947=CARTESIAN_POINT('',(0.00674076134782405,-0.0252748766580224,0.001));
#4948=CARTESIAN_POINT('',(0.00649616698828223,-0.0258874446192067,0.001));
#4949=CARTESIAN_POINT('',(0.00631181388720456,-0.0263893061353903,0.001));
#4950=CARTESIAN_POINT('',(0.00613571289692214,-0.0268971156200841,0.001));
#4951=CARTESIAN_POINT('',(0.00593116037641896,-0.0275423630321233,0.001));
#4952=CARTESIAN_POINT('',(0.00563725859532759,-0.028595342280987,0.001));
#4953=CARTESIAN_POINT('',(0.00533286276827491,-0.0299466068259922,0.001));
#4954=CARTESIAN_POINT('',(0.00511360465153401,-0.0313352728081951,0.001));
#4955=CARTESIAN_POINT('',(0.00499009022701058,-0.0324630615501802,0.001));
#4956=CARTESIAN_POINT('',(0.00492362091881907,-0.0333159227585139,0.001));
#4957=CARTESIAN_POINT('',(0.00489022536321433,-0.0340313630810638,0.001));
#4958=CARTESIAN_POINT('',(0.00487682583823599,-0.034605763150414,0.001));
#4959=CARTESIAN_POINT('',(0.00487346552219258,-0.0350376312359447,0.001));
#4960=CARTESIAN_POINT('',(0.00487682583823599,-0.0354694993214755,0.001));
#4961=CARTESIAN_POINT('',(0.00489022536321433,-0.0360438993908258,0.001));
#4962=CARTESIAN_POINT('',(0.00492362091881908,-0.0367593397133757,0.001));
#4963=CARTESIAN_POINT('',(0.00499009022701058,-0.0376122009217094,0.001));
#4964=CARTESIAN_POINT('',(0.00511360465153401,-0.0387399896636945,0.001));
#4965=CARTESIAN_POINT('',(0.00533286276827491,-0.0401286556458974,0.001));
#4966=CARTESIAN_POINT('',(0.00563725859532759,-0.0414799201909025,0.001));
#4967=CARTESIAN_POINT('',(0.00593116037641896,-0.0425328994397662,0.001));
#4968=CARTESIAN_POINT('',(0.00613571289692215,-0.0431781468518055,0.001));
#4969=CARTESIAN_POINT('',(0.00631181388720456,-0.0436859563364992,0.001));
#4970=CARTESIAN_POINT('',(0.00649616698828224,-0.0441878178526829,0.001));
#4971=CARTESIAN_POINT('',(0.00674076134782405,-0.0448003858138672,0.001));
#4972=CARTESIAN_POINT('',(0.00705660789620285,-0.0455115197010054,0.001));
#4973=CARTESIAN_POINT('',(0.00750671681292843,-0.0464261205538923,0.001));
#4974=CARTESIAN_POINT('',(0.00812242955557461,-0.0475038919163387,0.001));
#4975=CARTESIAN_POINT('',(0.00880567088968805,-0.0484871327072341,0.001));
#4976=CARTESIAN_POINT('',(0.00939100097184551,-0.0492124497969473,0.001));
#4977=CARTESIAN_POINT('',(0.00984897911343965,-0.049724618693307,0.001));
#4978=CARTESIAN_POINT('',(0.0102459964029378,-0.050123781230938,0.001));
#4979=CARTESIAN_POINT('',(0.0105728509257496,-0.0504260639690143,0.001));
#4980=CARTESIAN_POINT('',(0.0109046537273694,-0.0507157543845871,0.001));
#4981=CARTESIAN_POINT('',(0.0113283050960671,-0.0510539322178794,0.001));
#4982=CARTESIAN_POINT('',(0.012024137867595,-0.0515429832375287,0.001));
#4983=CARTESIAN_POINT('',(0.0129255872722603,-0.0520546920924792,0.001));
#4984=CARTESIAN_POINT('',(0.0140502525361831,-0.052502241331552,0.001));
#4985=CARTESIAN_POINT('',(0.0150152971328774,-0.0527301824546496,0.001));
#4986=CARTESIAN_POINT('',(0.0157978187008215,-0.0528221815952943,0.001));
#4987=CARTESIAN_POINT('',(0.0161918458721574,-0.0528376312359446,0.001));
#4988=CARTESIAN_POINT('',(0.0163888594578241,-0.0528376312359448,0.001));
#4989=CARTESIAN_POINT('',(0.01509360382758,-0.0527261824076844,0.001));
#4990=CARTESIAN_POINT('',(0.01509360382758,-0.0350376312359683,0.001));
#4991=CARTESIAN_POINT('',(0.01509360382758,-0.0519129503320475,0.001));
#4992=CARTESIAN_POINT('',(0.0163888594578318,-0.0350376312359448,0.001));
#4993=CARTESIAN_POINT('',(0.00757697473530695,-0.0447080272829665,0.001));
#4994=CARTESIAN_POINT('',(0.00757697473530695,-0.0447080272829665,0.001));
#4995=CARTESIAN_POINT('',(0.00735120418259283,-0.0441901054705071,0.001));
#4996=CARTESIAN_POINT('',(0.00735733753302448,-0.0429787971683658,0.001));
#4997=CARTESIAN_POINT('',(0.00825339245906328,-0.0421583064405391,0.001));
#4998=CARTESIAN_POINT('',(0.00879171745834336,-0.0419862480610792,0.001));
#4999=CARTESIAN_POINT('',(0.00879171745834337,-0.0419862480610792,0.001));
#5000=CARTESIAN_POINT('',(0.0206809373901222,-0.0381862389267475,0.001));
#5001=CARTESIAN_POINT('',(0.00964357717399988,-0.0417139783310853,0.001));
#5002=CARTESIAN_POINT('',(0.00903468582758,-0.03980891892827,0.001));
#5003=CARTESIAN_POINT('',(0.00911599260364494,-0.0378105723096493,0.001));
#5004=CARTESIAN_POINT('',(0.0195444991590367,-0.0382348772021458,0.001));
#5005=CARTESIAN_POINT('',(0.00760482047671001,-0.0377490872136295,0.001));
#5006=CARTESIAN_POINT('',(0.00760482047671001,-0.0377490872136295,0.001));
#5007=CARTESIAN_POINT('',(0.00709719121011288,-0.0377284332896712,0.001));
#5008=CARTESIAN_POINT('',(0.00611978576047347,-0.0372829199005684,0.001));
#5009=CARTESIAN_POINT('',(0.00569909823877581,-0.0362942684866279,0.001));
#5010=CARTESIAN_POINT('',(0.00568498771316625,-0.0357865545060395,0.001));
#5011=CARTESIAN_POINT('',(0.00568498771316625,-0.0357865545060395,0.001));
#5012=CARTESIAN_POINT('',(0.0163888594578318,-0.0350376312359448,0.001));
#5013=CARTESIAN_POINT('',(0.0154111053992134,-0.018108566096712,0.001));
#5014=CARTESIAN_POINT('',(0.0154111053992134,-0.018108566096712,0.001));
#5015=CARTESIAN_POINT('',(0.0159264504105271,-0.0180336341376751,0.001));
#5016=CARTESIAN_POINT('',(0.0169979456590125,-0.0182946002211652,0.001));
#5017=CARTESIAN_POINT('',(0.0175976317759273,-0.0192253665287022,0.001));
#5018=CARTESIAN_POINT('',(0.0176880865189154,-0.0197383608681089,0.001));
#5019=CARTESIAN_POINT('',(0.0176880865189154,-0.0197383608681089,0.001));
#5020=CARTESIAN_POINT('',(0.0203643161170399,-0.0349160131330757,0.001));
#5021=CARTESIAN_POINT('',(0.0177139301866843,-0.0198849275912787,0.001));
#5022=CARTESIAN_POINT('',(0.0196835456927086,-0.0195376312359448,0.001));
#5023=CARTESIAN_POINT('',(0.021653161198733,-0.0198849275912787,0.001));
#5024=CARTESIAN_POINT('',(0.0190022349075329,-0.0349190776717088,0.001));
#5025=CARTESIAN_POINT('',(0.021678555022893,-0.0197409120579898,0.001));
#5026=CARTESIAN_POINT('',(0.021678555022893,-0.0197409120579898,0.001));
#5027=CARTESIAN_POINT('',(0.0217692105103405,-0.0192267792401803,0.001));
#5028=CARTESIAN_POINT('',(0.0223692403397754,-0.0182954269938388,0.001));
#5029=CARTESIAN_POINT('',(0.0234468047374023,-0.0180353131057959,0.001));
#5030=CARTESIAN_POINT('',(0.0239630078538519,-0.0181123683123464,0.001));
#5031=CARTESIAN_POINT('',(0.0239630078538519,-0.0181123683123464,0.001));
#5032=CARTESIAN_POINT('',(0.0229604242983562,-0.0350376312359448,0.001));
#5033=CARTESIAN_POINT('',(0.0319218384095838,-0.0257211039539857,0.001));
#5034=CARTESIAN_POINT('',(0.030073274950776,-0.0264845259465693,0.001));
#5035=CARTESIAN_POINT('',(0.030271164841354,-0.0284747117648302,0.001));
#5036=CARTESIAN_POINT('',(0.030100087889178,-0.0284917224374196,0.001));
#5037=CARTESIAN_POINT('',(0.029929010937002,-0.028508733110009,0.001));
#5038=CARTESIAN_POINT('',(0.03012690082758,-0.03049891892827,0.001));
#5039=CARTESIAN_POINT('',(0.029929010937002,-0.032489104746531,0.001));
#5040=CARTESIAN_POINT('',(0.0308993954499709,-0.0325855928650413,0.001));
#5041=CARTESIAN_POINT('',(0.0318697799629398,-0.0326820809835517,0.001));
#5042=CARTESIAN_POINT('',(0.0316718900723618,-0.0346722668018126,0.001));
#5043=CARTESIAN_POINT('',(0.0336716741405476,-0.0346428783579944,0.001));
#5044=CARTESIAN_POINT('',(0.0229604242983562,-0.0350376312359448,0.001));
#5045=CARTESIAN_POINT('',(0.0319227010391826,-0.0443546461153369,0.000999999999976353));
#5046=CARTESIAN_POINT('',(0.0300740832487722,-0.043591355695524,0.001));
#5047=CARTESIAN_POINT('',(0.0264608987500062,-0.0485021518090472,0.001));
#5048=CARTESIAN_POINT('',(0.0269971396774054,-0.0490878000855446,0.001));
#5049=CARTESIAN_POINT('',(0.0260992573522273,-0.0499099338987411,0.001));
#5050=CARTESIAN_POINT('',(0.0196745855790354,-0.0456376312359448,-0.001));
#5051=CARTESIAN_POINT('',(0.01644360382758,-0.0518942482786795,-0.00234712404052562));
#5052=CARTESIAN_POINT('',(0.0164253478485177,-0.0518942482786795,-0.00234712404052562));
#5053=CARTESIAN_POINT('',(0.0164070997258395,-0.0518943280128181,-0.00234675388086861));
#5054=CARTESIAN_POINT('',(0.0163888594578031,-0.0518944872657986,-0.0023460136038249));
#5055=CARTESIAN_POINT('',(0.01644360382758,-0.0518942482786795,-0.00234712404052562));
#5056=CARTESIAN_POINT('',(0.0196745855790354,-0.0518942482786795,-0.00234712404052562));
#5057=CARTESIAN_POINT('',(0.02283360382758,-0.0518942482786795,-0.00234712404052562));
#5058=CARTESIAN_POINT('',(0.02283360382758,-0.0518942482786795,-0.00234712404052562));
#5059=CARTESIAN_POINT('',(0.0228763013964294,-0.0518942482786795,-0.00234712404052562));
#5060=CARTESIAN_POINT('',(0.0229188986462174,-0.0518946844681401,-0.00234510294349723));
#5061=CARTESIAN_POINT('',(0.0229613957015585,-0.0518955504359763,-0.00234106199926667));
#5062=CARTESIAN_POINT('',(0.0196745855790354,-0.0244376312359448,-0.001));
#5063=CARTESIAN_POINT('',(0.0229594530570747,-0.0225969400809052,-0.00712958857279662));
#5064=CARTESIAN_POINT('',(0.0226293453297269,-0.0230557903818049,-0.00726737949959745));
#5065=CARTESIAN_POINT('',(0.0218087253033065,-0.0239065359715194,-0.00740420428817238));
#5066=CARTESIAN_POINT('',(0.0206979580082636,-0.0243628887287895,-0.00740000000000024));
#5067=CARTESIAN_POINT('',(0.0201167973678113,-0.0244376312359449,-0.00740000000000024));
#5068=CARTESIAN_POINT('',(0.0196745855790354,-0.0244376312359448,-0.001));
#5069=CARTESIAN_POINT('',(0.0165346975246577,-0.0194889146428909,-0.00728571428571429));
#5070=CARTESIAN_POINT('',(0.0166394798462789,-0.0201506031894096,-0.0078066589136038));
#5071=CARTESIAN_POINT('',(0.0170719159433127,-0.0212578106305198,-0.00839067599888506));
#5072=CARTESIAN_POINT('',(0.0184182197346274,-0.0222980403817836,-0.00871473811292254));
#5073=CARTESIAN_POINT('',(0.0196813592555008,-0.0225925613654671,-0.00878326320984058));
#5074=CARTESIAN_POINT('',(0.0209425959935075,-0.0223003519993183,-0.00871518644220454));
#5075=CARTESIAN_POINT('',(0.022289024525734,-0.0212671218261249,-0.00839460582707516));
#5076=CARTESIAN_POINT('',(0.0227275093318871,-0.0201512486166775,-0.00780716705579495));
#5077=CARTESIAN_POINT('',(0.0228323938607595,-0.0194889146428909,-0.00728571428571429));
#5078=CARTESIAN_POINT('',(0.0165346975246577,-0.0194889146428909,-0.00728571428571429));
#5079=CARTESIAN_POINT('',(0.0228323938607595,-0.0194889146428909,-0.00728571428571429));
#5080=CARTESIAN_POINT('',(0.0228323938607595,-0.0194889146428909,-0.00728571428571429));
#5081=CARTESIAN_POINT('',(0.0228824827288636,-0.0191726090884831,-0.00703668824437317));
#5082=CARTESIAN_POINT('',(0.0228300327149316,-0.0185680147508709,-0.00647981693919168));
#5083=CARTESIAN_POINT('',(0.0222537112560173,-0.017885748241434,-0.00562112200968664));
#5084=CARTESIAN_POINT('',(0.0212006827088332,-0.0175272948421422,-0.00503526688542195));
#5085=CARTESIAN_POINT('',(0.0203854195568253,-0.0175094280056693,-0.00500000000000012));
#5086=CARTESIAN_POINT('',(0.0199824481845451,-0.0175094280056691,-0.00499999999999979));
#5087=CARTESIAN_POINT('',(0.0199824481845451,-0.0175094280056691,-0.00499999999999979));
#5088=CARTESIAN_POINT('',(0.0196745855790354,-0.0175094280056693,-0.005));
#5089=CARTESIAN_POINT('',(0.0193846432008763,-0.0175094280056693,-0.005));
#5090=CARTESIAN_POINT('',(0.0193846432008763,-0.0175094280056693,-0.005));
#5091=CARTESIAN_POINT('',(0.0189825320272731,-0.0175094280056694,-0.00500000000000026));
#5092=CARTESIAN_POINT('',(0.0181614482262462,-0.0175278387522379,-0.00503617778585409));
#5093=CARTESIAN_POINT('',(0.0171115889942051,-0.01788687681683,-0.00562297337858626));
#5094=CARTESIAN_POINT('',(0.0165359196477857,-0.0185714828318676,-0.00648336902776332));
#5095=CARTESIAN_POINT('',(0.0164846694330432,-0.0191729928851614,-0.00703699040589432));
#5096=CARTESIAN_POINT('',(0.0165346975246577,-0.0194889146428909,-0.00728571428571429));
#5097=CARTESIAN_POINT('',(0.0196745855790354,-0.016985303406156,-0.00390909090909091));
#5098=CARTESIAN_POINT('',(0.017441572760882,-0.016985303406156,-0.00390909090909091));
#5099=CARTESIAN_POINT('',(0.0219067141843401,-0.016985303406156,-0.00390909090909091));
#5100=CARTESIAN_POINT('',(0.0219067141843401,-0.016985303406156,-0.00390909090909091));
#5101=CARTESIAN_POINT('',(0.0222610678889763,-0.016985303406156,-0.0039090909090909));
#5102=CARTESIAN_POINT('',(0.022612087448127,-0.0169728341127459,-0.00387780885489752));
#5103=CARTESIAN_POINT('',(0.0229594538131005,-0.0169480315974736,-0.00381174274346225));
#5104=CARTESIAN_POINT('',(0.0229594537972846,-0.016948031570951,-0.00381174275341937));
#5105=CARTESIAN_POINT('',(0.0229594528961628,-0.024437631205684,-0.001));
#5106=CARTESIAN_POINT('',(0.0229594535959709,-0.0244376312056848,-0.009));
#5107=CARTESIAN_POINT('',(0.0196745855790354,-0.0244376312359448,-0.009));
#5108=CARTESIAN_POINT('',(0.0163888594578318,-0.0169480337247277,-0.0038117484097926));
#5109=CARTESIAN_POINT('',(0.0167362173805243,-0.016972834833805,-0.00387781062367121));
#5110=CARTESIAN_POINT('',(0.0170872281397017,-0.016985303406156,-0.00390909090909091));
#5111=CARTESIAN_POINT('',(0.017441572760882,-0.016985303406156,-0.00390909090909091));
#5112=CARTESIAN_POINT('',(0.0153113604609047,-0.0181238168735085,-0.001));
#5113=CARTESIAN_POINT('',(0.0153113604609047,-0.0181238168735085,1.73472347597681E-18));
#5114=CARTESIAN_POINT('',(0.0139660696824104,-0.0183396142185285,-0.001));
#5115=CARTESIAN_POINT('',(0.0139660696824104,-0.0183396142185285,1.73472347597681E-18));
#5116=CARTESIAN_POINT('',(0.0113352849769592,-0.0195848069019503,-0.00100000000000001));
#5117=CARTESIAN_POINT('',(0.0113352849769592,-0.0195848069019503,-1.0842021724855E-18));
#5118=CARTESIAN_POINT('',(0.00809139152601598,-0.0236411107926057,-0.001));
#5119=CARTESIAN_POINT('',(0.00809139152601598,-0.0236411107926057,2.16840434497101E-18));
#5120=CARTESIAN_POINT('',(0.00602294925157853,-0.0293275721152821,-0.001));
#5121=CARTESIAN_POINT('',(0.00602294925157853,-0.0293275721152821,1.51788304147971E-18));
#5122=CARTESIAN_POINT('',(0.0056251989221192,-0.0336379433697593,-0.001));
#5123=CARTESIAN_POINT('',(0.0056251989221192,-0.0336379433697593,1.73472347597681E-18));
#5124=CARTESIAN_POINT('',(0.0056850119484658,-0.0357874558369972,-0.001));
#5125=CARTESIAN_POINT('',(0.0056850119484658,-0.0357874558369972,1.73472347597681E-18));
#5126=CARTESIAN_POINT('',(0.00568119051702974,-0.0356344581298539,0.));
#5127=CARTESIAN_POINT('',(0.00563429087891739,-0.0335161535684164,0.));
#5128=CARTESIAN_POINT('',(0.00604574359423801,-0.0292521944294778,0.));
#5129=CARTESIAN_POINT('',(0.00809321670150923,-0.0236556857297333,0.));
#5130=CARTESIAN_POINT('',(0.0112879971264085,-0.0196333274305913,0.));
#5131=CARTESIAN_POINT('',(0.0138878456281559,-0.0183719326882631,0.));
#5132=CARTESIAN_POINT('',(0.0152157013515724,-0.0181398461172722,0.));
#5133=CARTESIAN_POINT('',(0.0056811901257137,-0.0356344581385171,0.));
#5134=CARTESIAN_POINT('',(0.0152157017620241,-0.018139848465005,0.));
#5135=CARTESIAN_POINT('',(0.00568118973439768,-0.0356344581471815,2.72111664704912E-18));
#5136=CARTESIAN_POINT('',(0.00568006746915151,-0.035583766082428,-0.00033333186801184));
#5137=CARTESIAN_POINT('',(0.00567908857518937,-0.0355330807771584,-0.000666665184912783));
#5138=CARTESIAN_POINT('',(0.0056782528017435,-0.0354824025604212,-0.001));
#5139=CARTESIAN_POINT('',(0.0056782528017435,-0.0354824025604213,-0.001));
#5140=CARTESIAN_POINT('',(0.0150219800617403,-0.0181765549892855,-0.001));
#5141=CARTESIAN_POINT('',(0.0141591146179457,-0.0183526943899568,-0.001));
#5142=CARTESIAN_POINT('',(0.0124907768082549,-0.0190439007113775,-0.000999999999999996));
#5143=CARTESIAN_POINT('',(0.0104409688913368,-0.0207559062661482,-0.001));
#5144=CARTESIAN_POINT('',(0.00881736611390763,-0.0228713707238686,-0.000999999999999998));
#5145=CARTESIAN_POINT('',(0.00717607497025553,-0.0259743296831642,-0.001));
#5146=CARTESIAN_POINT('',(0.005925748097655,-0.0302437847311199,-0.001));
#5147=CARTESIAN_POINT('',(0.00564916676437915,-0.0337187326175048,-0.000999999999999999));
#5148=CARTESIAN_POINT('',(0.0056782528017435,-0.0354824025604212,-0.000999999999999999));
#5149=CARTESIAN_POINT('',(0.0150219800617403,-0.0181765549892856,-0.001));
#5150=CARTESIAN_POINT('',(0.0150219800617403,-0.0181765549892856,-0.001));
#5151=CARTESIAN_POINT('',(0.0150862364049533,-0.0181634381425463,-0.000666641628109442));
#5152=CARTESIAN_POINT('',(0.0151507901767153,-0.0181511999132677,-0.000333308616894325));
#5153=CARTESIAN_POINT('',(0.0152156404241723,-0.0181398616084165,-1.76654092375807E-17));
#5154=CARTESIAN_POINT('',(0.00754620550847092,-0.0446370584628819,0.001));
#5155=CARTESIAN_POINT('',(0.00754620550847092,-0.0446370584628819,2.16840434497101E-19));
#5156=CARTESIAN_POINT('',(0.00840286596199517,-0.0466236948567154,0.001));
#5157=CARTESIAN_POINT('',(0.00840286596199517,-0.0466236948567154,0.));
#5158=CARTESIAN_POINT('',(0.0106556837569062,-0.0500095908017174,0.001));
#5159=CARTESIAN_POINT('',(0.0106556837569062,-0.0500095908017174,2.16840434497101E-19));
#5160=CARTESIAN_POINT('',(0.0135876370476385,-0.0516219514996707,0.001));
#5161=CARTESIAN_POINT('',(0.0135876370476385,-0.0516219514996707,2.16840434497101E-19));
#5162=CARTESIAN_POINT('',(0.01509360382758,-0.0519129503320475,0.001));
#5163=CARTESIAN_POINT('',(0.01509360382758,-0.0519129503320475,2.16840434497101E-19));
#5164=CARTESIAN_POINT('',(0.01509360382758,-0.0519129503320475,0.001));
#5165=CARTESIAN_POINT('',(0.01509360382758,-0.0519129394705847,0.));
#5166=CARTESIAN_POINT('',(0.0150936018043535,-0.051912949941098,0.));
#5167=CARTESIAN_POINT('',(0.0136149677287467,-0.0516272321700791,0.));
#5168=CARTESIAN_POINT('',(0.0107347136275147,-0.0500630323979514,0.));
#5169=CARTESIAN_POINT('',(0.00850050738232643,-0.0467820165941495,0.));
#5170=CARTESIAN_POINT('',(0.00764054000329803,-0.0448522458431348,0.));
#5171=CARTESIAN_POINT('',(0.00764054016770257,-0.0448522457698704,8.67361737988404E-19));
#5172=CARTESIAN_POINT('',(0.00764053788102756,-0.0448522410807484,2.42603902990664E-19));
#5173=CARTESIAN_POINT('',(0.0076191320052896,-0.0448042061622483,0.000333324708166347));
#5174=CARTESIAN_POINT('',(0.00759794560895674,-0.044756134853945,0.000666658119222375));
#5175=CARTESIAN_POINT('',(0.00757697473530695,-0.0447080272829665,0.001));
#5176=CARTESIAN_POINT('',(0.00570638791448366,-0.0363464861266252,-0.000999999999999999));
#5177=CARTESIAN_POINT('',(0.00570638791448366,-0.0363464861266252,-0.0074));
#5178=CARTESIAN_POINT('',(0.0120988214158512,-0.0360353688969613,-0.0074));
#5179=CARTESIAN_POINT('',(0.00567177009088308,-0.0356352039659816,-0.000999999999999999));
#5180=CARTESIAN_POINT('',(0.00567177009089145,-0.0356352039659826,-0.0074));
#5181=CARTESIAN_POINT('',(0.0120724620656404,-0.0354937711423143,-0.0074));
#5182=CARTESIAN_POINT('',(0.00565937387525994,-0.0342157672798942,-0.000999999999999999));
#5183=CARTESIAN_POINT('',(0.00565937387525606,-0.0342157672798938,-0.0074));
#5184=CARTESIAN_POINT('',(0.0120629798547215,-0.0344099830680517,-0.0074));
#5185=CARTESIAN_POINT('',(0.0058067031222426,-0.0321034081296659,-0.000999999999999999));
#5186=CARTESIAN_POINT('',(0.00580670312224367,-0.032103408129666,-0.0074));
#5187=CARTESIAN_POINT('',(0.0121753104796785,-0.0328026944288277,-0.0074));
#5188=CARTESIAN_POINT('',(0.00607371851438629,-0.0303360184936195,-0.000999999999999999));
#5189=CARTESIAN_POINT('',(0.00607371851438616,-0.0303360184936195,-0.0074));
#5190=CARTESIAN_POINT('',(0.0123765285935176,-0.0314743918623491,-0.0074));
#5191=CARTESIAN_POINT('',(0.00638654346918205,-0.0289076464591348,-0.000999999999999999));
#5192=CARTESIAN_POINT('',(0.00638654346918208,-0.0289076464591348,-0.0074));
#5193=CARTESIAN_POINT('',(0.0126075244523784,-0.0304205302917618,-0.0074));
#5194=CARTESIAN_POINT('',(0.00667763402218017,-0.0278223837067194,-0.000999999999999999));
#5195=CARTESIAN_POINT('',(0.00667763402218016,-0.0278223837067194,-0.0074));
#5196=CARTESIAN_POINT('',(0.0128190004897783,-0.0296327881461415,-0.0074));
#5197=CARTESIAN_POINT('',(0.00702974675679341,-0.0267306596689306,-0.000999999999999999));
#5198=CARTESIAN_POINT('',(0.00702974675679342,-0.0267306596689307,-0.0074));
#5199=CARTESIAN_POINT('',(0.0130693772869469,-0.0288573356126241,-0.0074));
#5200=CARTESIAN_POINT('',(0.00745159025689659,-0.0256300004038188,-0.000999999999999999));
#5201=CARTESIAN_POINT('',(0.00745159025689659,-0.0256300004038187,-0.0074));
#5202=CARTESIAN_POINT('',(0.0133611013147554,-0.0280972332861017,-0.0074));
#5203=CARTESIAN_POINT('',(0.00795948313535843,-0.0245117146174347,-0.000999999999999999));
#5204=CARTESIAN_POINT('',(0.00795948313535843,-0.0245117146174352,-0.0074));
#5205=CARTESIAN_POINT('',(0.0136994251061689,-0.0273536414747096,-0.0074));
#5206=CARTESIAN_POINT('',(0.00846701177762693,-0.023570546364133,-0.001));
#5207=CARTESIAN_POINT('',(0.00846701177762692,-0.0235705463641315,-0.0074));
#5208=CARTESIAN_POINT('',(0.0140207327825574,-0.0267594736798218,-0.0074));
#5209=CARTESIAN_POINT('',(0.00894339833637706,-0.022803515241951,-0.000999999999999996));
#5210=CARTESIAN_POINT('',(0.00894339833637706,-0.0228035152419537,-0.00739999999999999));
#5211=CARTESIAN_POINT('',(0.0143058360012834,-0.0263009192372534,-0.0074));
#5212=CARTESIAN_POINT('',(0.00934505196674528,-0.0222172922522854,-0.001));
#5213=CARTESIAN_POINT('',(0.00934505196674528,-0.0222172922522754,-0.0074));
#5214=CARTESIAN_POINT('',(0.0145352395505187,-0.0259665119014229,-0.0074));
#5215=CARTESIAN_POINT('',(0.00980244747540902,-0.021616862910813,-0.000999999999999998));
#5216=CARTESIAN_POINT('',(0.00980244747540902,-0.0216168629108504,-0.0074));
#5217=CARTESIAN_POINT('',(0.014782241727282,-0.0256428932617169,-0.0074));
#5218=CARTESIAN_POINT('',(0.0103378981160225,-0.020993666672439,-0.001));
#5219=CARTESIAN_POINT('',(0.0103378981160225,-0.0209936666722994,-0.0074));
#5220=CARTESIAN_POINT('',(0.0150502418135983,-0.0253317644924624,-0.0074));
#5221=CARTESIAN_POINT('',(0.0108676447591051,-0.0204567678252762,-0.000999999999999997));
#5222=CARTESIAN_POINT('',(0.0108676447591051,-0.020456767825687,-0.0074));
#5223=CARTESIAN_POINT('',(0.0152901390329396,-0.0250899242404269,-0.0074));
#5224=CARTESIAN_POINT('',(0.0113775892517077,-0.0200058151807194,-0.001));
#5225=CARTESIAN_POINT('',(0.0113775892517077,-0.0200058151800077,-0.0074));
#5226=CARTESIAN_POINT('',(0.0154954357577732,-0.0249087457739187,-0.0074));
#5227=CARTESIAN_POINT('',(0.0118151626974791,-0.0196567975743086,-0.000999999999999999));
#5228=CARTESIAN_POINT('',(0.0118151626974791,-0.019656797577025,-0.0074));
#5229=CARTESIAN_POINT('',(0.0156553809097925,-0.0247816314255802,-0.0074));
#5230=CARTESIAN_POINT('',(0.0123355921231097,-0.019291333969369,-0.000999999999999998));
#5231=CARTESIAN_POINT('',(0.0123355921231097,-0.019291333959215,-0.00739999999999999));
#5232=CARTESIAN_POINT('',(0.0158223314309988,-0.0246648329232086,-0.0074));
#5233=CARTESIAN_POINT('',(0.0128749016170572,-0.0189671433909719,-0.001));
#5234=CARTESIAN_POINT('',(0.0128749016170571,-0.0189671434208625,-0.00740000000000001));
#5235=CARTESIAN_POINT('',(0.0159684960902739,-0.0245782067477331,-0.00740000000000001));
#5236=CARTESIAN_POINT('',(0.0134509781798673,-0.0186831808856066,-0.000999999999999994));
#5237=CARTESIAN_POINT('',(0.0134509781798673,-0.0186831808338342,-0.00739999999999999));
#5238=CARTESIAN_POINT('',(0.0160918100312547,-0.0245177289946333,-0.00739999999999999));
#5239=CARTESIAN_POINT('',(0.0138992800313833,-0.0184961489431926,-0.001));
#5240=CARTESIAN_POINT('',(0.0138992800313833,-0.0184961490992429,-0.00740000000000001));
#5241=CARTESIAN_POINT('',(0.0161713851354084,-0.0244850862574253,-0.00740000000000001));
#5242=CARTESIAN_POINT('',(0.0143790098785219,-0.0183353424228099,-0.000999999999999999));
#5243=CARTESIAN_POINT('',(0.0143790098785219,-0.0183353421522739,-0.00739999999999999));
#5244=CARTESIAN_POINT('',(0.0162363622915799,-0.0244634773551309,-0.0074));
#5245=CARTESIAN_POINT('',(0.0148200455182346,-0.0182147200582429,-0.000999999999999999));
#5246=CARTESIAN_POINT('',(0.0148200455182346,-0.0182147210909831,-0.00739999999999999));
#5247=CARTESIAN_POINT('',(0.0162859679411766,-0.0244500829253356,-0.0074));
#5248=CARTESIAN_POINT('',(0.0154342611954183,-0.0180907420800318,-0.001));
#5249=CARTESIAN_POINT('',(0.0154342611954182,-0.018090738219607,-0.00740000000000002));
#5250=CARTESIAN_POINT('',(0.016336990488689,-0.0244402760173889,-0.0074));
#5251=CARTESIAN_POINT('',(0.0160497453768039,-0.0180376312359448,-0.000999999999999994));
#5252=CARTESIAN_POINT('',(0.0160497453768041,-0.0180376395551094,-0.00739999999999996));
#5253=CARTESIAN_POINT('',(0.0163715111663626,-0.0244376313962241,-0.0074));
#5254=CARTESIAN_POINT('',(0.0163888594578318,-0.0180376312359448,-0.000999999999999999));
#5255=CARTESIAN_POINT('',(0.0163888594578318,-0.0180376312359448,-0.0074));
#5256=CARTESIAN_POINT('',(0.0163888594578318,-0.0244376312359448,-0.0074));
#5257=CARTESIAN_POINT('',(0.0095974640533466,-0.0268059206679625,-0.00601155542567956));
#5258=CARTESIAN_POINT('',(0.00957055985071647,-0.0262540343671416,-0.00582841848210707));
#5259=CARTESIAN_POINT('',(0.00975343625568749,-0.0251149113905969,-0.00554128978920983));
#5260=CARTESIAN_POINT('',(0.010795863109726,-0.0236580351208871,-0.00570123189897123));
#5261=CARTESIAN_POINT('',(0.0122676246915684,-0.0228274034677217,-0.00624524638242822));
#5262=CARTESIAN_POINT('',(0.0133575612101026,-0.0226772303386886,-0.0066270558162418));
#5263=CARTESIAN_POINT('',(0.0139129217326981,-0.0227046145451186,-0.0067975750375649));
#5264=CARTESIAN_POINT('',(0.0095974640533466,-0.0268059206679625,-0.00601155542567956));
#5265=CARTESIAN_POINT('',(0.0139129217326981,-0.0227046145451186,-0.0067975750375649));
#5266=CARTESIAN_POINT('',(0.0139129217326981,-0.0227046145451186,-0.00679757503756491));
#5267=CARTESIAN_POINT('',(0.0144114512537136,-0.0227291964784022,-0.00695064473242334));
#5268=CARTESIAN_POINT('',(0.0153716239203907,-0.0231095909848438,-0.00726450978705));
#5269=CARTESIAN_POINT('',(0.0159563863668763,-0.0240129763058292,-0.0074));
#5270=CARTESIAN_POINT('',(0.016104678891229,-0.0245132676903688,-0.0074));
#5271=CARTESIAN_POINT('',(0.0163888594578318,-0.0244376312359448,-0.001));
#5272=CARTESIAN_POINT('',(0.0163888594578318,-0.022570681268965,-0.00712164175861297));
#5273=CARTESIAN_POINT('',(0.0163888594578318,-0.022570681268965,-0.00712164175861297));
#5274=CARTESIAN_POINT('',(0.0156196690750025,-0.0217740721461858,-0.00687869559578402));
#5275=CARTESIAN_POINT('',(0.0147185847960394,-0.01992451231443,-0.00569633333493014));
#5276=CARTESIAN_POINT('',(0.0147535150631905,-0.0187428046388624,-0.00370337564329449));
#5277=CARTESIAN_POINT('',(0.0148450096857608,-0.0184297484851936,-0.00262222222341572));
#5278=CARTESIAN_POINT('',(0.0148450096857608,-0.0184297484851936,-0.00262222222341571));
#5279=CARTESIAN_POINT('',(0.0148450096857608,-0.0184297484851936,-0.00262222222341571));
#5280=CARTESIAN_POINT('',(0.014889872764931,-0.0182762458791144,-0.002092094111964));
#5281=CARTESIAN_POINT('',(0.0149492630200288,-0.0181913989446644,-0.00154873019639238));
#5282=CARTESIAN_POINT('',(0.0150219800617403,-0.0181765549892855,-0.001));
#5283=CARTESIAN_POINT('',(0.0056782528017435,-0.0354824025604213,-0.001));
#5284=CARTESIAN_POINT('',(0.00567504423825301,-0.03528784711386,-0.00286135856544929));
#5285=CARTESIAN_POINT('',(0.0065090045105441,-0.0351220421852929,-0.0046716162199268));
#5286=CARTESIAN_POINT('',(0.00793511290983259,-0.0350406694555093,-0.0058810617770952));
#5287=CARTESIAN_POINT('',(0.00793511290983259,-0.0350406694555093,-0.0058810617770952));
#5288=CARTESIAN_POINT('',(0.00793511290983271,-0.0350406694555128,-0.0058810617770953));
#5289=CARTESIAN_POINT('',(0.00853215219356079,-0.0350066028191132,-0.00638739531353626));
#5290=CARTESIAN_POINT('',(0.00990996016935428,-0.0350829563343142,-0.00717271212062473));
#5291=CARTESIAN_POINT('',(0.0114062340084431,-0.035586325611198,-0.00740000000000001));
#5292=CARTESIAN_POINT('',(0.0120951946084571,-0.0359578160971162,-0.0074));
#5293=CARTESIAN_POINT('',(0.013092316824572,-0.0288146716667192,-0.0074));
#5294=CARTESIAN_POINT('',(0.0127101977495535,-0.0289725710992701,-0.00740000000000001));
#5295=CARTESIAN_POINT('',(0.0118767084888314,-0.0290709812319213,-0.00735068566329184));
#5296=CARTESIAN_POINT('',(0.0107173138123366,-0.0286879046055865,-0.0070177892048344));
#5297=CARTESIAN_POINT('',(0.00988070035001129,-0.0279093446158377,-0.00650134915563606));
#5298=CARTESIAN_POINT('',(0.00961660663474608,-0.0271985927193125,-0.00614185900307157));
#5299=CARTESIAN_POINT('',(0.00959746405334662,-0.0268059206679625,-0.00601155542567957));
#5300=CARTESIAN_POINT('',(0.0319227010391826,-0.0443546461153369,0.001));
#5301=CARTESIAN_POINT('',(0.0319227010391826,-0.0443546461153369,0.));
#5302=CARTESIAN_POINT('',(0.0331033296366808,-0.0414952744102164,0.001));
#5303=CARTESIAN_POINT('',(0.0331033296366808,-0.0414952744102164,0.));
#5304=CARTESIAN_POINT('',(0.0337218982904817,-0.0380604616603821,0.001));
#5305=CARTESIAN_POINT('',(0.0337218982904817,-0.0380604616603821,0.));
#5306=CARTESIAN_POINT('',(0.0336716741405476,-0.0346428783579943,0.001));
#5307=CARTESIAN_POINT('',(0.0336716741405476,-0.0346428783579943,0.));
#5308=CARTESIAN_POINT('',(0.0336716744038072,-0.0346428783541268,-2.60208521396521E-18));
#5309=CARTESIAN_POINT('',(0.033696042612381,-0.0363014365513596,-2.60208521396521E-18));
#5310=CARTESIAN_POINT('',(0.0334367550149897,-0.0396334900188077,6.50521303491303E-18));
#5311=CARTESIAN_POINT('',(0.0325620018915615,-0.0428063448771307,0.));
#5312=CARTESIAN_POINT('',(0.031922702476412,-0.0443546467087824,0.));
#5313=CARTESIAN_POINT('',(0.0336716741405476,-0.0346428783579944,-4.54747350886464E-13));
#5314=CARTESIAN_POINT('',(0.0319227017577959,-0.0443546464120632,0.));
#5315=CARTESIAN_POINT('',(0.0319227010391826,-0.0443546461153369,-500.));
#5316=CARTESIAN_POINT('',(0.0336716741405476,-0.0346428783579944,-500.));
#5317=CARTESIAN_POINT('',(0.0319013549404068,-0.0444061437643608,-0.00100000969172242));
#5318=CARTESIAN_POINT('',(0.0319013549404068,-0.0444061437643608,-2.16840434497101E-19));
#5319=CARTESIAN_POINT('',(0.0330975177831917,-0.041531983019178,-0.00100000969172242));
#5320=CARTESIAN_POINT('',(0.0330975177831917,-0.041531983019178,-2.16840434497101E-19));
#5321=CARTESIAN_POINT('',(0.0337223819383359,-0.0380941536827714,-0.00100000969172242));
#5322=CARTESIAN_POINT('',(0.0337223819383359,-0.0380941536827714,-2.16840434497101E-19));
#5323=CARTESIAN_POINT('',(0.0336716744038072,-0.0346428783541264,-0.00100000969172242));
#5324=CARTESIAN_POINT('',(0.0336716744038072,-0.0346428783541264,-2.16840434497101E-19));
#5325=CARTESIAN_POINT('',(0.0319227010391826,-0.0443546461153369,-500.));
#5326=CARTESIAN_POINT('',(0.0336716741405476,-0.0346428783579944,-500.));
#5327=CARTESIAN_POINT('',(0.0319218384095838,-0.0257211039539857,0.001));
#5328=CARTESIAN_POINT('',(0.0319218384095838,-0.0257211039539857,-6.02505340115958E-6));
#5329=CARTESIAN_POINT('',(0.0310386464805417,-0.0235825274615583,0.001));
#5330=CARTESIAN_POINT('',(0.0310386464805417,-0.0235825274615583,-6.02505340115958E-6));
#5331=CARTESIAN_POINT('',(0.028654337801438,-0.0199500857623673,0.001));
#5332=CARTESIAN_POINT('',(0.028654337801438,-0.0199500857623673,-6.02505340115958E-6));
#5333=CARTESIAN_POINT('',(0.0255106520258469,-0.0183298166170177,0.001));
#5334=CARTESIAN_POINT('',(0.0255106520258469,-0.0183298166170177,-6.02505340115958E-6));
#5335=CARTESIAN_POINT('',(0.0239055839972439,-0.0181040437652705,0.001));
#5336=CARTESIAN_POINT('',(0.0239055839972439,-0.0181040437652705,-6.02505340115958E-6));
#5337=CARTESIAN_POINT('',(0.0239630078538519,-0.0181123683123464,0.001));
#5338=CARTESIAN_POINT('',(0.0240283191705266,-0.0181221175308925,0.000666681742226468));
#5339=CARTESIAN_POINT('',(0.0240933670055188,-0.0181327875983653,0.00033334048090742));
#5340=CARTESIAN_POINT('',(0.0241581382659707,-0.0181443579973904,-2.49039772962093E-8));
#5341=CARTESIAN_POINT('',(0.0241581974279113,-0.0181443716055373,0.));
#5342=CARTESIAN_POINT('',(0.0241581969015783,-0.0181443745510144,-2.60208521396521E-18));
#5343=CARTESIAN_POINT('',(0.0250832766674801,-0.0183096788374614,-2.60208521396521E-18));
#5344=CARTESIAN_POINT('',(0.0268739506434558,-0.0190308055503157,2.24725541206086E-18));
#5345=CARTESIAN_POINT('',(0.029768992153288,-0.0215074459469517,-6.0321066323739E-18));
#5346=CARTESIAN_POINT('',(0.031207058001674,-0.0239903417541279,0.));
#5347=CARTESIAN_POINT('',(0.0319218398573913,-0.0257211033560601,0.));
#5348=CARTESIAN_POINT('',(0.0319218384095838,-0.0257211039539857,-4.54747350886464E-13));
#5349=CARTESIAN_POINT('',(0.0319218384095838,-0.0257211039539857,-500.));
#5350=CARTESIAN_POINT('',(0.0257308604597183,-0.0169040572966156,1.55753258372993E-18));
#5351=CARTESIAN_POINT('',(0.0257308604597183,-0.0169040572966156,-0.001));
#5352=CARTESIAN_POINT('',(0.0240993700366217,-0.0163469006989883,2.24971950790941E-18));
#5353=CARTESIAN_POINT('',(0.0240993700366216,-0.0163469006989883,-0.001));
#5354=CARTESIAN_POINT('',(0.0230395418547862,-0.0152416001842221,1.97866896478553E-18));
#5355=CARTESIAN_POINT('',(0.0230395418547861,-0.015241600184222,-0.001));
#5356=CARTESIAN_POINT('',(0.0225513759142116,-0.0135881557523168,2.13323497697915E-18));
#5357=CARTESIAN_POINT('',(0.0225513759142116,-0.0135881557523168,-0.001));
#5358=CARTESIAN_POINT('',(0.0257308604597121,-0.0169040572966135,0.));
#5359=CARTESIAN_POINT('',(0.0249698166734885,-0.0166441596223294,0.));
#5360=CARTESIAN_POINT('',(0.0235517301051954,-0.015813908333731,-5.42101086242752E-20));
#5361=CARTESIAN_POINT('',(0.0227792817757279,-0.0143600852262956,1.0842021724855E-19));
#5362=CARTESIAN_POINT('',(0.0225513759142124,-0.0135881557523194,1.0842021724855E-19));
#5363=CARTESIAN_POINT('',(0.0257308604597092,-0.0169040572966126,-5.01443504774546E-19));
#5364=CARTESIAN_POINT('',(0.0225513759142115,-0.0135881557523163,-1.13163601753174E-18));
#5365=CARTESIAN_POINT('',(0.0257308604597161,-0.0169040572966149,1.62630325872826E-18));
#5366=CARTESIAN_POINT('',(0.0257308604597168,-0.0169040572966151,-0.000333333333333332));
#5367=CARTESIAN_POINT('',(0.0257308604597175,-0.0169040572966153,-0.000666666666666666));
#5368=CARTESIAN_POINT('',(0.0257308604597182,-0.0169040572966156,-0.000999999999999999));
#5369=CARTESIAN_POINT('',(0.0257308604597183,-0.0169040572966156,-0.001));
#5370=CARTESIAN_POINT('',(0.0257308604597183,-0.0169040572966156,-0.001));
#5371=CARTESIAN_POINT('',(0.0240993700366217,-0.0163469006989883,-0.000999999999999999));
#5372=CARTESIAN_POINT('',(0.0230395418547862,-0.0152416001842221,-0.001));
#5373=CARTESIAN_POINT('',(0.0225513759142116,-0.0135881557523168,-0.001));
#5374=CARTESIAN_POINT('',(0.0225513759142117,-0.0135881557523168,-0.001));
#5375=CARTESIAN_POINT('',(0.0225513759142117,-0.0135881557523168,-1.30104260698261E-18));
#5376=CARTESIAN_POINT('',(0.0225513759142117,-0.0135881557523168,-0.000333333333333334));
#5377=CARTESIAN_POINT('',(0.0225513759142117,-0.0135881557523168,-0.000666666666666667));
#5378=CARTESIAN_POINT('',(0.0225513759142117,-0.0135881557523168,-0.001));
#5379=CARTESIAN_POINT('',(0.0167969372189393,-0.0135881554835578,3.12701229885317E-18));
#5380=CARTESIAN_POINT('',(0.0167969372189393,-0.0135881554835578,-0.001));
#5381=CARTESIAN_POINT('',(0.016308771938694,-0.0152415971101666,3.05383611916743E-18));
#5382=CARTESIAN_POINT('',(0.016308771938694,-0.0152415971101666,-0.001));
#5383=CARTESIAN_POINT('',(0.0152489458019852,-0.0163468967922612,3.23453648124879E-18));
#5384=CARTESIAN_POINT('',(0.0152489458019852,-0.0163468967922612,-0.001));
#5385=CARTESIAN_POINT('',(0.0136174588088128,-0.0169040545298415,3.4301707575515E-18));
#5386=CARTESIAN_POINT('',(0.0136174588088128,-0.0169040545298416,-0.001));
#5387=CARTESIAN_POINT('',(0.0167969372189386,-0.0135881554835599,0.));
#5388=CARTESIAN_POINT('',(0.0165692219803588,-0.0143594390420526,0.));
#5389=CARTESIAN_POINT('',(0.0157992435629097,-0.0158111316829118,1.0842021724855E-19));
#5390=CARTESIAN_POINT('',(0.0143791373661314,-0.0166439390011614,-2.16840434497101E-19));
#5391=CARTESIAN_POINT('',(0.013617458808833,-0.0169040545298346,-2.16840434497101E-19));
#5392=CARTESIAN_POINT('',(0.0167969372189393,-0.0135881554835578,0.));
#5393=CARTESIAN_POINT('',(0.0136174588088125,-0.0169040545298416,3.59141969635823E-18));
#5394=CARTESIAN_POINT('',(0.0167969372189393,-0.0135881554835578,-0.001));
#5395=CARTESIAN_POINT('',(0.0167969372189393,-0.0135881554835578,-0.000666666666666667));
#5396=CARTESIAN_POINT('',(0.0167969372189393,-0.0135881554835578,-0.000333333333333333));
#5397=CARTESIAN_POINT('',(0.0167969372189393,-0.0135881554835578,4.33680868994202E-19));
#5398=CARTESIAN_POINT('',(0.0167969372189393,-0.0135881554835578,-0.001));
#5399=CARTESIAN_POINT('',(0.0167969372189393,-0.0135881554835578,-0.001));
#5400=CARTESIAN_POINT('',(0.016308771938694,-0.0152415971101666,-0.001));
#5401=CARTESIAN_POINT('',(0.0152489458019852,-0.0163468967922612,-0.001));
#5402=CARTESIAN_POINT('',(0.0136174588088128,-0.0169040545298416,-0.001));
#5403=CARTESIAN_POINT('',(0.0136174588088128,-0.0169040545298416,-0.000999999999999999));
#5404=CARTESIAN_POINT('',(0.0136174588088136,-0.0169040545298413,-0.000666666666666665));
#5405=CARTESIAN_POINT('',(0.0136174588088144,-0.016904054529841,-0.000333333333333331));
#5406=CARTESIAN_POINT('',(0.0136174588088153,-0.0169040545298407,3.46944695195361E-18));
#5407=CARTESIAN_POINT('',(0.0245736184408931,-0.0534812726572536,-0.000999999999999999));
#5408=CARTESIAN_POINT('',(0.0245736184408931,-0.0534812726572536,1.51788304147971E-18));
#5409=CARTESIAN_POINT('',(0.0261021506591807,-0.0531833169482533,-0.000999999999999999));
#5410=CARTESIAN_POINT('',(0.0261021506591807,-0.0531833169482533,1.51788304147971E-18));
#5411=CARTESIAN_POINT('',(0.0290081795256114,-0.0517411849298468,-0.000999999999999999));
#5412=CARTESIAN_POINT('',(0.0290081795256114,-0.0517411849298468,1.51788304147971E-18));
#5413=CARTESIAN_POINT('',(0.0335345624653593,-0.046254743762003,-0.000999999999999999));
#5414=CARTESIAN_POINT('',(0.0335345624653593,-0.046254743762003,1.73472347597681E-18));
#5415=CARTESIAN_POINT('',(0.0356751307524532,-0.0379895325863099,-0.000999999999999999));
#5416=CARTESIAN_POINT('',(0.0356751307524532,-0.0379895325863099,1.51788304147971E-18));
#5417=CARTESIAN_POINT('',(0.0349740701755428,-0.029506030492413,-0.000999999999999999));
#5418=CARTESIAN_POINT('',(0.0349740701755428,-0.029506030492413,1.73472347597681E-18));
#5419=CARTESIAN_POINT('',(0.0330805504012511,-0.023741704735657,-0.000999999999999999));
#5420=CARTESIAN_POINT('',(0.0330805504012511,-0.023741704735657,1.73472347597681E-18));
#5421=CARTESIAN_POINT('',(0.0299877488202353,-0.0192363019923476,-0.001));
#5422=CARTESIAN_POINT('',(0.0299877488202353,-0.0192363019923476,1.30104260698261E-18));
#5423=CARTESIAN_POINT('',(0.0272158655829335,-0.0174111889292587,-0.000999999999999999));
#5424=CARTESIAN_POINT('',(0.0272158655829335,-0.0174111889292587,1.51788304147971E-18));
#5425=CARTESIAN_POINT('',(0.0257308604597092,-0.0169040572966125,-0.000999999999999999));
#5426=CARTESIAN_POINT('',(0.0257308604597092,-0.0169040572966125,1.51788304147971E-18));
#5427=CARTESIAN_POINT('',(0.0229613950007183,-0.0536376312662056,0.));
#5428=CARTESIAN_POINT('',(0.0229616587356065,-0.0536376312662286,0.));
#5429=CARTESIAN_POINT('',(0.023070913148547,-0.0536376260964147,0.));
#5430=CARTESIAN_POINT('',(0.0232891578335355,-0.0536333296951178,0.));
#5431=CARTESIAN_POINT('',(0.0237238079155524,-0.0536077584540347,0.));
#5432=CARTESIAN_POINT('',(0.0244804766118957,-0.0535187287006001,0.));
#5433=CARTESIAN_POINT('',(0.025543642267687,-0.0532672649743876,0.));
#5434=CARTESIAN_POINT('',(0.0267745330642492,-0.0527769211496428,0.));
#5435=CARTESIAN_POINT('',(0.0277528585061335,-0.0522210673429937,0.));
#5436=CARTESIAN_POINT('',(0.028503056804506,-0.0516936171632374,0.));
#5437=CARTESIAN_POINT('',(0.0289577920549111,-0.0513305038943148,0.));
#5438=CARTESIAN_POINT('',(0.029312792862229,-0.0510204876021721,0.));
#5439=CARTESIAN_POINT('',(0.0296617562636027,-0.0506976836368022,0.));
#5440=CARTESIAN_POINT('',(0.0300843095270815,-0.0502727156465902,0.));
#5441=CARTESIAN_POINT('',(0.0305698518273852,-0.0497295592112294,0.));
#5442=CARTESIAN_POINT('',(0.0311881623650966,-0.0489631475516567,0.));
#5443=CARTESIAN_POINT('',(0.0319062011494422,-0.0479292962476603,0.));
#5444=CARTESIAN_POINT('',(0.0325496785734764,-0.046802390873099,0.));
#5445=CARTESIAN_POINT('',(0.0330185318268834,-0.0458494154996769,0.));
#5446=CARTESIAN_POINT('',(0.0333468569434881,-0.0451099517715272,0.));
#5447=CARTESIAN_POINT('',(0.0336006484312164,-0.0444741392745317,0.));
#5448=CARTESIAN_POINT('',(0.0337917016630803,-0.0439538747909177,0.));
#5449=CARTESIAN_POINT('',(0.0339740630467349,-0.0434278403761207,0.));
#5450=CARTESIAN_POINT('',(0.0341856536214173,-0.0427601385744477,0.));
#5451=CARTESIAN_POINT('',(0.0344892814817085,-0.0416718600580937,0.));
#5452=CARTESIAN_POINT('',(0.0348031955613829,-0.0402775124887114,0.));
#5453=CARTESIAN_POINT('',(0.0350289309575254,-0.0388467513402424,0.));
#5454=CARTESIAN_POINT('',(0.0351559799577072,-0.0376856295368668,0.));
#5455=CARTESIAN_POINT('',(0.035224302572373,-0.036807878500381,0.));
#5456=CARTESIAN_POINT('',(0.035258593236792,-0.0360717364596121,0.));
#5457=CARTESIAN_POINT('',(0.0352723229479184,-0.0354807712632095,0.));
#5458=CARTESIAN_POINT('',(0.0352757378847354,-0.0350364646532801,0.));
#5459=CARTESIAN_POINT('',(0.0352722387730409,-0.0345921586982922,0.));
#5460=CARTESIAN_POINT('',(0.0352583971024055,-0.0340011961136214,0.));
#5461=CARTESIAN_POINT('',(0.0352239669747499,-0.0332650605825109,0.));
#5462=CARTESIAN_POINT('',(0.0351554780692988,-0.0323873225056585,0.));
#5463=CARTESIAN_POINT('',(0.035028209094123,-0.0312262247928542,0.));
#5464=CARTESIAN_POINT('',(0.0348022026409456,-0.0297955064361668,0.));
#5465=CARTESIAN_POINT('',(0.0344880244044573,-0.0284012183635731,0.));
#5466=CARTESIAN_POINT('',(0.0341841903726743,-0.0273129973897661,0.));
#5467=CARTESIAN_POINT('',(0.0339724733041025,-0.0266453356864111,0.));
#5468=CARTESIAN_POINT('',(0.0337900122652555,-0.0261193358298501,0.));
#5469=CARTESIAN_POINT('',(0.0335988604714823,-0.0255991075510598,0.));
#5470=CARTESIAN_POINT('',(0.0333449485321263,-0.0249633431468727,0.));
#5471=CARTESIAN_POINT('',(0.0330164833282601,-0.0242239416339641,0.));
#5472=CARTESIAN_POINT('',(0.0325474495398271,-0.0232710551030026,0.));
#5473=CARTESIAN_POINT('',(0.0319037586324502,-0.022144271656986,0.));
#5474=CARTESIAN_POINT('',(0.0311855239954141,-0.0211105564056904,0.));
#5475=CARTESIAN_POINT('',(0.030567068270296,-0.0203442619002667,0.));
#5476=CARTESIAN_POINT('',(0.0300814230764336,-0.0198011974617915,0.));
#5477=CARTESIAN_POINT('',(0.0296587893093463,-0.0193763095329219,0.));
#5478=CARTESIAN_POINT('',(0.0293097647582599,-0.0190535716852873,0.));
#5479=CARTESIAN_POINT('',(0.0289547052239926,-0.0187436226544515,0.));
#5480=CARTESIAN_POINT('',(0.0284999011890799,-0.0183805955427149,0.));
#5481=CARTESIAN_POINT('',(0.0277496029774855,-0.0178532874992675,0.));
#5482=CARTESIAN_POINT('',(0.0267711722453391,-0.0172976190486644,0.));
#5483=CARTESIAN_POINT('',(0.0255401885740683,-0.0168075084278942,0.));
#5484=CARTESIAN_POINT('',(0.0244769752969586,-0.0165562461254444,0.));
#5485=CARTESIAN_POINT('',(0.023720289747297,-0.0164673597262831,0.));
#5486=CARTESIAN_POINT('',(0.0232858977722828,-0.0164418862506084,0.));
#5487=CARTESIAN_POINT('',(0.0230681805386733,-0.0164376312151951,0.));
#5488=CARTESIAN_POINT('',(0.0229594535959724,-0.016437631205684,0.));
#5489=CARTESIAN_POINT('',(0.0247919312342446,-0.0534357740614826,0.));
#5490=CARTESIAN_POINT('',(0.0247919312342446,-0.0534357740614826,1.7347234759768E-18));
#5491=CARTESIAN_POINT('',(0.0247919312342446,-0.0534357740614826,-0.000997124040525614));
#5492=CARTESIAN_POINT('',(0.0247919312342446,-0.0534357740614826,-0.000997124040525614));
#5493=CARTESIAN_POINT('',(0.0247919312342446,-0.0534357740614826,-0.000998082694368254));
#5494=CARTESIAN_POINT('',(0.0247919304434178,-0.0534357742369877,-0.000999041347526382));
#5495=CARTESIAN_POINT('',(0.024791928861765,-0.053435774587997,-0.001));
#5496=CARTESIAN_POINT('',(0.0247919288617651,-0.0534357745879969,-0.001));
#5497=CARTESIAN_POINT('',(0.0247919288617651,-0.0534357745879969,-0.001));
#5498=CARTESIAN_POINT('',(0.0256969963729811,-0.0532349168987056,-0.001));
#5499=CARTESIAN_POINT('',(0.0274539810283511,-0.0525320193681694,-0.000999999999999998));
#5500=CARTESIAN_POINT('',(0.0304261455367581,-0.0502360832323411,-0.001));
#5501=CARTESIAN_POINT('',(0.0325354183594724,-0.047111882177674,-0.000999999999999999));
#5502=CARTESIAN_POINT('',(0.0339373567993171,-0.0437023603995284,-0.000999999999999999));
#5503=CARTESIAN_POINT('',(0.0349336591467647,-0.040102597880488,-0.000999999999999999));
#5504=CARTESIAN_POINT('',(0.0354464468357126,-0.0355441206028801,-0.001));
#5505=CARTESIAN_POINT('',(0.0350794013144368,-0.0308826880530042,-0.000999999999999995));
#5506=CARTESIAN_POINT('',(0.0342358852198755,-0.0273218442834873,-0.000999999999999999));
#5507=CARTESIAN_POINT('',(0.0329783230019685,-0.0238258512377898,-0.001));
#5508=CARTESIAN_POINT('',(0.0310361225093853,-0.0205916794746045,-0.000999999999999993));
#5509=CARTESIAN_POINT('',(0.0282797421980704,-0.0180829253775801,-0.001));
#5510=CARTESIAN_POINT('',(0.026610228113095,-0.0172043627614119,-0.000999999999999999));
#5511=CARTESIAN_POINT('',(0.0257308604597183,-0.0169040572966156,-0.000999999999999999));
#5512=CARTESIAN_POINT('',(0.0136174588088153,-0.0169040545298407,-0.000999999999999999));
#5513=CARTESIAN_POINT('',(0.0136174588088153,-0.0169040545298407,3.46944695195361E-18));
#5514=CARTESIAN_POINT('',(0.0121356284619019,-0.0174101040705454,-0.000999999999999999));
#5515=CARTESIAN_POINT('',(0.0121356284619019,-0.0174101040705454,3.46944695195361E-18));
#5516=CARTESIAN_POINT('',(0.0093692372270629,-0.0192295991034318,-0.000999999999999999));
#5517=CARTESIAN_POINT('',(0.0093692372270629,-0.0192295991034318,3.25260651745651E-18));
#5518=CARTESIAN_POINT('',(0.00627965776321372,-0.0237202819228932,-0.000999999999999999));
#5519=CARTESIAN_POINT('',(0.00627965776321372,-0.0237202819228932,3.68628738645072E-18));
#5520=CARTESIAN_POINT('',(0.0043836183300351,-0.0294672590690591,-0.000999999999999999));
#5521=CARTESIAN_POINT('',(0.0043836183300351,-0.0294672590690591,3.25260651745651E-18));
#5522=CARTESIAN_POINT('',(0.00367052408770913,-0.0379287047571707,-0.000999999999999999));
#5523=CARTESIAN_POINT('',(0.00367052408770913,-0.0379287047571707,3.25260651745651E-18));
#5524=CARTESIAN_POINT('',(0.00578782603365715,-0.0461869636768859,-0.000999999999999999));
#5525=CARTESIAN_POINT('',(0.00578782603365715,-0.0461869636768859,3.25260651745651E-18));
#5526=CARTESIAN_POINT('',(0.0102837183159,-0.0516906934363264,-0.000999999999999999));
#5527=CARTESIAN_POINT('',(0.0102837183159,-0.0516906934363264,3.46944695195361E-18));
#5528=CARTESIAN_POINT('',(0.0131754129578197,-0.053154068065717,-0.000999999999999999));
#5529=CARTESIAN_POINT('',(0.0131754129578197,-0.053154068065717,3.25260651745651E-18));
#5530=CARTESIAN_POINT('',(0.0146983025511842,-0.0534656293873919,-0.000999999999999999));
#5531=CARTESIAN_POINT('',(0.0146983025511842,-0.0534656293873919,3.25260651745651E-18));
#5532=CARTESIAN_POINT('',(0.0144808121488719,-0.0534182050647719,-0.001));
#5533=CARTESIAN_POINT('',(0.0144808105675226,-0.0534182046985999,-0.000999041347528967));
#5534=CARTESIAN_POINT('',(0.0144808097768478,-0.0534182045155135,-0.000998082694370839));
#5535=CARTESIAN_POINT('',(0.0144808097768478,-0.0534182045155135,-0.000997124040525614));
#5536=CARTESIAN_POINT('',(0.0144808097768477,-0.0534182045155135,-0.000997124040525613));
#5537=CARTESIAN_POINT('',(0.0144808097768477,-0.0534182045155135,-0.000997124040525613));
#5538=CARTESIAN_POINT('',(0.0144808097768472,-0.0534182045155134,1.7347234759768E-18));
#5539=CARTESIAN_POINT('',(0.0163888594578318,-0.0164376312359448,1.7347234759768E-18));
#5540=CARTESIAN_POINT('',(0.016279868073675,-0.0164376312359448,1.7347234759768E-18));
#5541=CARTESIAN_POINT('',(0.0160618853053616,-0.0164419017795638,1.7347234759768E-18));
#5542=CARTESIAN_POINT('',(0.0156272299753563,-0.0164674317454586,1.7347234759768E-18));
#5543=CARTESIAN_POINT('',(0.0148705478653965,-0.0165563894714655,1.7347234759768E-18));
#5544=CARTESIAN_POINT('',(0.0138073510503021,-0.0168077515579564,1.7347234759768E-18));
#5545=CARTESIAN_POINT('',(0.0125764044320399,-0.0172979773267509,1.7347234759768E-18));
#5546=CARTESIAN_POINT('',(0.0115980181005475,-0.017853737265596,1.7347234759768E-18));
#5547=CARTESIAN_POINT('',(0.0108477631103436,-0.018381115564186,1.7347234759768E-18));
#5548=CARTESIAN_POINT('',(0.0103929892306101,-0.0187441853187103,1.7347234759768E-18));
#5549=CARTESIAN_POINT('',(0.0100379556714625,-0.0190541676808707,1.7347234759768E-18));
#5550=CARTESIAN_POINT('',(0.00968895831454212,-0.0193769383218991,1.7347234759768E-18));
#5551=CARTESIAN_POINT('',(0.00926636062041613,-0.0198018660155841,1.7347234759768E-18));
#5552=CARTESIAN_POINT('',(0.0087807619611229,-0.020344976236949,1.7347234759768E-18));
#5553=CARTESIAN_POINT('',(0.00816237245545982,-0.0211113291629483,1.7347234759768E-18));
#5554=CARTESIAN_POINT('',(0.0074442281675896,-0.0221451124721588,1.7347234759768E-18));
#5555=CARTESIAN_POINT('',(0.00680063707596974,-0.0232719571595526,1.7347234759768E-18));
#5556=CARTESIAN_POINT('',(0.00633168846171005,-0.0242248884476455,1.7347234759768E-18));
#5557=CARTESIAN_POINT('',(0.00600328971637955,-0.0249643213700504,1.7347234759768E-18));
#5558=CARTESIAN_POINT('',(0.00574943522043641,-0.0256001101081966,1.7347234759768E-18));
#5559=CARTESIAN_POINT('',(0.00555833060817482,-0.0261203567382398,1.7347234759768E-18));
#5560=CARTESIAN_POINT('',(0.00537591739015524,-0.0266463741336128,1.7347234759768E-18));
#5561=CARTESIAN_POINT('',(0.00516426123569076,-0.0273140562291847,1.7347234759768E-18));
#5562=CARTESIAN_POINT('',(0.00486052693569052,-0.0284023065559195,1.7347234759768E-18));
#5563=CARTESIAN_POINT('',(0.00454647730205081,-0.0297966251545384,1.7347234759768E-18));
#5564=CARTESIAN_POINT('',(0.0043206038738584,-0.031227365730122,1.7347234759768E-18));
#5565=CARTESIAN_POINT('',(0.00419344347598398,-0.0323884761643892,1.7347234759768E-18));
#5566=CARTESIAN_POINT('',(0.0041250369570743,-0.0332662212351298,1.7347234759768E-18));
#5567=CARTESIAN_POINT('',(0.00409067617979553,-0.0340023604537151,1.7347234759768E-18));
#5568=CARTESIAN_POINT('',(0.00407689033595039,-0.0345933246919853,1.7347234759768E-18));
#5569=CARTESIAN_POINT('',(0.00407343327333538,-0.0350376312359447,1.7347234759768E-18));
#5570=CARTESIAN_POINT('',(0.00407689033595039,-0.0354819377799043,1.7347234759768E-18));
#5571=CARTESIAN_POINT('',(0.00409067617979553,-0.0360729020181745,1.7347234759768E-18));
#5572=CARTESIAN_POINT('',(0.00412503695707431,-0.0368090412367598,1.7347234759768E-18));
#5573=CARTESIAN_POINT('',(0.00419344347598398,-0.0376867863075003,1.7347234759768E-18));
#5574=CARTESIAN_POINT('',(0.00432060387385841,-0.0388478967417676,1.7347234759768E-18));
#5575=CARTESIAN_POINT('',(0.00454647730205081,-0.0402786373173511,1.7347234759768E-18));
#5576=CARTESIAN_POINT('',(0.00486052693569053,-0.0416729559159701,1.7347234759768E-18));
#5577=CARTESIAN_POINT('',(0.00516426123569076,-0.0427612062427048,1.7347234759768E-18));
#5578=CARTESIAN_POINT('',(0.00537591739015524,-0.0434288883382768,1.7347234759768E-18));
#5579=CARTESIAN_POINT('',(0.00555833060817482,-0.0439549057336497,1.7347234759768E-18));
#5580=CARTESIAN_POINT('',(0.00574943522043641,-0.0444751523636931,1.7347234759768E-18));
#5581=CARTESIAN_POINT('',(0.00600328971637955,-0.0451109411018392,1.7347234759768E-18));
#5582=CARTESIAN_POINT('',(0.00633168846171005,-0.045850374024244,1.7347234759768E-18));
#5583=CARTESIAN_POINT('',(0.00680063707596974,-0.046803305312337,1.7347234759768E-18));
#5584=CARTESIAN_POINT('',(0.00744422816758961,-0.0479301499997308,1.7347234759768E-18));
#5585=CARTESIAN_POINT('',(0.00816237245545982,-0.0489639333089413,1.7347234759768E-18));
#5586=CARTESIAN_POINT('',(0.0087807619611229,-0.0497302862349405,1.7347234759768E-18));
#5587=CARTESIAN_POINT('',(0.00926636062041614,-0.0502733964563055,1.7347234759768E-18));
#5588=CARTESIAN_POINT('',(0.00968895831454212,-0.0506983241499904,1.7347234759768E-18));
#5589=CARTESIAN_POINT('',(0.0100379556714625,-0.0510210947910189,1.7347234759768E-18));
#5590=CARTESIAN_POINT('',(0.0103929892306101,-0.0513310771531793,1.7347234759768E-18));
#5591=CARTESIAN_POINT('',(0.0108477631103436,-0.0516941469077036,1.7347234759768E-18));
#5592=CARTESIAN_POINT('',(0.0115980181005475,-0.0522215252062936,1.7347234759768E-18));
#5593=CARTESIAN_POINT('',(0.0125764044320399,-0.0527772851451387,1.7347234759768E-18));
#5594=CARTESIAN_POINT('',(0.0138073510503022,-0.0532675109139332,1.7347234759768E-18));
#5595=CARTESIAN_POINT('',(0.0148705478653966,-0.0535188730004241,1.7347234759768E-18));
#5596=CARTESIAN_POINT('',(0.0156272299753563,-0.0536078307264309,1.7347234759768E-18));
#5597=CARTESIAN_POINT('',(0.016061885305352,-0.0536333606923252,1.7347234759768E-18));
#5598=CARTESIAN_POINT('',(0.0162798680736559,-0.0536376312359444,1.7347234759768E-18));
#5599=CARTESIAN_POINT('',(0.0163888594578031,-0.0536376312359448,1.7347234759768E-18));
#5600=CARTESIAN_POINT('',(0.019674156526901,-0.0144376312359448,0.002002));
#5601=CARTESIAN_POINT('',(0.019674156526901,-0.0144376312359448,0.));
#5602=CARTESIAN_POINT('',(0.0225513759142117,-0.0135881557523168,-0.001));
#5603=CARTESIAN_POINT('',(0.0225513759142059,-0.013588155752297,-0.00106655113530917));
#5604=CARTESIAN_POINT('',(0.0225514442018208,-0.0135883869435256,-0.00113320776991013));
#5605=CARTESIAN_POINT('',(0.0225515806098459,-0.013588849375341,-0.00119996990380287));
#5606=CARTESIAN_POINT('',(0.0225515850012837,-0.0135888494954121,-0.00119996989399863));
#5607=CARTESIAN_POINT('',(0.019674156526901,-0.0144376312359448,-0.0012));
#5608=CARTESIAN_POINT('',(0.0167967178859221,-0.0135888462226828,-0.00119988700200932));
#5609=CARTESIAN_POINT('',(0.0167967322400971,-0.0135888500664363,-0.00119988700472025));
#5610=CARTESIAN_POINT('',(0.0167968688367555,-0.0135883869947326,-0.00113319461133339));
#5611=CARTESIAN_POINT('',(0.0167969372189274,-0.013588155483598,-0.00106656560975997));
#5612=CARTESIAN_POINT('',(0.0167969372189393,-0.0135881554835578,-0.001));
#5613=CARTESIAN_POINT('',(0.0196741565269013,-0.0144376312359448,0.002002));
#5614=CARTESIAN_POINT('',(0.0196741565269013,-0.0144376312359448,-0.002));
#5615=CARTESIAN_POINT('',(0.0206431845549747,-0.0141906804699852,-0.002));
#5616=CARTESIAN_POINT('',(0.0187051284988278,-0.0141906804699852,-0.002));
#5617=CARTESIAN_POINT('',(0.0206431845549747,-0.0141906804699852,-0.002));
#5618=CARTESIAN_POINT('',(0.0207198875637549,-0.014491660971328,-0.002));
#5619=CARTESIAN_POINT('',(0.0205778154434059,-0.0151401134419737,-0.00211712406451881));
#5620=CARTESIAN_POINT('',(0.0196748567057205,-0.0155866929894581,-0.00234866375845805));
#5621=CARTESIAN_POINT('',(0.0187692175023626,-0.0151389018231754,-0.00211677932721586));
#5622=CARTESIAN_POINT('',(0.0186283888727232,-0.0144918046567044,-0.002));
#5623=CARTESIAN_POINT('',(0.0187051284988278,-0.0141906804699852,-0.002));
#5624=CARTESIAN_POINT('',(0.0196741565269013,-0.0144376312359448,0.));
#5625=CARTESIAN_POINT('',(0.0206741565269013,-0.0144376312359448,0.));
#5626=CARTESIAN_POINT('',(0.0225513759142117,-0.0135881557523168,-0.001));
#5627=CARTESIAN_POINT('',(0.0225513759142011,-0.0135881557522808,-0.00112109681341281));
#5628=CARTESIAN_POINT('',(0.0225516139018653,-0.0135889225878715,-0.00124241508733966));
#5629=CARTESIAN_POINT('',(0.0225520750870645,-0.0135904446754796,-0.00136380736692814));
#5630=CARTESIAN_POINT('',(0.0232836248250731,-0.016068322400175,-0.001));
#5631=CARTESIAN_POINT('',(0.0232836248250871,-0.0160683224001099,-0.00109158738765607));
#5632=CARTESIAN_POINT('',(0.0232833108046633,-0.0160696312518744,-0.00118333742630851));
#5633=CARTESIAN_POINT('',(0.0232826658565024,-0.0160722159770744,-0.00127510364777459));
#5634=CARTESIAN_POINT('',(0.0257308604597183,-0.0169040572966156,-0.001));
#5635=CARTESIAN_POINT('',(0.0257308604596744,-0.0169040572966007,-0.00107452111594432));
#5636=CARTESIAN_POINT('',(0.0257312840424883,-0.0169053268005933,-0.00114917851528297));
#5637=CARTESIAN_POINT('',(0.0257321066357409,-0.0169078468671263,-0.00122388145656794));
#5638=CARTESIAN_POINT('',(0.0257308604597183,-0.0169040572966157,-0.001));
#5639=CARTESIAN_POINT('',(0.0257308487917785,-0.0169040533119955,-0.00107386487309054));
#5640=CARTESIAN_POINT('',(0.0257312532792841,-0.0169052965710254,-0.00114786388209865));
#5641=CARTESIAN_POINT('',(0.0257320499623985,-0.0169077686295154,-0.00122190866133271));
#5642=CARTESIAN_POINT('',(0.0257088872324662,-0.0168997996199657,-0.00122242393349539));
#5643=CARTESIAN_POINT('',(0.0257320919599584,-0.0169078019099311,-0.00122254482830296));
#5644=CARTESIAN_POINT('',(0.0249710453751996,-0.0166475769553039,-0.00121857923457996));
#5645=CARTESIAN_POINT('',(0.0235493251841447,-0.0158139301564025,-0.00120946204355747));
#5646=CARTESIAN_POINT('',(0.0227791541081027,-0.0143602985637883,-0.00120220402408958));
#5647=CARTESIAN_POINT('',(0.0225515893288549,-0.0135888494069862,-0.00119993977310584));
#5648=CARTESIAN_POINT('',(0.0136174588088128,-0.0169040545298416,-0.001));
#5649=CARTESIAN_POINT('',(0.0136174588087403,-0.0169040545298663,-0.00107459680449067));
#5650=CARTESIAN_POINT('',(0.0136169969287593,-0.016905310130767,-0.00114910000899142));
#5651=CARTESIAN_POINT('',(0.0136161106156858,-0.0169078040834435,-0.00122348736983312));
#5652=CARTESIAN_POINT('',(0.0160646892985744,-0.0160683179234727,-0.001));
#5653=CARTESIAN_POINT('',(0.0160646892986057,-0.016068317923597,-0.00109168631792734));
#5654=CARTESIAN_POINT('',(0.0160649532303106,-0.0160696536477983,-0.00118325276765602));
#5655=CARTESIAN_POINT('',(0.0160655131294785,-0.0160722811790687,-0.00127463735347127));
#5656=CARTESIAN_POINT('',(0.0167969372189393,-0.0135881554835578,-0.001));
#5657=CARTESIAN_POINT('',(0.0167969372189177,-0.0135881554836311,-0.00112121980730776));
#5658=CARTESIAN_POINT('',(0.0167966755996773,-0.0135889142069408,-0.00124228751462923));
#5659=CARTESIAN_POINT('',(0.0167961750503228,-0.013590421001584,-0.00136316697600251));
#5660=CARTESIAN_POINT('',(0.0167967037939923,-0.013588841602816,-0.00119977398169758));
#5661=CARTESIAN_POINT('',(0.0165712491365091,-0.0143531096129944,-0.0012019621467994));
#5662=CARTESIAN_POINT('',(0.0157993265378281,-0.0158185004070509,-0.00120920422589978));
#5663=CARTESIAN_POINT('',(0.0143701052931119,-0.0166499961441294,-0.00121840662097445));
#5664=CARTESIAN_POINT('',(0.0136161264292799,-0.0169077595910338,-0.00122215633618179));
#5665=CARTESIAN_POINT('',(0.0196745855790354,-0.0350376312359564,-0.009));
#5666=CARTESIAN_POINT('',(0.0229594535959709,-0.0244376312056848,-0.009));
#5667=CARTESIAN_POINT('',(0.0230888951590644,-0.0244376314796521,-0.009));
#5668=CARTESIAN_POINT('',(0.0233271821376555,-0.0245429292749352,-0.009));
#5669=CARTESIAN_POINT('',(0.0237568134938521,-0.0248091612219372,-0.009));
#5670=CARTESIAN_POINT('',(0.0242220391940684,-0.0252348247951792,-0.009));
#5671=CARTESIAN_POINT('',(0.0247092298653597,-0.025810698898042,-0.009));
#5672=CARTESIAN_POINT('',(0.0252782207992776,-0.0266418700494217,-0.009));
#5673=CARTESIAN_POINT('',(0.0258558566307209,-0.0277430005073724,-0.009));
#5674=CARTESIAN_POINT('',(0.0263985561066324,-0.0291543420025503,-0.00900000000000001));
#5675=CARTESIAN_POINT('',(0.0267969636271978,-0.0305924703551213,-0.009));
#5676=CARTESIAN_POINT('',(0.0271658240867378,-0.0325385675091472,-0.009));
#5677=CARTESIAN_POINT('',(0.0273464827783878,-0.0350439782818756,-0.009));
#5678=CARTESIAN_POINT('',(0.0271676558275716,-0.0375206418725304,-0.009));
#5679=CARTESIAN_POINT('',(0.0268004084157984,-0.0394730015873608,-0.009));
#5680=CARTESIAN_POINT('',(0.0263979389854035,-0.0409257370128425,-0.009));
#5681=CARTESIAN_POINT('',(0.025857046819627,-0.0423325944438493,-0.00900000000000001));
#5682=CARTESIAN_POINT('',(0.0252750560836333,-0.0434406338372849,-0.00899999999999999));
#5683=CARTESIAN_POINT('',(0.0247110542811058,-0.0442637807157043,-0.009));
#5684=CARTESIAN_POINT('',(0.0242227848161357,-0.0448420736694489,-0.009));
#5685=CARTESIAN_POINT('',(0.0237530214159945,-0.0452698918250108,-0.009));
#5686=CARTESIAN_POINT('',(0.0233293268705408,-0.0455322411958802,-0.009));
#5687=CARTESIAN_POINT('',(0.0230895183433383,-0.0456376312766056,-0.009));
#5688=CARTESIAN_POINT('',(0.0229613957005673,-0.0456376312662056,-0.009));
#5689=CARTESIAN_POINT('',(0.0229594535959724,-0.016437631205684,-0.000999999999999999));
#5690=CARTESIAN_POINT('',(0.0229594535959724,-0.016437631205684,-0.009));
#5691=CARTESIAN_POINT('',(0.0229594528961628,-0.024437631205684,-0.009));
#5692=CARTESIAN_POINT('',(0.023350792633043,-0.0164376312399169,-0.00100000000000004));
#5693=CARTESIAN_POINT('',(0.0233507926330422,-0.0164376412021663,-0.009));
#5694=CARTESIAN_POINT('',(0.0229756330635931,-0.0244376313701449,-0.009));
#5695=CARTESIAN_POINT('',(0.0240601066756161,-0.0164942521425518,-0.00099999999999998));
#5696=CARTESIAN_POINT('',(0.0240601066756164,-0.0164942475196699,-0.009));
#5697=CARTESIAN_POINT('',(0.0230075599130403,-0.0244399159799353,-0.009));
#5698=CARTESIAN_POINT('',(0.0247923223208899,-0.0166327355325633,-0.001));
#5699=CARTESIAN_POINT('',(0.0247923223208898,-0.0166327367692759,-0.009));
#5700=CARTESIAN_POINT('',(0.0230545045172245,-0.0244483894254814,-0.009));
#5701=CARTESIAN_POINT('',(0.0253184756795275,-0.0167694696365469,-0.000999999999999998));
#5702=CARTESIAN_POINT('',(0.0253184756795275,-0.0167694693125785,-0.009));
#5703=CARTESIAN_POINT('',(0.0231007801215715,-0.0244602377769867,-0.009));
#5704=CARTESIAN_POINT('',(0.025897796124459,-0.0169548030270651,-0.000999999999999999));
#5705=CARTESIAN_POINT('',(0.025897796124459,-0.0169548032139362,-0.009));
#5706=CARTESIAN_POINT('',(0.023161948901113,-0.0244796527203402,-0.009));
#5707=CARTESIAN_POINT('',(0.0264253083684266,-0.0171664471930053,-0.001));
#5708=CARTESIAN_POINT('',(0.0264253083684266,-0.0171664471310075,-0.00900000000000001));
#5709=CARTESIAN_POINT('',(0.023235882532792,-0.0245087763401381,-0.00900000000000001));
#5710=CARTESIAN_POINT('',(0.0270973982391507,-0.0174843760233673,-0.001));
#5711=CARTESIAN_POINT('',(0.0270973982391507,-0.0174843760591616,-0.00900000000000001));
#5712=CARTESIAN_POINT('',(0.0233503117492726,-0.0245626306139107,-0.009));
#5713=CARTESIAN_POINT('',(0.0277262216498946,-0.017847722028262,-0.001));
#5714=CARTESIAN_POINT('',(0.0277262216498946,-0.0178477220161025,-0.009));
#5715=CARTESIAN_POINT('',(0.0234874870510453,-0.0246406954254193,-0.009));
#5716=CARTESIAN_POINT('',(0.0283293644739899,-0.0182555382288776,-0.000999999999999999));
#5717=CARTESIAN_POINT('',(0.0283293644739899,-0.0182555382321305,-0.009));
#5718=CARTESIAN_POINT('',(0.0236459251273815,-0.0247473634957054,-0.009));
#5719=CARTESIAN_POINT('',(0.028826340292927,-0.0186373765941236,-0.000999999999999999));
#5720=CARTESIAN_POINT('',(0.028826340292927,-0.0186373765932714,-0.009));
#5721=CARTESIAN_POINT('',(0.0237965176520564,-0.0248626170753102,-0.009));
#5722=CARTESIAN_POINT('',(0.0293952872762185,-0.0191210367472103,-0.000999999999999999));
#5723=CARTESIAN_POINT('',(0.0293952872762185,-0.0191210367477023,-0.009));
#5724=CARTESIAN_POINT('',(0.0239881141642325,-0.0250251315809226,-0.009));
#5725=CARTESIAN_POINT('',(0.0299823186306621,-0.0196915389601198,-0.00100000000000001));
#5726=CARTESIAN_POINT('',(0.0299823186306621,-0.0196915389599526,-0.00900000000000001));
#5727=CARTESIAN_POINT('',(0.0242132593425494,-0.0252426746137481,-0.00900000000000001));
#5728=CARTESIAN_POINT('',(0.0305686201842728,-0.0203431623814203,-0.000999999999999997));
#5729=CARTESIAN_POINT('',(0.0305686201842728,-0.0203431623814651,-0.009));
#5730=CARTESIAN_POINT('',(0.0244650297868339,-0.025521702352878,-0.009));
#5731=CARTESIAN_POINT('',(0.0310740406080157,-0.0209745044094883,-0.001));
#5732=CARTESIAN_POINT('',(0.0310740406080157,-0.0209745044094763,-0.00900000000000001));
#5733=CARTESIAN_POINT('',(0.0247016843077118,-0.0258166863457077,-0.00900000000000001));
#5734=CARTESIAN_POINT('',(0.0315164475467542,-0.0215877630950327,-0.000999999999999998));
#5735=CARTESIAN_POINT('',(0.0315164475467542,-0.0215877630950359,-0.00899999999999999));
#5736=CARTESIAN_POINT('',(0.0249231624004867,-0.0261232468891434,-0.009));
#5737=CARTESIAN_POINT('',(0.0320362308057338,-0.0223801288413967,-0.001));
#5738=CARTESIAN_POINT('',(0.0320362308057338,-0.0223801288413949,-0.00900000000000001));
#5739=CARTESIAN_POINT('',(0.0251979440569044,-0.0265416309570216,-0.009));
#5740=CARTESIAN_POINT('',(0.0325857043502831,-0.0233394673444577,-0.000999999999999999));
#5741=CARTESIAN_POINT('',(0.0325857043502831,-0.0233394673444583,-0.00899999999999999));
#5742=CARTESIAN_POINT('',(0.0255086798024519,-0.0270824046952555,-0.009));
#5743=CARTESIAN_POINT('',(0.0331324386881784,-0.0244600604958088,-0.000999999999999999));
#5744=CARTESIAN_POINT('',(0.0331324386881784,-0.0244600604958086,-0.009));
#5745=CARTESIAN_POINT('',(0.0258372364150905,-0.0277544789099871,-0.009));
#5746=CARTESIAN_POINT('',(0.033593261266877,-0.0255640375280963,-0.001));
#5747=CARTESIAN_POINT('',(0.033593261266877,-0.0255640375280964,-0.009));
#5748=CARTESIAN_POINT('',(0.0261270494094059,-0.0284476645851791,-0.009));
#5749=CARTESIAN_POINT('',(0.0339824067972626,-0.0266555222775928,-0.000999999999999996));
#5750=CARTESIAN_POINT('',(0.0339824067972625,-0.0266555222775928,-0.009));
#5751=CARTESIAN_POINT('',(0.0263806172138154,-0.0291580048015864,-0.009));
#5752=CARTESIAN_POINT('',(0.0343065112472028,-0.0277251394789972,-0.001));
#5753=CARTESIAN_POINT('',(0.0343065112472028,-0.0277251394789973,-0.009));
#5754=CARTESIAN_POINT('',(0.0265975254444147,-0.0298731521253953,-0.009));
#5755=CARTESIAN_POINT('',(0.0346658687468211,-0.0291344061594791,-0.000999999999999995));
#5756=CARTESIAN_POINT('',(0.0346658687468211,-0.0291344061594791,-0.00899999999999999));
#5757=CARTESIAN_POINT('',(0.0268432020079972,-0.0308357187021838,-0.00899999999999999));
#5758=CARTESIAN_POINT('',(0.0349940135037685,-0.0308737606378339,-0.001));
#5759=CARTESIAN_POINT('',(0.0349940135037685,-0.0308737606378339,-0.009));
#5760=CARTESIAN_POINT('',(0.0270736020683198,-0.0320534307708669,-0.009));
#5761=CARTESIAN_POINT('',(0.0352238264583702,-0.0329507196312745,-0.000999999999999999));
#5762=CARTESIAN_POINT('',(0.0352238264583702,-0.0329507196312745,-0.00899999999999999));
#5763=CARTESIAN_POINT('',(0.0272379564278244,-0.0335354731400886,-0.009));
#5764=CARTESIAN_POINT('',(0.0352997790014695,-0.0350415455290374,-0.000999999999999999));
#5765=CARTESIAN_POINT('',(0.0352997790014695,-0.0350415455290374,-0.009));
#5766=CARTESIAN_POINT('',(0.0272927656885551,-0.0350408816669877,-0.009));
#5767=CARTESIAN_POINT('',(0.035224571384724,-0.0371102717945866,-0.000999999999999999));
#5768=CARTESIAN_POINT('',(0.035224571384724,-0.0371102717945866,-0.009));
#5769=CARTESIAN_POINT('',(0.0272384947172279,-0.0365303711974124,-0.009));
#5770=CARTESIAN_POINT('',(0.0349974391345308,-0.0391816463465385,-0.000999999999999999));
#5771=CARTESIAN_POINT('',(0.0349974391345308,-0.0391816463465385,-0.00900000000000001));
#5772=CARTESIAN_POINT('',(0.0270760451563974,-0.0380085964070145,-0.009));
#5773=CARTESIAN_POINT('',(0.0346702489336607,-0.0409244986603409,-0.001));
#5774=CARTESIAN_POINT('',(0.0346702489336608,-0.0409244986603409,-0.00899999999999999));
#5775=CARTESIAN_POINT('',(0.0268462540312055,-0.0392290551350999,-0.009));
#5776=CARTESIAN_POINT('',(0.0343090114038881,-0.042344633322894,-0.000999999999999999));
#5777=CARTESIAN_POINT('',(0.0343090114038881,-0.042344633322894,-0.009));
#5778=CARTESIAN_POINT('',(0.0265992421700197,-0.0401992184294487,-0.009));
#5779=CARTESIAN_POINT('',(0.0339821201428271,-0.0434234109878738,-0.001));
#5780=CARTESIAN_POINT('',(0.0339821201428271,-0.0434234109878738,-0.009));
#5781=CARTESIAN_POINT('',(0.0263804899250303,-0.0409204184965133,-0.009));
#5782=CARTESIAN_POINT('',(0.0335945945622497,-0.0445102626152914,-0.001));
#5783=CARTESIAN_POINT('',(0.0335945945622497,-0.0445102626152913,-0.009));
#5784=CARTESIAN_POINT('',(0.0261280096309187,-0.0416276506850445,-0.009));
#5785=CARTESIAN_POINT('',(0.0331325205540962,-0.0456178827758066,-0.001));
#5786=CARTESIAN_POINT('',(0.0331325205540962,-0.0456178827758067,-0.00900000000000001));
#5787=CARTESIAN_POINT('',(0.0258374046466224,-0.0423231336675047,-0.00900000000000001));
#5788=CARTESIAN_POINT('',(0.0325827639368319,-0.0467438671772761,-0.000999999999999998));
#5789=CARTESIAN_POINT('',(0.0325827639368319,-0.0467438671772755,-0.00899999999999999));
#5790=CARTESIAN_POINT('',(0.0255071563026457,-0.0429981704434246,-0.009));
#5791=CARTESIAN_POINT('',(0.0320330106005921,-0.0477025763049835,-0.000999999999999999));
#5792=CARTESIAN_POINT('',(0.0320330106005921,-0.0477025763049852,-0.00900000000000001));
#5793=CARTESIAN_POINT('',(0.0251964703232184,-0.0435382183070635,-0.009));
#5794=CARTESIAN_POINT('',(0.0315143547588832,-0.048492505959947,-0.000999999999999999));
#5795=CARTESIAN_POINT('',(0.0315143547588832,-0.048492505959944,-0.00899999999999999));
#5796=CARTESIAN_POINT('',(0.0249224868889979,-0.0439550132544674,-0.009));
#5797=CARTESIAN_POINT('',(0.0310755979166318,-0.0491005150274015,-0.000999999999999999));
#5798=CARTESIAN_POINT('',(0.0310755979166318,-0.0491005150274131,-0.009));
#5799=CARTESIAN_POINT('',(0.0247029331827703,-0.0442588230051805,-0.009));
#5800=CARTESIAN_POINT('',(0.0305714735080454,-0.0497306711756217,-0.000999999999999999));
#5801=CARTESIAN_POINT('',(0.0305714735080454,-0.0497306711755785,-0.009));
#5802=CARTESIAN_POINT('',(0.0244668381849779,-0.0445533115099872,-0.009));
#5803=CARTESIAN_POINT('',(0.0299808550135875,-0.0503871594797627,-0.001));
#5804=CARTESIAN_POINT('',(0.0299808550135874,-0.050387159479924,-0.00899999999999999));
#5805=CARTESIAN_POINT('',(0.0242132650866446,-0.0448343605339834,-0.009));
#5806=CARTESIAN_POINT('',(0.0293893423622128,-0.0509614310797493,-0.000999999999999999));
#5807=CARTESIAN_POINT('',(0.0293893423622128,-0.0509614310792746,-0.00900000000000001));
#5808=CARTESIAN_POINT('',(0.023986680786037,-0.0450530409405434,-0.009));
#5809=CARTESIAN_POINT('',(0.0288151832247503,-0.0514483402354945,-0.000999999999999999));
#5810=CARTESIAN_POINT('',(0.0288151832247503,-0.0514483402363166,-0.009));
#5811=CARTESIAN_POINT('',(0.0237938680302661,-0.0452161838280795,-0.009));
#5812=CARTESIAN_POINT('',(0.0283192239186522,-0.0518281514723874,-0.000999999999999999));
#5813=CARTESIAN_POINT('',(0.0283192239186522,-0.0518281514692491,-0.009));
#5814=CARTESIAN_POINT('',(0.0236441819457089,-0.0453303666321581,-0.009));
#5815=CARTESIAN_POINT('',(0.0277230702379611,-0.0522303548367973,-0.000999999999999998));
#5816=CARTESIAN_POINT('',(0.0277230702379611,-0.0522303548485285,-0.009));
#5817=CARTESIAN_POINT('',(0.0234880490507639,-0.0454352720021132,-0.009));
#5818=CARTESIAN_POINT('',(0.0270973907948747,-0.0525919721158767,-0.001));
#5819=CARTESIAN_POINT('',(0.0270973907948747,-0.0525919720813433,-0.009));
#5820=CARTESIAN_POINT('',(0.0233516019232313,-0.0455129421365333,-0.00900000000000001));
#5821=CARTESIAN_POINT('',(0.0264202261140038,-0.0529119664813248,-0.000999999999999995));
#5822=CARTESIAN_POINT('',(0.0264202261140038,-0.0529119665411387,-0.009));
#5823=CARTESIAN_POINT('',(0.0232365164241177,-0.0455670348752063,-0.00899999999999999));
#5824=CARTESIAN_POINT('',(0.0258913180028055,-0.0531233659146004,-0.001));
#5825=CARTESIAN_POINT('',(0.0258913180028055,-0.0531233657343118,-0.00899999999999999));
#5826=CARTESIAN_POINT('',(0.0231627876087319,-0.0455959694883181,-0.009));
#5827=CARTESIAN_POINT('',(0.0253185988981568,-0.0533061767222539,-0.000999999999999998));
#5828=CARTESIAN_POINT('',(0.0253185988981567,-0.0533061770348106,-0.009));
#5829=CARTESIAN_POINT('',(0.0231025099251766,-0.045615063988402,-0.009));
#5830=CARTESIAN_POINT('',(0.0247962448439991,-0.0534421148494353,-0.00100000000000001));
#5831=CARTESIAN_POINT('',(0.0247962448439993,-0.0534421136562859,-0.00900000000000001));
#5832=CARTESIAN_POINT('',(0.023056526126505,-0.0456268542649194,-0.009));
#5833=CARTESIAN_POINT('',(0.0240584018578613,-0.0535817152066868,-0.000999999999999944));
#5834=CARTESIAN_POINT('',(0.0240584018578607,-0.0535817196667277,-0.00899999999999995));
#5835=CARTESIAN_POINT('',(0.0230092709704839,-0.045635385367625,-0.009));
#5836=CARTESIAN_POINT('',(0.0233489794391694,-0.0536376312998165,-0.00100000000000012));
#5837=CARTESIAN_POINT('',(0.0233489794391707,-0.0536376216884872,-0.00900000000000012));
#5838=CARTESIAN_POINT('',(0.0229774110199464,-0.0456376311192854,-0.009));
#5839=CARTESIAN_POINT('',(0.0229613950078073,-0.0536376312662056,-0.000999999999999994));
#5840=CARTESIAN_POINT('',(0.0229613950078073,-0.0536376312662056,-0.009));
#5841=CARTESIAN_POINT('',(0.0229613957015585,-0.0456376312662056,-0.009));
#5842=CARTESIAN_POINT('',(0.0229594537972845,-0.0169480315435884,-0.00381174268053402));
#5843=CARTESIAN_POINT('',(0.0232756640773786,-0.0169173596569005,-0.00373004230471901));
#5844=CARTESIAN_POINT('',(0.0238703279579005,-0.0168609849545635,-0.00347138532862204));
#5845=CARTESIAN_POINT('',(0.024498448384014,-0.0168122526727151,-0.00294454206997184));
#5846=CARTESIAN_POINT('',(0.0249171390417576,-0.016798489364824,-0.00244248839543543));
#5847=CARTESIAN_POINT('',(0.0251506681567593,-0.0168046895957432,-0.00210920741029931));
#5848=CARTESIAN_POINT('',(0.0253304851042283,-0.0168222735395292,-0.00183791563334969));
#5849=CARTESIAN_POINT('',(0.0254616322331071,-0.016841750499019,-0.00163280563215722));
#5850=CARTESIAN_POINT('',(0.0255769015775764,-0.0168664685301366,-0.00146406701560401));
#5851=CARTESIAN_POINT('',(0.0256550344006219,-0.0168851836256224,-0.0013257560409741));
#5852=CARTESIAN_POINT('',(0.0257196527874024,-0.0169047247260389,-0.00126391692332119));
#5853=CARTESIAN_POINT('',(0.0257206447102505,-0.016903847907443,-0.00122262038829978));
#5854=CARTESIAN_POINT('',(0.0247919288617651,-0.053435774587997,-0.001));
#5855=CARTESIAN_POINT('',(0.0247911602007088,-0.0534359451735961,-0.00149695106575496));
#5856=CARTESIAN_POINT('',(0.0244033996082491,-0.0534231010317816,-0.00247210264869833));
#5857=CARTESIAN_POINT('',(0.0234571214686123,-0.0534011356206817,-0.00293112964186612));
#5858=CARTESIAN_POINT('',(0.0229613951721015,-0.0533924107608587,-0.00296555208257294));
#5859=CARTESIAN_POINT('',(0.0196745852959966,-0.0325376312567546,-0.002));
#5860=CARTESIAN_POINT('',(0.0217842755807975,-0.0138151889935352,-0.002));
#5861=CARTESIAN_POINT('',(0.0218216581249278,-0.013941916665279,-0.002));
#5862=CARTESIAN_POINT('',(0.0218624087135494,-0.0140671088831657,-0.002));
#5863=CARTESIAN_POINT('',(0.0219067141843401,-0.0141906804699852,-0.002));
#5864=CARTESIAN_POINT('',(0.0217842675661585,-0.0138151913577197,-0.002));
#5865=CARTESIAN_POINT('',(0.0219067141843401,-0.0141906804699852,-0.002));
#5866=CARTESIAN_POINT('',(0.0196745852959966,-0.0141906804699852,-0.002));
#5867=CARTESIAN_POINT('',(0.0196745852959966,-0.0141906804699852,-0.002));
#5868=CARTESIAN_POINT('',(0.017441572760882,-0.0141906804699852,-0.002));
#5869=CARTESIAN_POINT('',(0.017441572760882,-0.0141906804699852,-0.00199999999999992));
#5870=CARTESIAN_POINT('',(0.0174858790168747,-0.0140671102244468,-0.00199999999999992));
#5871=CARTESIAN_POINT('',(0.0175266305772057,-0.0139419193976812,-0.002));
#5872=CARTESIAN_POINT('',(0.0175640140131926,-0.0138151930473143,-0.002));
#5873=CARTESIAN_POINT('',(0.0175640140131926,-0.0138151930473143,-0.002));
#5874=CARTESIAN_POINT('',(0.019674156526901,-0.0144376312359448,-0.002));
#5875=CARTESIAN_POINT('',(0.0175735146474138,-0.0137829869665371,-0.002));
#5876=CARTESIAN_POINT('',(0.0168059296071505,-0.0135565519222223,-0.002));
#5877=CARTESIAN_POINT('',(0.0168062051332082,-0.0135566332014967,-0.00119971283853297));
#5878=CARTESIAN_POINT('',(0.0175401398047676,-0.0138961232967071,-0.002));
#5879=CARTESIAN_POINT('',(0.0167727615100569,-0.0136697416545322,-0.0020000000000013));
#5880=CARTESIAN_POINT('',(0.0167728278251093,-0.0136697776185552,-0.00119992619739503));
#5881=CARTESIAN_POINT('',(0.0174697121747765,-0.0141206964242577,-0.00200000000000001));
#5882=CARTESIAN_POINT('',(0.0167149408185217,-0.0138555342306282,-0.00199999999999942));
#5883=CARTESIAN_POINT('',(0.0167143455865221,-0.0138554176030779,-0.00120060086855554));
#5884=CARTESIAN_POINT('',(0.0173047193500026,-0.0145590192332822,-0.00199999999999999));
#5885=CARTESIAN_POINT('',(0.0165694736218583,-0.0142469247021248,-0.00200000000000033));
#5886=CARTESIAN_POINT('',(0.0165676584805443,-0.0142463565839684,-0.00120189966783542));
#5887=CARTESIAN_POINT('',(0.0170556699315048,-0.0150862207633262,-0.00200000000000004));
#5888=CARTESIAN_POINT('',(0.0163562041498526,-0.0147013017865354,-0.00199999999999992));
#5889=CARTESIAN_POINT('',(0.0163526344527228,-0.0146998352914174,-0.0012038435022219));
#5890=CARTESIAN_POINT('',(0.0166743604299055,-0.0156866937208345,-0.00200000000000001));
#5891=CARTESIAN_POINT('',(0.0160319544879709,-0.0152172220252458,-0.00200000000000003));
#5892=CARTESIAN_POINT('',(0.0160263600259996,-0.0152137421011029,-0.00120660614862683));
#5893=CARTESIAN_POINT('',(0.0160764220169198,-0.0164011785855969,-0.00199999999999998));
#5894=CARTESIAN_POINT('',(0.015528184113866,-0.0158253821306239,-0.002));
#5895=CARTESIAN_POINT('',(0.0155200228679918,-0.0158186066475914,-0.00121067540415514));
#5896=CARTESIAN_POINT('',(0.0153316969729169,-0.0169930204857694,-0.00200000000000009));
#5897=CARTESIAN_POINT('',(0.0148964168488764,-0.0163336869113777,-0.00199999999999987));
#5898=CARTESIAN_POINT('',(0.0148870650230731,-0.0163219118612625,-0.00121508242929638));
#5899=CARTESIAN_POINT('',(0.0146082019131521,-0.0173732474787807,-0.00199999999999999));
#5900=CARTESIAN_POINT('',(0.0142725805271255,-0.0166669367962322,-0.00200000000000029));
#5901=CARTESIAN_POINT('',(0.0142644484606795,-0.0166504100943239,-0.00121883594414618));
#5902=CARTESIAN_POINT('',(0.0141766928268794,-0.0175570411603761,-0.00200000000000002));
#5903=CARTESIAN_POINT('',(0.0138872718110015,-0.0168325834598177,-0.0019999999999995));
#5904=CARTESIAN_POINT('',(0.0138796335353659,-0.0168138821474934,-0.00122071229738797));
#5905=CARTESIAN_POINT('',(0.0139545836103918,-0.0176371968680494,-0.00199999999999999));
#5906=CARTESIAN_POINT('',(0.0137029303432183,-0.016900728836703,-0.00200000000000115));
#5907=CARTESIAN_POINT('',(0.0136959906943133,-0.0168804637973246,-0.00122201818951592));
#5908=CARTESIAN_POINT('',(0.0138429632201949,-0.0176753404925537,-0.00199999999999999));
#5909=CARTESIAN_POINT('',(0.0135913552380045,-0.0169390554249101,-0.00199999999999999));
#5910=CARTESIAN_POINT('',(0.0135843696306851,-0.0169186133136825,-0.0012222110833164));
#5911=CARTESIAN_POINT('',(0.0171155083494677,-0.0144473677070647,-0.00197182190809786));
#5912=CARTESIAN_POINT('',(0.0167277737774727,-0.0147362837361929,-0.00190521583357922));
#5913=CARTESIAN_POINT('',(0.0160885775074745,-0.0154369069057304,-0.00165679676884754));
#5914=CARTESIAN_POINT('',(0.0153441859746856,-0.0160518569672125,-0.00151946676424929));
#5915=CARTESIAN_POINT('',(0.0149326598070479,-0.0163035191740724,-0.00144736842105061));
#5916=CARTESIAN_POINT('',(0.0171155083494677,-0.0144473677070647,-0.00197182190809786));
#5917=CARTESIAN_POINT('',(0.0149326598070481,-0.0163035191740735,-0.00144736842105408));
#5918=CARTESIAN_POINT('',(0.0149326598070481,-0.0163035191740737,-0.00144736842105458));
#5919=CARTESIAN_POINT('',(0.0147251297539354,-0.0164304308391468,-0.00141100968090597));
#5920=CARTESIAN_POINT('',(0.0142984749220106,-0.0166548062750938,-0.00133259989152125));
#5921=CARTESIAN_POINT('',(0.0138425205224474,-0.0168319431541953,-0.0012752434635735));
#5922=CARTESIAN_POINT('',(0.0136163842670908,-0.0169076734062313,-0.00122222219178666));
#5923=CARTESIAN_POINT('',(0.0167967320085996,-0.0135888508512285,-0.0012));
#5924=CARTESIAN_POINT('',(0.0167967320085996,-0.0135888508512285,-0.00140943455850256));
#5925=CARTESIAN_POINT('',(0.0169629898622261,-0.0136378934600148,-0.00182663645128115));
#5926=CARTESIAN_POINT('',(0.0173631393392493,-0.0137559292329401,-0.00199999222146229));
#5927=CARTESIAN_POINT('',(0.0175640167169824,-0.0138151838812788,-0.00199999999944831));
#5928=CARTESIAN_POINT('',(0.0174415727608821,-0.0141906804699852,-0.002));
#5929=CARTESIAN_POINT('',(0.0173348507397769,-0.0142797714907992,-0.002));
#5930=CARTESIAN_POINT('',(0.0172259446132744,-0.0143650773746656,-0.00199079294278971));
#5931=CARTESIAN_POINT('',(0.017115508349466,-0.0144473677070627,-0.00197182190809723));
#5932=CARTESIAN_POINT('',(0.019674156526901,-0.0144376312359448,-0.0012));
#5933=CARTESIAN_POINT('',(0.022551580703191,-0.0135888496937888,-0.00119996989415579));
#5934=CARTESIAN_POINT('',(0.0225515882575781,-0.013588847445498,-0.00140941302921015));
#5935=CARTESIAN_POINT('',(0.0223853311370692,-0.0136378898711613,-0.00182663823213729));
#5936=CARTESIAN_POINT('',(0.021985161162786,-0.0137559318435203,-0.00199999781230602));
#5937=CARTESIAN_POINT('',(0.0217842755807976,-0.0138151889935352,-0.00199999999995636));
#5938=CARTESIAN_POINT('',(0.0225515879343018,-0.0135888446794223,-0.0011999397637343));
#5939=CARTESIAN_POINT('',(0.0225516457136909,-0.0135888276354687,-0.00200000000000001));
#5940=CARTESIAN_POINT('',(0.0217842755807975,-0.0138151889935352,-0.00200000000000001));
#5941=CARTESIAN_POINT('',(0.0226689511108988,-0.0139867081974526,-0.00120110434914365));
#5942=CARTESIAN_POINT('',(0.0226678057845874,-0.0139867273920458,-0.00199999999999383));
#5943=CARTESIAN_POINT('',(0.0219163201635407,-0.014262824266172,-0.00200000000000001));
#5944=CARTESIAN_POINT('',(0.0229740806855206,-0.0147352267194326,-0.00120393256093845));
#5945=CARTESIAN_POINT('',(0.0229697920453426,-0.014735608439152,-0.00200000000000277));
#5946=CARTESIAN_POINT('',(0.0222644006122921,-0.0151222606507103,-0.00199999999999995));
#5947=CARTESIAN_POINT('',(0.023674588063484,-0.0156971189959657,-0.00120984340780929));
#5948=CARTESIAN_POINT('',(0.0236660322190233,-0.015702398169196,-0.0019999999999996));
#5949=CARTESIAN_POINT('',(0.0230907430473119,-0.0162579845702934,-0.00200000000000024));
#5950=CARTESIAN_POINT('',(0.0244547420125639,-0.0163164051348351,-0.00121524951506507));
#5951=CARTESIAN_POINT('',(0.0244452791411195,-0.0163283040889508,-0.0019999999999997));
#5952=CARTESIAN_POINT('',(0.0240083719886949,-0.0169863757562701,-0.00200000000000001));
#5953=CARTESIAN_POINT('',(0.0250684718146537,-0.016643115290115,-0.00121903774242712));
#5954=CARTESIAN_POINT('',(0.0250602289883671,-0.0166597979611049,-0.00200000000000058));
#5955=CARTESIAN_POINT('',(0.0247232467530787,-0.0173651362157693,-0.00200000000000002));
#5956=CARTESIAN_POINT('',(0.0254503908991944,-0.0168063962207931,-0.00122091178227679));
#5957=CARTESIAN_POINT('',(0.0254425758359052,-0.0168252319929042,-0.00199999999999899));
#5958=CARTESIAN_POINT('',(0.0251493626683797,-0.0175480218983969,-0.00199999999999999));
#5959=CARTESIAN_POINT('',(0.0256271269614906,-0.0168719209660437,-0.0012223272078));
#5960=CARTESIAN_POINT('',(0.0256200896765053,-0.0168924614736577,-0.00200000000000223));
#5961=CARTESIAN_POINT('',(0.0253685048916051,-0.0176286350290924,-0.002));
#5962=CARTESIAN_POINT('',(0.0257375358344798,-0.0169096628278462,-0.00122255610892153));
#5963=CARTESIAN_POINT('',(0.0257304438621024,-0.016930413215425,-0.002));
#5964=CARTESIAN_POINT('',(0.0254789120965086,-0.0176663694976384,-0.002));
#5965=CARTESIAN_POINT('',(0.0257031557493149,-0.0168978295162059,-0.0012223937978128));
#5966=CARTESIAN_POINT('',(0.0257008100103539,-0.016897356364661,-0.0012339065759275));
#5967=CARTESIAN_POINT('',(0.0256688910683142,-0.0168861032030775,-0.00122835185813666));
#5968=CARTESIAN_POINT('',(0.0256316613200648,-0.0168732984252849,-0.0012411187921796));
#5969=CARTESIAN_POINT('',(0.0255541404750991,-0.0168457104648838,-0.00125120577619353));
#5970=CARTESIAN_POINT('',(0.0254503279623247,-0.0168072734404086,-0.0012712286337421));
#5971=CARTESIAN_POINT('',(0.0253239077055282,-0.0167577633036212,-0.00129227957461652));
#5972=CARTESIAN_POINT('',(0.0251576551847878,-0.0166888608317496,-0.00132082820754887));
#5973=CARTESIAN_POINT('',(0.0249520452555601,-0.0165962273976278,-0.00135552507660111));
#5974=CARTESIAN_POINT('',(0.024629747547438,-0.0164337161136044,-0.00141010695229589));
#5975=CARTESIAN_POINT('',(0.0242454516994965,-0.0162053687796725,-0.00147633080887993));
#5976=CARTESIAN_POINT('',(0.0238138632040669,-0.0158903380729586,-0.00155799549626572));
#5977=CARTESIAN_POINT('',(0.0234101953345377,-0.0155391306672603,-0.00164934962391528));
#5978=CARTESIAN_POINT('',(0.0228988298060891,-0.01503915155869,-0.00178915560125881));
#5979=CARTESIAN_POINT('',(0.0225238487992986,-0.0146642498727513,-0.00192181735266521));
#5980=CARTESIAN_POINT('',(0.0222327815919782,-0.014447367372041,-0.00197182024962827));
#5981=CARTESIAN_POINT('',(0.0222327815810515,-0.0144473673877223,-0.00197182025403999));
#5982=CARTESIAN_POINT('',(0.0222327815810515,-0.0144473673877223,-0.00197182025403999));
#5983=CARTESIAN_POINT('',(0.0221223442513845,-0.0143650774057976,-0.00199079245964387));
#5984=CARTESIAN_POINT('',(0.0220134371181837,-0.0142797716372815,-0.00199999999999086));
#5985=CARTESIAN_POINT('',(0.0219067141843403,-0.0141906804699829,-0.00199999999999095));
#5986=CARTESIAN_POINT('',(0.0229594537943316,-0.0169480315435884,-0.00381174268053402));
#5987=CARTESIAN_POINT('',(0.0224531267992126,-0.0163109550541169,-0.00211477110538212));
#5988=CARTESIAN_POINT('',(0.0222327815919782,-0.0144473673720409,-0.00197182024962827));
#5989=CARTESIAN_POINT('',(0.0232783229362232,-0.0169171019436828,-0.00372935583589016));
#5990=CARTESIAN_POINT('',(0.0226119008853593,-0.0163254388905101,-0.0021515341226455));
#5991=CARTESIAN_POINT('',(0.0223716057470248,-0.0145508092186074,-0.00194797142777559));
#5992=CARTESIAN_POINT('',(0.0237253255855558,-0.0168746065905085,-0.00353443578843609));
#5993=CARTESIAN_POINT('',(0.0228813740402349,-0.0163499649680129,-0.00218099984038216));
#5994=CARTESIAN_POINT('',(0.022586751605002,-0.0147327611762658,-0.00189154720155566));
#5995=CARTESIAN_POINT('',(0.0242591731949285,-0.016830974832746,-0.00314644348124675));
#5996=CARTESIAN_POINT('',(0.0233503521095547,-0.0164028654222827,-0.00213798960216222));
#5997=CARTESIAN_POINT('',(0.0229513371261532,-0.0150880857656568,-0.00177923363937606));
#5998=CARTESIAN_POINT('',(0.0246115483825335,-0.0168083502218102,-0.00280962655223729));
#5999=CARTESIAN_POINT('',(0.0237465618607054,-0.0164559338859074,-0.00205892472495147));
#6000=CARTESIAN_POINT('',(0.0232841678961853,-0.015418753567499,-0.001681734001945));
#6001=CARTESIAN_POINT('',(0.0248746697665344,-0.0168000175348971,-0.00249264922459403));
#6002=CARTESIAN_POINT('',(0.0241385210701539,-0.016519898906409,-0.00194493052076347));
#6003=CARTESIAN_POINT('',(0.0236635073089218,-0.015766227391438,-0.00158997740712116));
#6004=CARTESIAN_POINT('',(0.0250673334537683,-0.0168025381356039,-0.00222840576478609));
#6005=CARTESIAN_POINT('',(0.024480035376579,-0.0165852523642402,-0.00182299076231483));
#6006=CARTESIAN_POINT('',(0.0240467360557026,-0.0160628561181845,-0.00151348587927963));
#6007=CARTESIAN_POINT('',(0.0252059289587164,-0.0168098547925958,-0.00202613866562249));
#6008=CARTESIAN_POINT('',(0.0247428746246947,-0.0166406441640539,-0.00171749305672626));
#6009=CARTESIAN_POINT('',(0.024369284490914,-0.0162803166074258,-0.00145493487689173));
#6010=CARTESIAN_POINT('',(0.0253407661250752,-0.0168234738589024,-0.00182150550874816));
#6011=CARTESIAN_POINT('',(0.0250057343266926,-0.0167016398556847,-0.00159993323126504));
#6012=CARTESIAN_POINT('',(0.0247141941675688,-0.0164791384703163,-0.00139569896305522));
#6013=CARTESIAN_POINT('',(0.0254519178866865,-0.0168407746744311,-0.00165019186108227));
#6014=CARTESIAN_POINT('',(0.0252201595098302,-0.0167565538854776,-0.00149495361319077));
#6015=CARTESIAN_POINT('',(0.0250082592345682,-0.0166230019263916,-0.00134610817032342));
#6016=CARTESIAN_POINT('',(0.0255405488773898,-0.0168583830623085,-0.00151314474337881));
#6017=CARTESIAN_POINT('',(0.0253867712909482,-0.0168025299391827,-0.00140871960765972));
#6018=CARTESIAN_POINT('',(0.0252414832751053,-0.0167244106791854,-0.00130643663622373));
#6019=CARTESIAN_POINT('',(0.0256075205991312,-0.016873717942516,-0.00141108245223425));
#6020=CARTESIAN_POINT('',(0.025510121156478,-0.0168383549004877,-0.00134371780050158));
#6021=CARTESIAN_POINT('',(0.0254158817650745,-0.0167944248388902,-0.00127689228887149));
#6022=CARTESIAN_POINT('',(0.0256618393180225,-0.0168875656233984,-0.00132480927273047));
#6023=CARTESIAN_POINT('',(0.0256080967694289,-0.016868106018307,-0.00128831425384682));
#6024=CARTESIAN_POINT('',(0.0255551835141852,-0.0168463321567449,-0.0012519184734881));
#6025=CARTESIAN_POINT('',(0.0257083926215451,-0.0169007563686903,-0.00125888816706362));
#6026=CARTESIAN_POINT('',(0.0256906138503088,-0.0168943088602018,-0.0012458626582352));
#6027=CARTESIAN_POINT('',(0.0256728831718617,-0.0168877262901316,-0.00123283604870185));
#6028=CARTESIAN_POINT('',(0.0257230686548466,-0.016904530031911,-0.00121862059943972));
#6029=CARTESIAN_POINT('',(0.0257161737288574,-0.0169022251797306,-0.00121989983318978));
#6030=CARTESIAN_POINT('',(0.025709270075792,-0.0168999466671017,-0.0012211796464514));
#6031=CARTESIAN_POINT('',(0.0257141335321244,-0.0169010228139923,-0.00120072119200477));
#6032=CARTESIAN_POINT('',(0.0257001259686955,-0.016896470695597,-0.00120835764749525));
#6033=CARTESIAN_POINT('',(0.0256861782210582,-0.0168917451530083,-0.00121599823979086));
#6034=CARTESIAN_POINT('',(0.0229594541311449,-0.0141394316703026,-0.00486614618573427));
#6035=CARTESIAN_POINT('',(0.0222327814968083,-0.0144473673249503,-0.00197182026851226));
#6036=CARTESIAN_POINT('',(0.0224531268512397,-0.0163109551038832,-0.00211477104052098));
#6037=CARTESIAN_POINT('',(0.0229594538009686,-0.0169480315983399,-0.00381174274576962));
#6038=CARTESIAN_POINT('',(0.0221224911532528,-0.0143651868694999,-0.00199076721880497));
#6039=CARTESIAN_POINT('',(0.0222634283500056,-0.0162880525627177,-0.00209915715732164));
#6040=CARTESIAN_POINT('',(0.0226153105732415,-0.0169726039836701,-0.00387719586325037));
#6041=CARTESIAN_POINT('',(0.0220141018815734,-0.0142803265796867,-0.002));
#6042=CARTESIAN_POINT('',(0.022079017993376,-0.0162637347232349,-0.00206062121338714));
#6043=CARTESIAN_POINT('',(0.0222641322015084,-0.0169853034056895,-0.00390909090789581));
#6044=CARTESIAN_POINT('',(0.0219067141843401,-0.0141906804699852,-0.002));
#6045=CARTESIAN_POINT('',(0.0219067141843401,-0.0162400706231771,-0.00200000000000002));
#6046=CARTESIAN_POINT('',(0.0219067141843401,-0.016985303406156,-0.00390909090909091));
#6047=CARTESIAN_POINT('',(0.0219067141843401,-0.0141906804699852,-0.005));
#6048=CARTESIAN_POINT('',(0.0196745855790354,-0.0141906804699852,-0.005));
#6049=CARTESIAN_POINT('',(0.017441572760882,-0.0141906804699852,-0.005));
#6050=CARTESIAN_POINT('',(0.017441572760882,-0.0141906804699852,-0.002));
#6051=CARTESIAN_POINT('',(0.017441572760882,-0.0162400706231771,-0.00200000000000003));
#6052=CARTESIAN_POINT('',(0.017441572760882,-0.016985303406156,-0.00390909090909091));
#6053=CARTESIAN_POINT('',(0.0173337349483249,-0.0142807029472714,-0.002));
#6054=CARTESIAN_POINT('',(0.0172685555132158,-0.0162638330659802,-0.00206087314129367));
#6055=CARTESIAN_POINT('',(0.0170826620575825,-0.0169853034055028,-0.00390909090741753));
#6056=CARTESIAN_POINT('',(0.017225389609638,-0.0143654909302066,-0.00199069760288268));
#6057=CARTESIAN_POINT('',(0.0170841580712007,-0.0162881377426104,-0.00209921618945649));
#6058=CARTESIAN_POINT('',(0.0167317203457672,-0.0169725137478324,-0.00387695535344386));
#6059=CARTESIAN_POINT('',(0.0171155083494677,-0.0144473677070647,-0.00197182190809786));
#6060=CARTESIAN_POINT('',(0.0168951698886518,-0.0163109548190681,-0.00211477418206313));
#6061=CARTESIAN_POINT('',(0.0163888594578318,-0.0169480337247277,-0.0038117484097926));
#6062=CARTESIAN_POINT('',(0.0163888594578318,-0.0141394346580213,-0.00486615406346481));
#6063=CARTESIAN_POINT('',(0.017155022531784,-0.0122924505883147,-0.0026297185087568));
#6064=CARTESIAN_POINT('',(0.0171641494509084,-0.0123894569421456,-0.00255839871504046));
#6065=CARTESIAN_POINT('',(0.0171824032891571,-0.0125834696498073,-0.00241575912760778));
#6066=CARTESIAN_POINT('',(0.0171996387210774,-0.0130110411088975,-0.002189331215169));
#6067=CARTESIAN_POINT('',(0.0171931228751126,-0.0135872966981493,-0.00199790985220975));
#6068=CARTESIAN_POINT('',(0.0171380995492623,-0.0143121988148665,-0.00193617763568789));
#6069=CARTESIAN_POINT('',(0.0170398008355007,-0.0150267526144172,-0.00204381680786911));
#6070=CARTESIAN_POINT('',(0.0169037286597532,-0.0156898162610214,-0.00231523332266996));
#6071=CARTESIAN_POINT('',(0.0167378160421045,-0.016263561817163,-0.00273429244961761));
#6072=CARTESIAN_POINT('',(0.0165827155226928,-0.0166372771265717,-0.00318710123374361));
#6073=CARTESIAN_POINT('',(0.0164538729839788,-0.0168657252685332,-0.00359403496167158));
#6074=CARTESIAN_POINT('',(0.0163889049458006,-0.0169462957095764,-0.00381222694890622));
#6075=CARTESIAN_POINT('',(0.0163564209267114,-0.0169865809300979,-0.00392132294252353));
#6076=CARTESIAN_POINT('',(0.017071263165827,-0.0123652944871134,-0.00253971004773929));
#6077=CARTESIAN_POINT('',(0.0170825442322402,-0.0124631127762512,-0.00247381376392845));
#6078=CARTESIAN_POINT('',(0.0171051063650664,-0.0126587493545268,-0.00234202119630677));
#6079=CARTESIAN_POINT('',(0.0171285893576795,-0.0130859640202654,-0.00213545810956232));
#6080=CARTESIAN_POINT('',(0.0171263396505533,-0.0136571534597208,-0.0019653255335785));
#6081=CARTESIAN_POINT('',(0.0170701467836507,-0.014369778050935,-0.00192139558029002));
#6082=CARTESIAN_POINT('',(0.01696443653889,-0.0150681589747937,-0.00203805278102522));
#6083=CARTESIAN_POINT('',(0.0168148893519518,-0.0157134677639616,-0.00230941401619042));
#6084=CARTESIAN_POINT('',(0.0166299135089884,-0.0162701886728949,-0.00271992158311116));
#6085=CARTESIAN_POINT('',(0.0164548102252005,-0.0166321546933308,-0.00315958983120836));
#6086=CARTESIAN_POINT('',(0.0163080454286604,-0.0168533336151711,-0.00355347737241658));
#6087=CARTESIAN_POINT('',(0.0162334198160874,-0.016931373659726,-0.003764359448757));
#6088=CARTESIAN_POINT('',(0.0161961070098009,-0.0169703936820034,-0.00386980048692722));
#6089=CARTESIAN_POINT('',(0.0169037444339131,-0.0125109822847108,-0.00235969312570428));
#6090=CARTESIAN_POINT('',(0.0169193337949037,-0.0126104244444625,-0.00230464386170443));
#6091=CARTESIAN_POINT('',(0.0169505125168851,-0.0128093087639658,-0.00219454533370474));
#6092=CARTESIAN_POINT('',(0.0169864906308838,-0.0132358098430014,-0.00202771189834895));
#6093=CARTESIAN_POINT('',(0.0169927732014347,-0.0137968669828638,-0.001900156896316));
#6094=CARTESIAN_POINT('',(0.0169342412524275,-0.014484936523072,-0.00189183146949428));
#6095=CARTESIAN_POINT('',(0.0168137079456686,-0.0151509716955467,-0.00202652472733745));
#6096=CARTESIAN_POINT('',(0.0166372107363489,-0.015760770769842,-0.00229777540323132));
#6097=CARTESIAN_POINT('',(0.0164141084427562,-0.0162834423843585,-0.00269117985009824));
#6098=CARTESIAN_POINT('',(0.0161989996302159,-0.016621909826849,-0.00310456702613786));
#6099=CARTESIAN_POINT('',(0.0160163903180234,-0.0168285503084469,-0.00347236219390657));
#6100=CARTESIAN_POINT('',(0.0159224495566611,-0.0169015295600252,-0.00366862444845859));
#6101=CARTESIAN_POINT('',(0.0158754791759799,-0.0169380191858144,-0.00376675557573459));
#6102=CARTESIAN_POINT('',(0.0167205372780379,-0.0128351962942566,-0.00204992006643895));
#6103=CARTESIAN_POINT('',(0.0167355363326085,-0.0129340059822666,-0.00201353261604157));
#6104=CARTESIAN_POINT('',(0.0167655344417496,-0.0131316253582868,-0.0019407577152468));
#6105=CARTESIAN_POINT('',(0.016795388211743,-0.0135443192217093,-0.0018400335739615));
#6106=CARTESIAN_POINT('',(0.0167890601091825,-0.0140742511473,-0.00178044372042458));
#6107=CARTESIAN_POINT('',(0.0167077218405234,-0.0147076331161093,-0.00182437031042587));
#6108=CARTESIAN_POINT('',(0.016557505956531,-0.0153096014042669,-0.00197993674128394));
#6109=CARTESIAN_POINT('',(0.0163448632873492,-0.0158535888074345,-0.00224066703687522));
#6110=CARTESIAN_POINT('',(0.0160794907484368,-0.0163160415860068,-0.00259469443706933));
#6111=CARTESIAN_POINT('',(0.0158241443673477,-0.0166146831504071,-0.0029549491901842));
#6112=CARTESIAN_POINT('',(0.0156065991285595,-0.0167975855443805,-0.00327159976748735));
#6113=CARTESIAN_POINT('',(0.0154940123541548,-0.0168627645475921,-0.003439538067543));
#6114=CARTESIAN_POINT('',(0.0154377189669524,-0.0168953540491979,-0.00352350721757082));
#6115=CARTESIAN_POINT('',(0.0165648912266364,-0.0132866103672837,-0.00173419411466685));
#6116=CARTESIAN_POINT('',(0.0165735295653615,-0.0133806224251597,-0.00171680426756175));
#6117=CARTESIAN_POINT('',(0.0165908062428118,-0.0135686465409117,-0.00168202457335155));
#6118=CARTESIAN_POINT('',(0.0165952291999365,-0.0139511143146659,-0.00164672493230067));
#6119=CARTESIAN_POINT('',(0.0165578991229869,-0.0144302897612675,-0.00165192433094184));
#6120=CARTESIAN_POINT('',(0.0164419174275281,-0.0149879224568201,-0.00174156443995102));
#6121=CARTESIAN_POINT('',(0.016260225056751,-0.0155079599216853,-0.00190991912969287));
#6122=CARTESIAN_POINT('',(0.0160191405363897,-0.0159718811555689,-0.00215127185761551));
#6123=CARTESIAN_POINT('',(0.0157275855533645,-0.0163636330927355,-0.00245676910262785));
#6124=CARTESIAN_POINT('',(0.0154511528391183,-0.0166169319756041,-0.00275612901842618));
#6125=CARTESIAN_POINT('',(0.0152163949402214,-0.0167734773117089,-0.0030152961398489));
#6126=CARTESIAN_POINT('',(0.0150947838722733,-0.0168303303581253,-0.00315164099086206));
#6127=CARTESIAN_POINT('',(0.0150339783382993,-0.0168587568813336,-0.00321981341636864));
#6128=CARTESIAN_POINT('',(0.0163975594383868,-0.0139011485267263,-0.00144775054339241));
#6129=CARTESIAN_POINT('',(0.016394622859742,-0.013983963412676,-0.00144740643280648));
#6130=CARTESIAN_POINT('',(0.0163887497024522,-0.0141495931845754,-0.00144671821163463));
#6131=CARTESIAN_POINT('',(0.0163517455356081,-0.0144781157759535,-0.00146789296862299));
#6132=CARTESIAN_POINT('',(0.0162703123463101,-0.014879912183243,-0.00152593525916374));
#6133=CARTESIAN_POINT('',(0.0161153986966593,-0.0153353909568236,-0.00164736411245192));
#6134=CARTESIAN_POINT('',(0.0159085272679627,-0.015752560579949,-0.00181638202248627));
#6135=CARTESIAN_POINT('',(0.0156549703312269,-0.0161206500200049,-0.00202878073056611));
#6136=CARTESIAN_POINT('',(0.0153615973807488,-0.0164305920920074,-0.0022789045222859));
#6137=CARTESIAN_POINT('',(0.0150901781222773,-0.0166327697519616,-0.00251365170920276));
#6138=CARTESIAN_POINT('',(0.0148616035203928,-0.0167600923802062,-0.00271312949468238));
#6139=CARTESIAN_POINT('',(0.014743516998708,-0.0168079213918508,-0.0028169626451673));
#6140=CARTESIAN_POINT('',(0.0146844737378656,-0.016831835897673,-0.00286887922040976));
#6141=CARTESIAN_POINT('',(0.0161003763761396,-0.0147400134563296,-0.00122273427633878));
#6142=CARTESIAN_POINT('',(0.016083921282973,-0.0148020376699991,-0.00123512069603299));
#6143=CARTESIAN_POINT('',(0.0160510110966398,-0.014926086097338,-0.0012598935354214));
#6144=CARTESIAN_POINT('',(0.0159697280606483,-0.0151664288482485,-0.00132041296452034));
#6145=CARTESIAN_POINT('',(0.0158470373117195,-0.0154538534425481,-0.0014109970389899));
#6146=CARTESIAN_POINT('',(0.0156662295656505,-0.015772038940002,-0.00154342265078953));
#6147=CARTESIAN_POINT('',(0.0154553524245737,-0.0160592677759219,-0.00169704502135677));
#6148=CARTESIAN_POINT('',(0.0152175190664574,-0.0163113479705898,-0.00186963961953707));
#6149=CARTESIAN_POINT('',(0.0149564663728374,-0.0165249303663178,-0.00205856045271983));
#6150=CARTESIAN_POINT('',(0.0147227127557286,-0.0166676738629447,-0.00222739271712637));
#6151=CARTESIAN_POINT('',(0.0145284191382221,-0.0167608989419788,-0.00236759230154355));
#6152=CARTESIAN_POINT('',(0.0144286570551664,-0.0167979836152602,-0.00243953846925363));
#6153=CARTESIAN_POINT('',(0.0143787760136386,-0.0168165259519009,-0.00247551155310866));
#6154=CARTESIAN_POINT('',(0.0154874781662223,-0.0157156040474956,-0.00111820879288146));
#6155=CARTESIAN_POINT('',(0.0154652483978139,-0.015748493667065,-0.00113449211739929));
#6156=CARTESIAN_POINT('',(0.0154207888609969,-0.0158142729062039,-0.00116705876643496));
#6157=CARTESIAN_POINT('',(0.0153268334540932,-0.0159400106960227,-0.00123499025779162));
#6158=CARTESIAN_POINT('',(0.0152025863100196,-0.0160886466769101,-0.00132363293770692));
#6159=CARTESIAN_POINT('',(0.0150427051836725,-0.0162518029768941,-0.0014357894460872));
#6160=CARTESIAN_POINT('',(0.0148731148428536,-0.0163993139569481,-0.00155301092814404));
#6161=CARTESIAN_POINT('',(0.014694652019916,-0.0165304925521832,-0.00167471472195213));
#6162=CARTESIAN_POINT('',(0.0145082715618466,-0.0166448850832533,-0.00180026254726815));
#6163=CARTESIAN_POINT('',(0.0143470671065368,-0.016725564114548,-0.00190759455799073));
#6164=CARTESIAN_POINT('',(0.0142152052912564,-0.0167816546830747,-0.00199470939296362));
#6165=CARTESIAN_POINT('',(0.0141481281257945,-0.0168059127681076,-0.00203873124349017));
#6166=CARTESIAN_POINT('',(0.0141145895430635,-0.016818041810624,-0.00206074216875344));
#6167=CARTESIAN_POINT('',(0.0147303352257417,-0.0163664849847501,-0.00113744176850267));
#6168=CARTESIAN_POINT('',(0.0147146704967801,-0.0163794505102624,-0.00114880750892047));
#6169=CARTESIAN_POINT('',(0.0146833410388569,-0.016405381561287,-0.00117153898975608));
#6170=CARTESIAN_POINT('',(0.014619599860352,-0.0164552949676437,-0.00121744685499939));
#6171=CARTESIAN_POINT('',(0.0145384386627135,-0.0165148973572957,-0.00127542746134189));
#6172=CARTESIAN_POINT('',(0.0144386318330658,-0.016581595889599,-0.00134593607006594));
#6173=CARTESIAN_POINT('',(0.01433657966319,-0.016643469601975,-0.00141726922835854));
#6174=CARTESIAN_POINT('',(0.0142323967116555,-0.0167004198420318,-0.00148934123564288));
#6175=CARTESIAN_POINT('',(0.0141262236109995,-0.0167524067509655,-0.00156205703028829));
#6176=CARTESIAN_POINT('',(0.014036176205721,-0.0167914695996702,-0.00162311745186098));
#6177=CARTESIAN_POINT('',(0.0139633125360415,-0.0168202923547929,-0.00167218592216954));
#6178=CARTESIAN_POINT('',(0.013926534692608,-0.0168336238927435,-0.00169680435842035));
#6179=CARTESIAN_POINT('',(0.0139081457708912,-0.0168402896617188,-0.00170911357654575));
#6180=CARTESIAN_POINT('',(0.0140915935380849,-0.0167266972457931,-0.00118219299752068));
#6181=CARTESIAN_POINT('',(0.0140844422953667,-0.0167301082002919,-0.00118733842286272));
#6182=CARTESIAN_POINT('',(0.0140701398099301,-0.0167369301092894,-0.00119762927354679));
#6183=CARTESIAN_POINT('',(0.0140414545196847,-0.0167503325962502,-0.00121821676077881));
#6184=CARTESIAN_POINT('',(0.0140054846526096,-0.0167667453961353,-0.00124395911235458));
#6185=CARTESIAN_POINT('',(0.0139621285369906,-0.016785863810066,-0.00127486329825808));
#6186=CARTESIAN_POINT('',(0.0139185835479031,-0.0168044171331701,-0.00130578057118598));
#6187=CARTESIAN_POINT('',(0.0138748485372453,-0.0168224042417596,-0.00133671116479535));
#6188=CARTESIAN_POINT('',(0.0138309241991535,-0.016839829972815,-0.00136765532882173));
#6189=CARTESIAN_POINT('',(0.0137941596404127,-0.0168538769717546,-0.00139345405912238));
#6190=CARTESIAN_POINT('',(0.0137646568785679,-0.0168648474465788,-0.00141410003737369));
#6191=CARTESIAN_POINT('',(0.0137498651064086,-0.0168702147305882,-0.00142442621419576));
#6192=CARTESIAN_POINT('',(0.0137424692203289,-0.0168728983725929,-0.0014295893026068));
#6193=CARTESIAN_POINT('',(0.0137747873574222,-0.0168473480194186,-0.00120887912703133));
#6194=CARTESIAN_POINT('',(0.0137724036098494,-0.0168484850042515,-0.00121059426881201));
#6195=CARTESIAN_POINT('',(0.0137676361147039,-0.0168507589739173,-0.00121402455237337));
#6196=CARTESIAN_POINT('',(0.0137580743512888,-0.0168552264695709,-0.00122088704811737));
#6197=CARTESIAN_POINT('',(0.0137460843955971,-0.0168606974028659,-0.00122946783197597));
#6198=CARTESIAN_POINT('',(0.0137316323570574,-0.0168670702075095,-0.00123976922727713));
#6199=CARTESIAN_POINT('',(0.0137171173606949,-0.0168732546485442,-0.00125007498491977));
#6200=CARTESIAN_POINT('',(0.013702539023809,-0.0168792503514074,-0.00126038518278956));
#6201=CARTESIAN_POINT('',(0.0136878975777784,-0.0168850589284259,-0.00127069990413168));
#6202=CARTESIAN_POINT('',(0.0136756427248648,-0.0168897412614057,-0.00127929948089857));
#6203=CARTESIAN_POINT('',(0.0136658084709165,-0.0168933980863471,-0.001286181473649));
#6204=CARTESIAN_POINT('',(0.0136608778801967,-0.0168951871810169,-0.00128962353258969));
#6205=CARTESIAN_POINT('',(0.0136584125848368,-0.0168960817283518,-0.00129134456206004));
#6206=CARTESIAN_POINT('',(0.0136163842670908,-0.0169076734062313,-0.00122222219178666));
#6207=CARTESIAN_POINT('',(0.0136163842670908,-0.0169076734062313,-0.00122222219178666));
#6208=CARTESIAN_POINT('',(0.0136163842670908,-0.0169076734062313,-0.00122222219178666));
#6209=CARTESIAN_POINT('',(0.0136163842670908,-0.0169076734062313,-0.00122222219178666));
#6210=CARTESIAN_POINT('',(0.0136163842670908,-0.0169076734062313,-0.00122222219178666));
#6211=CARTESIAN_POINT('',(0.0136163842670908,-0.0169076734062313,-0.00122222219178666));
#6212=CARTESIAN_POINT('',(0.0136163842670908,-0.0169076734062313,-0.00122222219178666));
#6213=CARTESIAN_POINT('',(0.0136163842670908,-0.0169076734062313,-0.00122222219178666));
#6214=CARTESIAN_POINT('',(0.0136163842670908,-0.0169076734062313,-0.00122222219178666));
#6215=CARTESIAN_POINT('',(0.0136163842670908,-0.0169076734062313,-0.00122222219178666));
#6216=CARTESIAN_POINT('',(0.0136163842670908,-0.0169076734062313,-0.00122222219178666));
#6217=CARTESIAN_POINT('',(0.0136163842670908,-0.0169076734062313,-0.00122222219178666));
#6218=CARTESIAN_POINT('',(0.0136163842670908,-0.0169076734062313,-0.00122222219178666));
#6219=CARTESIAN_POINT('',(0.,0.,0.));
#6220=CARTESIAN_POINT('',(0.02418360382758,-2.9616373019285E-18,0.));
#6221=CARTESIAN_POINT('',(0.02418360382758,-0.052947649924643,0.));
#6222=CARTESIAN_POINT('',(0.02468360382758,-0.052947649924643,0.));
#6223=CARTESIAN_POINT('',(0.01459360382758,-0.0529310931297716,0.));
#6224=CARTESIAN_POINT('',(0.01509360382758,-0.0529310931297716,0.));
#6225=CARTESIAN_POINT('',(0.01509360382758,-1.84843336150387E-18,0.));
#6226=CARTESIAN_POINT('',(0.01509360382758,-0.0527261824076847,0.));
#6227=CARTESIAN_POINT('',(0.0163888594578318,-0.0172376312359448,0.));
#6228=CARTESIAN_POINT('',(0.0161918458721626,-0.0172376312359448,0.));
#6229=CARTESIAN_POINT('',(0.015797818700824,-0.017253080876595,0.));
#6230=CARTESIAN_POINT('',(0.0150152971328774,-0.01734508001724,0.));
#6231=CARTESIAN_POINT('',(0.0140502525361831,-0.0175730211403376,0.));
#6232=CARTESIAN_POINT('',(0.0129255872722603,-0.0180205703794104,0.));
#6233=CARTESIAN_POINT('',(0.012024137867595,-0.0185322792343609,0.));
#6234=CARTESIAN_POINT('',(0.0113283050960671,-0.0190213302540102,0.));
#6235=CARTESIAN_POINT('',(0.0109046537273694,-0.0193595080873025,0.));
#6236=CARTESIAN_POINT('',(0.0105728509257496,-0.0196491985028752,0.));
#6237=CARTESIAN_POINT('',(0.0102459964029378,-0.0199514812409516,0.));
#6238=CARTESIAN_POINT('',(0.00984897911343965,-0.0203506437785826,0.));
#6239=CARTESIAN_POINT('',(0.0093910009718455,-0.0208628126749423,0.));
#6240=CARTESIAN_POINT('',(0.00880567088968806,-0.0215881297646555,0.));
#6241=CARTESIAN_POINT('',(0.0081224295555746,-0.0225713705555508,0.));
#6242=CARTESIAN_POINT('',(0.00750671681292844,-0.0236491419179972,0.));
#6243=CARTESIAN_POINT('',(0.00705660789620285,-0.0245637427708842,0.));
#6244=CARTESIAN_POINT('',(0.00674076134782405,-0.0252748766580224,0.));
#6245=CARTESIAN_POINT('',(0.00649616698828223,-0.0258874446192067,0.));
#6246=CARTESIAN_POINT('',(0.00631181388720456,-0.0263893061353903,0.));
#6247=CARTESIAN_POINT('',(0.00613571289692214,-0.0268971156200841,0.));
#6248=CARTESIAN_POINT('',(0.00593116037641896,-0.0275423630321233,0.));
#6249=CARTESIAN_POINT('',(0.00563725859532759,-0.028595342280987,0.));
#6250=CARTESIAN_POINT('',(0.00533286276827491,-0.0299466068259922,0.));
#6251=CARTESIAN_POINT('',(0.00511360465153401,-0.0313352728081951,0.));
#6252=CARTESIAN_POINT('',(0.00499009022701058,-0.0324630615501802,0.));
#6253=CARTESIAN_POINT('',(0.00492362091881907,-0.0333159227585139,0.));
#6254=CARTESIAN_POINT('',(0.00489022536321433,-0.0340313630810638,0.));
#6255=CARTESIAN_POINT('',(0.00487682583823599,-0.034605763150414,0.));
#6256=CARTESIAN_POINT('',(0.00487346552219258,-0.0350376312359447,0.));
#6257=CARTESIAN_POINT('',(0.00487682583823599,-0.0354694993214755,0.));
#6258=CARTESIAN_POINT('',(0.00489022536321433,-0.0360438993908258,0.));
#6259=CARTESIAN_POINT('',(0.00492362091881908,-0.0367593397133757,0.));
#6260=CARTESIAN_POINT('',(0.00499009022701058,-0.0376122009217094,0.));
#6261=CARTESIAN_POINT('',(0.00511360465153401,-0.0387399896636945,0.));
#6262=CARTESIAN_POINT('',(0.00533286276827491,-0.0401286556458974,0.));
#6263=CARTESIAN_POINT('',(0.00563725859532759,-0.0414799201909025,0.));
#6264=CARTESIAN_POINT('',(0.00593116037641896,-0.0425328994397662,0.));
#6265=CARTESIAN_POINT('',(0.00613571289692215,-0.0431781468518055,0.));
#6266=CARTESIAN_POINT('',(0.00631181388720456,-0.0436859563364992,0.));
#6267=CARTESIAN_POINT('',(0.00649616698828224,-0.0441878178526829,0.));
#6268=CARTESIAN_POINT('',(0.00674076134782405,-0.0448003858138672,0.));
#6269=CARTESIAN_POINT('',(0.00705660789620285,-0.0455115197010054,0.));
#6270=CARTESIAN_POINT('',(0.00750671681292843,-0.0464261205538923,0.));
#6271=CARTESIAN_POINT('',(0.00812242955557461,-0.0475038919163387,0.));
#6272=CARTESIAN_POINT('',(0.00880567088968805,-0.0484871327072341,0.));
#6273=CARTESIAN_POINT('',(0.00939100097184551,-0.0492124497969473,0.));
#6274=CARTESIAN_POINT('',(0.00984897911343965,-0.049724618693307,0.));
#6275=CARTESIAN_POINT('',(0.0102459964029378,-0.050123781230938,0.));
#6276=CARTESIAN_POINT('',(0.0105728509257496,-0.0504260639690143,0.));
#6277=CARTESIAN_POINT('',(0.0109046537273694,-0.0507157543845871,0.));
#6278=CARTESIAN_POINT('',(0.0113283050960671,-0.0510539322178794,0.));
#6279=CARTESIAN_POINT('',(0.012024137867595,-0.0515429832375287,0.));
#6280=CARTESIAN_POINT('',(0.0129255872722603,-0.0520546920924792,0.));
#6281=CARTESIAN_POINT('',(0.0140502525361831,-0.052502241331552,0.));
#6282=CARTESIAN_POINT('',(0.0150152971328774,-0.0527301824546496,0.));
#6283=CARTESIAN_POINT('',(0.0157978187008215,-0.0528221815952943,0.));
#6284=CARTESIAN_POINT('',(0.0161918458721574,-0.0528376312359446,0.));
#6285=CARTESIAN_POINT('',(0.0163888594578241,-0.0528376312359448,0.));
#6286=CARTESIAN_POINT('',(0.0163888594578318,-0.0172376312359448,0.));
#6287=CARTESIAN_POINT('',(0.0196741565269013,-0.0172376312359448,0.));
#6288=CARTESIAN_POINT('',(0.0155086741603699,-0.0180950926433114,0.001));
#6289=CARTESIAN_POINT('',(0.0155086741603699,-0.0180950926433114,-6.02397055245781E-6));
#6290=CARTESIAN_POINT('',(0.0141367550611071,-0.0182745232344455,0.001));
#6291=CARTESIAN_POINT('',(0.0141367550611071,-0.0182745232344455,-6.02397055245781E-6));
#6292=CARTESIAN_POINT('',(0.0114376407081704,-0.0194827742329943,0.001));
#6293=CARTESIAN_POINT('',(0.0114376407081704,-0.0194827742329943,-6.02397055245825E-6));
#6294=CARTESIAN_POINT('',(0.00811501533915351,-0.0235775850148345,0.001));
#6295=CARTESIAN_POINT('',(0.00811501533915351,-0.0235775850148345,-6.02397055245738E-6));
#6296=CARTESIAN_POINT('',(0.00600657827346692,-0.0293541599050757,0.001));
#6297=CARTESIAN_POINT('',(0.00600657827346692,-0.0293541599050757,-6.02397055245803E-6));
#6298=CARTESIAN_POINT('',(0.00561653733245635,-0.0337606930623217,0.001));
#6299=CARTESIAN_POINT('',(0.00561653733245635,-0.0337606930623217,-6.02397055245781E-6));
#6300=CARTESIAN_POINT('',(0.00568974942296979,-0.0359417652112192,0.001));
#6301=CARTESIAN_POINT('',(0.00568974942296979,-0.0359417652112192,-6.02397055245781E-6));
#6302=CARTESIAN_POINT('',(0.00568498771316625,-0.0357865545060395,0.001));
#6303=CARTESIAN_POINT('',(0.00568357851198912,-0.0357358497230364,0.000666668267987894));
#6304=CARTESIAN_POINT('',(0.0056823128933847,-0.0356851519863177,0.000333334919079569));
#6305=CARTESIAN_POINT('',(0.00568119058047765,-0.0356344609955837,7.37221188247079E-19));
#6306=CARTESIAN_POINT('',(0.0152157584680634,-0.018139836134528,-2.38275869354541E-8));
#6307=CARTESIAN_POINT('',(0.0152806037352129,-0.01812850284445,0.000333341471036519));
#6308=CARTESIAN_POINT('',(0.0153457238174015,-0.0181180726794915,0.000666682352204765));
#6309=CARTESIAN_POINT('',(0.0154111053992134,-0.018108566096712,0.001));
#6310=CARTESIAN_POINT('',(0.0196741565269013,-0.0172376312359448,0.001));
#6311=CARTESIAN_POINT('',(0.0163888594578318,-0.0172376312359448,0.001));
#6312=CARTESIAN_POINT('',(0.0163888594578318,-0.0172376312359448,0.001));
#6313=CARTESIAN_POINT('',(0.0163888594578318,-0.0172376312359448,2.16840434497101E-19));
#6314=CARTESIAN_POINT('',(0.0148669907615896,-0.0172376312359448,0.001));
#6315=CARTESIAN_POINT('',(0.0148669907615896,-0.0172376312359448,2.16840434497101E-19));
#6316=CARTESIAN_POINT('',(0.0118690151993889,-0.0181644709183279,0.001));
#6317=CARTESIAN_POINT('',(0.0118690151993889,-0.0181644709183279,2.16840434497101E-19));
#6318=CARTESIAN_POINT('',(0.00876740845939792,-0.0213366609562794,0.001));
#6319=CARTESIAN_POINT('',(0.00876740845939792,-0.0213366609562794,0.));
#6320=CARTESIAN_POINT('',(0.00690555274104983,-0.0247235838605191,0.001));
#6321=CARTESIAN_POINT('',(0.00690555274104983,-0.0247235838605191,0.));
#6322=CARTESIAN_POINT('',(0.00547483697853631,-0.0286171061550314,0.001));
#6323=CARTESIAN_POINT('',(0.00547483697853631,-0.0286171061550314,0.));
#6324=CARTESIAN_POINT('',(0.00479590475390921,-0.0329614244879896,0.001));
#6325=CARTESIAN_POINT('',(0.00479590475390921,-0.0329614244879896,0.));
#6326=CARTESIAN_POINT('',(0.00491094964832963,-0.0374273120652879,0.001));
#6327=CARTESIAN_POINT('',(0.00491094964832963,-0.0374273120652879,2.16840434497101E-19));
#6328=CARTESIAN_POINT('',(0.00554794530435407,-0.0417380988771878,0.001));
#6329=CARTESIAN_POINT('',(0.00554794530435407,-0.0417380988771878,2.16840434497101E-19));
#6330=CARTESIAN_POINT('',(0.00730556286516608,-0.0466915119016854,0.001));
#6331=CARTESIAN_POINT('',(0.00730556286516608,-0.0466915119016854,-2.16840434497101E-19));
#6332=CARTESIAN_POINT('',(0.0107027101498492,-0.0510410611972187,0.001));
#6333=CARTESIAN_POINT('',(0.0107027101498492,-0.0510410611972187,2.16840434497101E-19));
#6334=CARTESIAN_POINT('',(0.013591985387146,-0.0524668429623137,0.001));
#6335=CARTESIAN_POINT('',(0.013591985387146,-0.0524668429623137,2.16840434497101E-19));
#6336=CARTESIAN_POINT('',(0.0150936038073578,-0.0527261824041922,0.001));
#6337=CARTESIAN_POINT('',(0.0150936038073578,-0.0527261824041922,2.16840434497101E-19));
#6338=CARTESIAN_POINT('',(0.01509360382758,-0.0527261824076847,0.001));
#6339=CARTESIAN_POINT('',(0.0196745855790354,-0.0244376312359448,-0.001));
#6340=CARTESIAN_POINT('',(0.0192502940176041,-0.0244376312359445,-0.0074));
#6341=CARTESIAN_POINT('',(0.0186656967185603,-0.0243624467434556,-0.0074));
#6342=CARTESIAN_POINT('',(0.0175459672320128,-0.0239010865696581,-0.00740465419170924));
#6343=CARTESIAN_POINT('',(0.0167190607789853,-0.0230351704112572,-0.00726329950714828));
#6344=CARTESIAN_POINT('',(0.0163888594578318,-0.022570681268965,-0.00712164175861297));
#6345=CARTESIAN_POINT('',(0.0319218398573913,-0.0257211033560602,-0.00100000964698665));
#6346=CARTESIAN_POINT('',(0.0319218398573913,-0.0257211033560602,-1.73472347597681E-18));
#6347=CARTESIAN_POINT('',(0.0310541829657328,-0.0236201725339882,-0.00100000964698665));
#6348=CARTESIAN_POINT('',(0.0310541829657328,-0.0236201725339882,-1.73472347597681E-18));
#6349=CARTESIAN_POINT('',(0.0287364032654011,-0.0200591174564952,-0.00100000964698665));
#6350=CARTESIAN_POINT('',(0.0287364032654011,-0.0200591174564952,8.67361737988404E-19));
#6351=CARTESIAN_POINT('',(0.0256723128151229,-0.0184018636257686,-0.00100000964698666));
#6352=CARTESIAN_POINT('',(0.0256723128151229,-0.0184018636257686,-6.93889390390723E-18));
#6353=CARTESIAN_POINT('',(0.0241020230241485,-0.0181345748397334,-0.00100000964698665));
#6354=CARTESIAN_POINT('',(0.0241020230241485,-0.0181345748397334,1.73472347597681E-18));
#6355=CARTESIAN_POINT('',(0.0241582614252721,-0.018144386081192,1.25983958624816E-19));
#6356=CARTESIAN_POINT('',(0.024223032085921,-0.0181559607063748,-0.000333309149448536));
#6357=CARTESIAN_POINT('',(0.0242875059308021,-0.0181684322665208,-0.000666642169606738));
#6358=CARTESIAN_POINT('',(0.0243516821794948,-0.0181817796731024,-0.001));
#6359=CARTESIAN_POINT('',(0.0319218384095838,-0.0257211039539857,-500.));
#6360=CARTESIAN_POINT('',(0.00760964437081053,-0.0447825455297654,-0.001));
#6361=CARTESIAN_POINT('',(0.00760964437081053,-0.0447825455297654,1.73472347597681E-18));
#6362=CARTESIAN_POINT('',(0.00847515858426534,-0.0467455509896593,-0.001));
#6363=CARTESIAN_POINT('',(0.00847515858426534,-0.0467455509896593,1.73472347597681E-18));
#6364=CARTESIAN_POINT('',(0.0107289543509904,-0.0500707410997717,-0.000999999999999999));
#6365=CARTESIAN_POINT('',(0.0107289543509904,-0.0500707410997717,5.63785129692462E-18));
#6366=CARTESIAN_POINT('',(0.0136489811603269,-0.0516455761842667,-0.00100000000000001));
#6367=CARTESIAN_POINT('',(0.0136489811603269,-0.0516455761842667,-5.85469173142172E-18));
#6368=CARTESIAN_POINT('',(0.0151468727913548,-0.0519230206707806,-0.001));
#6369=CARTESIAN_POINT('',(0.0151468727913548,-0.0519230206707806,3.46944695195361E-18));
#6370=CARTESIAN_POINT('',(0.01509360382758,-0.0519129394705847,-0.0005));
#6371=CARTESIAN_POINT('',(0.01509360382758,-0.0519129397666309,-0.000997124040525615));
#6372=CARTESIAN_POINT('',(0.0150936068909698,-0.0519129400626772,-0.001));
#6373=CARTESIAN_POINT('',(0.0150936048487101,-0.0519129396679493,-0.000999041347990501));
#6374=CARTESIAN_POINT('',(0.01509360382758,-0.0519129394705847,-0.000998082694791735));
#6375=CARTESIAN_POINT('',(0.01509360382758,-0.0519129394705847,-0.000997124040525614));
#6376=CARTESIAN_POINT('',(0.00770542491427004,-0.0449962496287236,-0.001));
#6377=CARTESIAN_POINT('',(0.00768357434249772,-0.0449482846410081,-0.000666675864914582));
#6378=CARTESIAN_POINT('',(0.0076619475359297,-0.0449002832610563,-0.000333342451542529));
#6379=CARTESIAN_POINT('',(0.00764054033223129,-0.0448522456968847,5.16608503491998E-18));
#6380=CARTESIAN_POINT('',(0.0316718900723618,-0.0346722668018126,-500.));
#6381=CARTESIAN_POINT('',(0.0318697799629398,-0.0326820809835517,-500.));
#6382=CARTESIAN_POINT('',(0.0318697799629398,-0.0326820809835517,-0.00393419878867008));
#6383=CARTESIAN_POINT('',(0.0318697799629398,-0.0326820809835517,-0.00393419878856113));
#6384=CARTESIAN_POINT('',(0.0324190773931901,-0.0327366992043076,-0.0035127956527386));
#6385=CARTESIAN_POINT('',(0.0333366098267458,-0.0332737588545334,-0.00256177643816007));
#6386=CARTESIAN_POINT('',(0.0336650731550137,-0.0341935733266468,-0.00151780624329953));
#6387=CARTESIAN_POINT('',(0.0336716745118007,-0.0346428857044946,-0.000999999999386095));
#6388=CARTESIAN_POINT('',(0.030073274950776,-0.0264845259465693,-500.));
#6389=CARTESIAN_POINT('',(0.030271164841354,-0.0284747117648302,-0.00447081907522431));
#6390=CARTESIAN_POINT('',(0.0310134057066648,-0.0284009086243038,-0.00403909839611483));
#6391=CARTESIAN_POINT('',(0.0318434858021167,-0.0277119683341332,-0.0032086961003102));
#6392=CARTESIAN_POINT('',(0.0321366180052512,-0.0265608476066966,-0.00196051280389459));
#6393=CARTESIAN_POINT('',(0.0320245600222118,-0.025969832079691,-0.00132613427151969));
#6394=CARTESIAN_POINT('',(0.0319218342987009,-0.0257210939998973,-0.000999999999386094));
#6395=CARTESIAN_POINT('',(0.030271164841354,-0.0284747117648302,-0.00447081907532265));
#6396=CARTESIAN_POINT('',(0.030271164841354,-0.0284747117648302,-500.));
#6397=CARTESIAN_POINT('',(0.030100087889178,-0.0284917224374196,-500.));
#6398=CARTESIAN_POINT('',(0.030271164841354,-0.0284747117648302,-0.00447081907522431));
#6399=CARTESIAN_POINT('',(0.0301626630198167,-0.0284855004125005,-0.00459703815657084));
#6400=CARTESIAN_POINT('',(0.0300485977413613,-0.0284968422506671,-0.00471795852435354));
#6401=CARTESIAN_POINT('',(0.029929010937002,-0.028508733110009,-0.00483362011422624));
#6402=CARTESIAN_POINT('',(0.029929010937002,-0.028508733110009,-0.00483362011431154));
#6403=CARTESIAN_POINT('',(0.029929010937002,-0.028508733110009,-500.));
#6404=CARTESIAN_POINT('',(0.03012690082758,-0.03049891892827,-500.));
#6405=CARTESIAN_POINT('',(0.029929010937002,-0.028508733110009,-0.00483362011422624));
#6406=CARTESIAN_POINT('',(0.0297726465437158,-0.028524280870622,-0.0050604681484704));
#6407=CARTESIAN_POINT('',(0.0294323440846312,-0.0285942803035314,-0.00549154908651575));
#6408=CARTESIAN_POINT('',(0.0288580314362586,-0.028897821308824,-0.00602028276768856));
#6409=CARTESIAN_POINT('',(0.0283358237635174,-0.0294897081317707,-0.00632223460471583));
#6410=CARTESIAN_POINT('',(0.0280793773844825,-0.0302926399698739,-0.00639281560911371));
#6411=CARTESIAN_POINT('',(0.0281686450792008,-0.0311290475574356,-0.0063944183471407));
#6412=CARTESIAN_POINT('',(0.0285845126005668,-0.0318611713232691,-0.00637337098963522));
#6413=CARTESIAN_POINT('',(0.0292503208788423,-0.0323520556668825,-0.00619287389208527));
#6414=CARTESIAN_POINT('',(0.0297157342065187,-0.032467898028811,-0.00590342288225438));
#6415=CARTESIAN_POINT('',(0.029929010937002,-0.032489104746531,-0.00572857259461124));
#6416=CARTESIAN_POINT('',(0.029929010937002,-0.032489104746531,-0.00572857259470538));
#6417=CARTESIAN_POINT('',(0.029929010937002,-0.032489104746531,-500.));
#6418=CARTESIAN_POINT('',(0.0308993954499709,-0.0325855928650413,-500.));
#6419=CARTESIAN_POINT('',(0.029929010937002,-0.032489104746531,-0.00572857259461124));
#6420=CARTESIAN_POINT('',(0.0307147314070846,-0.0325672311890083,-0.00529913537193274));
#6421=CARTESIAN_POINT('',(0.0313796680001656,-0.0326333477437736,-0.00468619472607388));
#6422=CARTESIAN_POINT('',(0.0318697799629398,-0.0326820809835517,-0.00393419878856114));
#6423=CARTESIAN_POINT('',(0.03012690082758,-0.03049891892827,-500.));
#6424=CARTESIAN_POINT('',(0.0310630854420786,-0.0300659476998874,-0.00574224458956577));
#6425=CARTESIAN_POINT('',(0.0311580353274486,-0.0305044067502581,-0.00573604434140644));
#6426=CARTESIAN_POINT('',(0.0310661782135806,-0.0309099388687054,-0.00588139680184696));
#6427=CARTESIAN_POINT('',(0.0307785196330061,-0.0313234475804475,-0.00616673186177183));
#6428=CARTESIAN_POINT('',(0.0302135467852985,-0.031588503549873,-0.00657230118181797));
#6429=CARTESIAN_POINT('',(0.0294020631546099,-0.0313566105876652,-0.00693264493023466));
#6430=CARTESIAN_POINT('',(0.0289924802138348,-0.03049743937427,-0.00701779331342687));
#6431=CARTESIAN_POINT('',(0.0293894600918619,-0.0296688165356474,-0.00679602936284528));
#6432=CARTESIAN_POINT('',(0.030139278773147,-0.0294139498674071,-0.00635246815869517));
#6433=CARTESIAN_POINT('',(0.0307261993515658,-0.029626463696745,-0.0059500496881492));
#6434=CARTESIAN_POINT('',(0.0310630854420786,-0.0300659476998874,-0.00574224458956577));
#6435=CARTESIAN_POINT('',(0.0311580353274486,-0.0305044067502581,-0.00573604434140644));
#6436=CARTESIAN_POINT('',(0.0310661782135806,-0.0309099388687054,-0.00588139680184696));
#6437=CARTESIAN_POINT('',(0.03112690082758,-0.0304989189282702,-0.00576130312616009));
#6438=CARTESIAN_POINT('',(0.0308849496997308,-0.0292580406562495,-0.00573309712220079));
#6439=CARTESIAN_POINT('',(0.0300116222624536,-0.0294772533845541,-0.00655262278467655));
#6440=CARTESIAN_POINT('',(0.0289074332691247,-0.029754414357014,-0.00698427751564172));
#6441=CARTESIAN_POINT('',(0.0310604560315544,-0.0299572450190078,-0.00573309712219762));
#6442=CARTESIAN_POINT('',(0.0301798173139191,-0.0301473301428689,-0.00655262278467406));
#6443=CARTESIAN_POINT('',(0.0290663843248121,-0.0303876637137201,-0.00698427751564007));
#6444=CARTESIAN_POINT('',(0.0311985599542682,-0.0306538945365352,-0.00573309712220022));
#6445=CARTESIAN_POINT('',(0.0303125349043522,-0.0308165089757082,-0.00655262278467605));
#6446=CARTESIAN_POINT('',(0.0291922917215098,-0.0310221100667048,-0.00698427751564137));
#6447=CARTESIAN_POINT('',(0.0313051086277025,-0.0313516132388847,-0.00573309712220078));
#6448=CARTESIAN_POINT('',(0.0304150081833462,-0.0314875405426495,-0.00655262278467654));
#6449=CARTESIAN_POINT('',(0.0292896122875301,-0.0316593998319648,-0.00698427751564171));
#6450=CARTESIAN_POINT('',(0.027399722799506,-0.04656588022684,-500.));
#6451=CARTESIAN_POINT('',(0.0282129640929289,-0.0458518609635046,-0.00618201042709626));
#6452=CARTESIAN_POINT('',(0.0284476683510565,-0.0464234245220376,-0.00574517978009958));
#6453=CARTESIAN_POINT('',(0.028350772548043,-0.0469651043481604,-0.00550900143864844));
#6454=CARTESIAN_POINT('',(0.0280885389747656,-0.0473351751456253,-0.00548654751717959));
#6455=CARTESIAN_POINT('',(0.027714701619405,-0.0475424754693274,-0.00563732350201834));
#6456=CARTESIAN_POINT('',(0.0272144082393664,-0.0475995151447444,-0.00593958422021059));
#6457=CARTESIAN_POINT('',(0.0266514757369373,-0.0473565848292112,-0.0063781509542827));
#6458=CARTESIAN_POINT('',(0.0262776143218508,-0.0466175981658311,-0.00680502366339965));
#6459=CARTESIAN_POINT('',(0.0266382576716681,-0.0457174459173351,-0.00692812221379235));
#6460=CARTESIAN_POINT('',(0.0275363758303808,-0.0454639720235672,-0.00666847080880857));
#6461=CARTESIAN_POINT('',(0.0282129640929289,-0.0458518609635046,-0.00618201042709626));
#6462=CARTESIAN_POINT('',(0.0284476683510565,-0.0464234245220376,-0.00574517978009958));
#6463=CARTESIAN_POINT('',(0.028350772548043,-0.0469651043481604,-0.00550900143864844));
#6464=CARTESIAN_POINT('',(0.028399722799506,-0.046565880226851,-0.00569557570942467));
#6465=CARTESIAN_POINT('',(0.0264608987500062,-0.0485021518090472,-500.));
#6466=CARTESIAN_POINT('',(0.0259246578226071,-0.0479165035325498,-0.00503874605794585));
#6467=CARTESIAN_POINT('',(0.0264223787564145,-0.0484600827190076,-0.00440092705965644));
#6468=CARTESIAN_POINT('',(0.0267929730541418,-0.0488648222691878,-0.00357787780838578));
#6469=CARTESIAN_POINT('',(0.0269971396774054,-0.0490878000855446,-0.00265118138516854));
#6470=CARTESIAN_POINT('',(0.0269971396774054,-0.0490878000855446,-0.00265118138537445));
#6471=CARTESIAN_POINT('',(0.0269971396774054,-0.0490878000855446,-500.));
#6472=CARTESIAN_POINT('',(0.0260992573522273,-0.0499099338987411,-500.));
#6473=CARTESIAN_POINT('',(0.0269971396774054,-0.0490878000855446,-0.00265118138516854));
#6474=CARTESIAN_POINT('',(0.0272691339711634,-0.0493848549749003,-0.00243070522670115));
#6475=CARTESIAN_POINT('',(0.0274044777076184,-0.0499743587040636,-0.00203958073312109));
#6476=CARTESIAN_POINT('',(0.0271618912472459,-0.0505489734700887,-0.00151782326681471));
#6477=CARTESIAN_POINT('',(0.026929085504581,-0.0508116218081084,-0.00123304604386102));
#6478=CARTESIAN_POINT('',(0.0268043800969197,-0.050907014850766,-0.00105817754974843));
#6479=CARTESIAN_POINT('',(0.0267215273671874,-0.0509562875214813,-0.00100000901895976));
#6480=CARTESIAN_POINT('',(0.0300740832487722,-0.043591355695524,-500.));
#6481=CARTESIAN_POINT('',(0.0287369030241391,-0.045078617961182,-0.00452395568163524));
#6482=CARTESIAN_POINT('',(0.0293092048800418,-0.0455931679110493,-0.0040951980701659));
#6483=CARTESIAN_POINT('',(0.0304186311729088,-0.045725611380843,-0.00325125082358134));
#6484=CARTESIAN_POINT('',(0.0314697312061953,-0.0451166876012814,-0.00198170900810684));
#6485=CARTESIAN_POINT('',(0.0318177616966949,-0.0446087954590098,-0.00133303050625734));
#6486=CARTESIAN_POINT('',(0.031922696908119,-0.0443546561203087,-0.000999999999386094));
#6487=CARTESIAN_POINT('',(0.0288453527268699,-0.0462972219655812,-0.00548534239662166));
#6488=CARTESIAN_POINT('',(0.02810628922255,-0.0458118091622073,-0.00638531662861276));
#6489=CARTESIAN_POINT('',(0.0271370317790116,-0.0451752062585205,-0.00688237882040328));
#6490=CARTESIAN_POINT('',(0.0284723436646178,-0.0468651455753253,-0.00548534239662033));
#6491=CARTESIAN_POINT('',(0.027757717080111,-0.0463425264295712,-0.00638531662861173));
#6492=CARTESIAN_POINT('',(0.0268205078506764,-0.0456571286324186,-0.00688237882040259));
#6493=CARTESIAN_POINT('',(0.0280414817821935,-0.0474434576942538,-0.00548534239662027));
#6494=CARTESIAN_POINT('',(0.0273567036418459,-0.0468790026355685,-0.00638531662861137));
#6495=CARTESIAN_POINT('',(0.0264586396706775,-0.0461387384228246,-0.00688237882040223));
#6496=CARTESIAN_POINT('',(0.027451579763862,-0.0480463821207504,-0.00548534239662166));
#6497=CARTESIAN_POINT('',(0.0268195554441679,-0.0474280086798492,-0.00638531662861276));
#6498=CARTESIAN_POINT('',(0.0259906763657393,-0.0466170322793414,-0.00688237882040328));
#6499=CARTESIAN_POINT('',(0.0308945418721183,-0.0272244115631785,-0.00511356334844216));
#6500=CARTESIAN_POINT('',(0.0311768091445037,-0.0283846609512976,-0.00525703604025638));
#6501=CARTESIAN_POINT('',(0.0302711648413131,-0.0284747117648343,-0.00447081907524807));
#6502=CARTESIAN_POINT('',(0.0311497495996504,-0.0271916666001973,-0.00481375686016516));
#6503=CARTESIAN_POINT('',(0.0314862677205078,-0.0281713594826716,-0.00483731517215282));
#6504=CARTESIAN_POINT('',(0.0307060722373928,-0.0284314676736474,-0.00421785734980537));
#6505=CARTESIAN_POINT('',(0.0315595943969795,-0.0269987209890207,-0.00416152162674821));
#6506=CARTESIAN_POINT('',(0.0318549036184422,-0.0276827172987837,-0.00408441113929165));
#6507=CARTESIAN_POINT('',(0.031393988685251,-0.0280952623021027,-0.00366753387351026));
#6508=CARTESIAN_POINT('',(0.0319038513724323,-0.0265809444416377,-0.00312814753856262));
#6509=CARTESIAN_POINT('',(0.0320886698109444,-0.026970113516111,-0.00301626341175888));
#6510=CARTESIAN_POINT('',(0.0319540423089535,-0.0273318973325289,-0.00279562448380561));
#6511=CARTESIAN_POINT('',(0.0320253351712708,-0.0261342836139624,-0.00206580205340631));
#6512=CARTESIAN_POINT('',(0.0321057637369186,-0.0263157249790041,-0.0019967201725145));
#6513=CARTESIAN_POINT('',(0.032130217848695,-0.026501690942142,-0.00189927048904654));
#6514=CARTESIAN_POINT('',(0.0319732476021056,-0.0258455831263459,-0.00135998065470393));
#6515=CARTESIAN_POINT('',(0.0319960238353152,-0.0259017474047201,-0.00133185717273619));
#6516=CARTESIAN_POINT('',(0.0320195158111981,-0.0259576160729421,-0.00130373366351258));
#6517=CARTESIAN_POINT('',(0.0319218350225925,-0.0257210937009393,-0.000999999999329251));
#6518=CARTESIAN_POINT('',(0.0319218350225925,-0.0257210937009393,-0.000999999999329251));
#6519=CARTESIAN_POINT('',(0.0319218350225925,-0.0257210937009393,-0.000999999999329251));
#6520=CARTESIAN_POINT('',(0.030172219896065,-0.0274796188556998,-0.00447081907522431));
#6521=CARTESIAN_POINT('',(0.0304930757714488,-0.0272761156275451,-0.0055435497649927));
#6522=CARTESIAN_POINT('',(0.030748922385429,-0.0284272069603781,-0.00568973843369497));
#6523=CARTESIAN_POINT('',(0.0299290109370161,-0.0285087331100076,-0.00483362011421259));
#6524=CARTESIAN_POINT('',(0.0306333597484083,-0.0272579794368063,-0.00540646936622002));
#6525=CARTESIAN_POINT('',(0.0308984611259142,-0.0284123378940245,-0.00555220378131552));
#6526=CARTESIAN_POINT('',(0.0300485977377787,-0.0284968422510233,-0.00471795852768597));
#6527=CARTESIAN_POINT('',(0.0307672021037637,-0.0272407501302526,-0.00526315633369077));
#6528=CARTESIAN_POINT('',(0.03104107212268,-0.0283981576731145,-0.00540799003596502));
#6529=CARTESIAN_POINT('',(0.0301626630195157,-0.0284855004125304,-0.00459703815628713));
#6530=CARTESIAN_POINT('',(0.0308945418721426,-0.0272244115631761,-0.00511356334841399));
#6531=CARTESIAN_POINT('',(0.031176809144535,-0.0283846609512757,-0.00525703604021252));
#6532=CARTESIAN_POINT('',(0.030271164841354,-0.0284747117648302,-0.00447081907522431));
#6533=CARTESIAN_POINT('',(0.029830065991713,-0.0275136402008786,-0.00483362011422624));
#6534=CARTESIAN_POINT('',(0.0303118947319001,-0.0334516731703494,-0.00660423418620063));
#6535=CARTESIAN_POINT('',(0.0303677997853488,-0.0325327347816699,-0.00653934078429251));
#6536=CARTESIAN_POINT('',(0.0299290109370074,-0.0324891047465315,-0.00572857259460678));
#6537=CARTESIAN_POINT('',(0.0299060672135985,-0.0334206098909437,-0.00682638512506317));
#6538=CARTESIAN_POINT('',(0.0300563940194884,-0.032551627935989,-0.00672096459004838));
#6539=CARTESIAN_POINT('',(0.0297003778581093,-0.0324663711029947,-0.00591601244361637));
#6540=CARTESIAN_POINT('',(0.0290637152978084,-0.0332322705234214,-0.00716469351590479));
#6541=CARTESIAN_POINT('',(0.029404288791806,-0.0324543055271292,-0.00702204534719092));
#6542=CARTESIAN_POINT('',(0.0292250783851026,-0.0323378732221945,-0.00620146015666946));
#6543=CARTESIAN_POINT('',(0.0279580178441994,-0.0325293972037104,-0.00736353408559143));
#6544=CARTESIAN_POINT('',(0.0286153299930149,-0.0319074109356635,-0.00725747973322839));
#6545=CARTESIAN_POINT('',(0.0285958426350826,-0.031864107940055,-0.00636923188401452));
#6546=CARTESIAN_POINT('',(0.0272700793428807,-0.0315143369757811,-0.00739322212209894));
#6547=CARTESIAN_POINT('',(0.0281907605546861,-0.0311787129121699,-0.00734937913682693));
#6548=CARTESIAN_POINT('',(0.0281929433783737,-0.0311815749720977,-0.00639428116570919));
#6549=CARTESIAN_POINT('',(0.0271110436626152,-0.0303352768043329,-0.00739174951772119));
#6550=CARTESIAN_POINT('',(0.0280745310021685,-0.0303991042119033,-0.00733506727695353));
#6551=CARTESIAN_POINT('',(0.0280783123348792,-0.0303981016091038,-0.00639303865552767));
#6552=CARTESIAN_POINT('',(0.0275019434072751,-0.0291463873139679,-0.00733380061046155));
#6553=CARTESIAN_POINT('',(0.028287242178484,-0.0295471528515646,-0.00721091288660062));
#6554=CARTESIAN_POINT('',(0.0282697837477261,-0.0296283438030838,-0.00634414426508751));
#6555=CARTESIAN_POINT('',(0.0283623869608882,-0.0281377377995959,-0.00705452674302185));
#6556=CARTESIAN_POINT('',(0.0289191679708524,-0.02878913412399,-0.00691859727522481));
#6557=CARTESIAN_POINT('',(0.0287330973068575,-0.0290002658340304,-0.00610850693943194));
#6558=CARTESIAN_POINT('',(0.0294545203335444,-0.0274947960755434,-0.00644728312883654));
#6559=CARTESIAN_POINT('',(0.0298346559944456,-0.0283847925649564,-0.00639258463789948));
#6560=CARTESIAN_POINT('',(0.0293406412583577,-0.0286202648044173,-0.00559614513991632));
#6561=CARTESIAN_POINT('',(0.0301636117415824,-0.027318709381255,-0.00586549002596787));
#6562=CARTESIAN_POINT('',(0.0304534689428292,-0.0283820148840314,-0.00593463273172494));
#6563=CARTESIAN_POINT('',(0.0297417738289104,-0.0285273506333021,-0.00510525720949773));
#6564=CARTESIAN_POINT('',(0.0304930757714653,-0.0272761156275425,-0.00554354976497647));
#6565=CARTESIAN_POINT('',(0.0307489223854428,-0.0284272069603846,-0.00568973843368597));
#6566=CARTESIAN_POINT('',(0.0299290109370208,-0.0285087331100072,-0.0048336201141989));
#6567=CARTESIAN_POINT('',(0.0295898417651556,-0.0275021681415679,-0.00630436523570005));
#6568=CARTESIAN_POINT('',(0.0293317077812759,-0.0277557613025028,-0.00652667269619768));
#6569=CARTESIAN_POINT('',(0.0287262141080749,-0.0282523791375505,-0.00686806434374183));
#6570=CARTESIAN_POINT('',(0.0280736800136041,-0.0287155941594424,-0.00716900171774635));
#6571=CARTESIAN_POINT('',(0.0277257356968852,-0.0289432122985387,-0.00725553499288496));
#6572=CARTESIAN_POINT('',(0.029830065991713,-0.0334841976556614,-0.00572857259461124));
#6573=CARTESIAN_POINT('',(0.0326090860832475,-0.033631522655746,-0.00447756893458704));
#6574=CARTESIAN_POINT('',(0.0326014116297969,-0.0327548292210124,-0.00441575283892519));
#6575=CARTESIAN_POINT('',(0.0318697799629419,-0.0326820809835519,-0.00393419878855782));
#6576=CARTESIAN_POINT('',(0.0320288331318382,-0.0335851581352098,-0.00536882337809988));
#6577=CARTESIAN_POINT('',(0.0320368929792587,-0.0326986975106513,-0.00530039718997765));
#6578=CARTESIAN_POINT('',(0.0313796679960264,-0.0326333477433619,-0.00468619472226287));
#6579=CARTESIAN_POINT('',(0.031241672674591,-0.0335228412267045,-0.00609527155195243));
#6580=CARTESIAN_POINT('',(0.0312675364995979,-0.0326221981866802,-0.00602541231755584));
#6581=CARTESIAN_POINT('',(0.0307147314061126,-0.0325672311889116,-0.00529913537033861));
#6582=CARTESIAN_POINT('',(0.0303118947318905,-0.0334516731703495,-0.00660423418620591));
#6583=CARTESIAN_POINT('',(0.0303677997853417,-0.0325327347816704,-0.00653934078429755));
#6584=CARTESIAN_POINT('',(0.029929010937002,-0.032489104746531,-0.00572857259461124));
#6585=CARTESIAN_POINT('',(0.0317708350176508,-0.0336771738926821,-0.00393419878856114));
#6586=CARTESIAN_POINT('',(0.0318697799628879,-0.0326820809835466,-0.00393419878860092));
#6587=CARTESIAN_POINT('',(0.0326014116297571,-0.0327548292209892,-0.0044157528389846));
#6588=CARTESIAN_POINT('',(0.0326090860832142,-0.0336315226557428,-0.00447756893463813));
#6589=CARTESIAN_POINT('',(0.0321720114578188,-0.0327121327289145,-0.00370233660678093));
#6590=CARTESIAN_POINT('',(0.0328041553056677,-0.0328811057125325,-0.00410822862310581));
#6591=CARTESIAN_POINT('',(0.0327879949156261,-0.033645818206568,-0.00420276931429879));
#6592=CARTESIAN_POINT('',(0.0326935214058366,-0.0328960130649649,-0.00323160823434762));
#6593=CARTESIAN_POINT('',(0.0331220913336026,-0.0331640079333864,-0.00352823561633621));
#6594=CARTESIAN_POINT('',(0.0330961802263421,-0.0337389196357942,-0.0036448690173231));
#6595=CARTESIAN_POINT('',(0.0334451013089814,-0.033549716115275,-0.00224317603382495));
#6596=CARTESIAN_POINT('',(0.0335410116664793,-0.0337893709754283,-0.00240003122458722));
#6597=CARTESIAN_POINT('',(0.0335392578626622,-0.0340754655910826,-0.00247339381856457));
#6598=CARTESIAN_POINT('',(0.0336652713652606,-0.0342070732023153,-0.00150050989113769));
#6599=CARTESIAN_POINT('',(0.0336669182391577,-0.0343118279976473,-0.00154685342366268));
#6600=CARTESIAN_POINT('',(0.0336683495548858,-0.0344165859891497,-0.00159319690801412));
#6601=CARTESIAN_POINT('',(0.0336716743801772,-0.0346428857064285,-0.000999999999329252));
#6602=CARTESIAN_POINT('',(0.0336716743801772,-0.0346428857064285,-0.000999999999329252));
#6603=CARTESIAN_POINT('',(0.0336716743801772,-0.0346428857064285,-0.000999999999329252));
#6604=CARTESIAN_POINT('',(0.0300886953546049,-0.0446626579269953,-0.00517654006715982));
#6605=CARTESIAN_POINT('',(0.0294240627126927,-0.0456964352540477,-0.0053532827923315));
#6606=CARTESIAN_POINT('',(0.0287369030240979,-0.045078617961145,-0.0045239556816661));
#6607=CARTESIAN_POINT('',(0.0302928437281713,-0.0448347797328722,-0.00487638890319458));
#6608=CARTESIAN_POINT('',(0.0298103420334622,-0.0457868834297132,-0.0049185117122941));
#6609=CARTESIAN_POINT('',(0.0290749422456419,-0.0453825450980472,-0.00427070313645501));
#6610=CARTESIAN_POINT('',(0.0307293432383786,-0.0450056283997819,-0.00421711208466409));
#6611=CARTESIAN_POINT('',(0.030443021932843,-0.0457136193424747,-0.00414638041367008));
#6612=CARTESIAN_POINT('',(0.0298152690761926,-0.0456631604686987,-0.00371443832222236));
#6613=CARTESIAN_POINT('',(0.0312860461885052,-0.0449597726436143,-0.003164192991342));
#6614=CARTESIAN_POINT('',(0.0311386576941142,-0.0453736732736661,-0.00305229299384027));
#6615=CARTESIAN_POINT('',(0.0307800868156463,-0.0455324342460946,-0.00282603783461336));
#6616=CARTESIAN_POINT('',(0.0316979432232966,-0.0447283268426675,-0.00208936591172235));
#6617=CARTESIAN_POINT('',(0.0316254507944824,-0.0449179709777763,-0.00201920510166355));
#6618=CARTESIAN_POINT('',(0.0315080012947136,-0.0450692569646772,-0.00191915249455452));
#6619=CARTESIAN_POINT('',(0.0318703632047255,-0.0444814045165956,-0.00136635938864757));
#6620=CARTESIAN_POINT('',(0.0318462783626974,-0.0445382149365029,-0.00133773756827676));
#6621=CARTESIAN_POINT('',(0.0318232658617269,-0.0445954681128884,-0.00130911572013519));
#6622=CARTESIAN_POINT('',(0.0319226979737088,-0.0443546565602951,-0.000999999999329251));
#6623=CARTESIAN_POINT('',(0.0319226979737088,-0.0443546565602951,-0.000999999999329251));
#6624=CARTESIAN_POINT('',(0.0319226979737088,-0.0443546565602951,-0.000999999999329251));
#6625=CARTESIAN_POINT('',(0.0255155822117912,-0.0491686495041778,-0.00578666199454621));
#6626=CARTESIAN_POINT('',(0.0264372525936163,-0.0484763269791263,-0.00591585621485832));
#6627=CARTESIAN_POINT('',(0.025924657822632,-0.0479165035325767,-0.00503874605789837));
#6628=CARTESIAN_POINT('',(0.0250760542477576,-0.0486760905604265,-0.00635957515823374));
#6629=CARTESIAN_POINT('',(0.0259799169196169,-0.0481714209119163,-0.00633952210217668));
#6630=CARTESIAN_POINT('',(0.0256731799437792,-0.0476418553682968,-0.00552214153690238));
#6631=CARTESIAN_POINT('',(0.0247058025578447,-0.0479728331239193,-0.00680993910413477));
#6632=CARTESIAN_POINT('',(0.0255650667783122,-0.0476409502967921,-0.00672197676922242));
#6633=CARTESIAN_POINT('',(0.0254619294982814,-0.0472486454961439,-0.00590213613935182));
#6634=CARTESIAN_POINT('',(0.0245870837180464,-0.04715958367127,-0.0070638071291409));
#6635=CARTESIAN_POINT('',(0.0254384821299991,-0.0470319615417671,-0.00694758747747993));
#6636=CARTESIAN_POINT('',(0.0254113303618719,-0.0467810441503016,-0.00611633726521263));
#6637=CARTESIAN_POINT('',(0.0244171341430549,-0.0468886261120325,-0.00611633726521263));
#6638=CARTESIAN_POINT('',(0.0251871253341579,-0.0485918151854046,-0.00503874605794586));
#6639=CARTESIAN_POINT('',(0.0267690147149714,-0.0505674785895127,-0.00295695571579321));
#6640=CARTESIAN_POINT('',(0.0277574217107136,-0.0499181318258288,-0.00301847510216297));
#6641=CARTESIAN_POINT('',(0.0269971396773983,-0.0490878000855369,-0.00265118138520052));
#6642=CARTESIAN_POINT('',(0.0265298132385133,-0.0503014519641855,-0.00405526253121919));
#6643=CARTESIAN_POINT('',(0.0275058449053726,-0.0496433756203373,-0.00414769068221587));
#6644=CARTESIAN_POINT('',(0.0267929730607709,-0.0488648222764277,-0.0035778777589011));
#6645=CARTESIAN_POINT('',(0.0260955199383169,-0.0498185592963542,-0.00503072836705674));
#6646=CARTESIAN_POINT('',(0.0270517911682096,-0.049147486972104,-0.00514596597357168));
#6647=CARTESIAN_POINT('',(0.0264223787550058,-0.048460082717469,-0.00440092705759802));
#6648=CARTESIAN_POINT('',(0.0255155822117479,-0.0491686495041295,-0.00578666199460249));
#6649=CARTESIAN_POINT('',(0.0264372525935678,-0.0484763269790941,-0.00591585621490304));
#6650=CARTESIAN_POINT('',(0.0259246578226072,-0.0479165035325498,-0.00503874605794585));
#6651=CARTESIAN_POINT('',(0.0262596071889559,-0.0497631117383995,-0.00265118138516854));
#6652=CARTESIAN_POINT('',(0.0269971396773012,-0.0490878000854308,-0.00265118138525295));
#6653=CARTESIAN_POINT('',(0.0277574217108101,-0.0499181318257229,-0.00301847510227929));
#6654=CARTESIAN_POINT('',(0.026769014714958,-0.0505674785894976,-0.00295695571585534));
#6655=CARTESIAN_POINT('',(0.0271635421726678,-0.0492695343201977,-0.00251629696824152));
#6656=CARTESIAN_POINT('',(0.0276313202113407,-0.0500834056908418,-0.00279544668205883));
#6657=CARTESIAN_POINT('',(0.0268038314085843,-0.0506061998766805,-0.00279709270344795));
#6658=CARTESIAN_POINT('',(0.0273367304317739,-0.0496627849008907,-0.00224351131471754));
#6659=CARTESIAN_POINT('',(0.0274357600279825,-0.0503268441330705,-0.00242957624753334));
#6660=CARTESIAN_POINT('',(0.0268410937939986,-0.0506890490112303,-0.00247379118765208));
#6661=CARTESIAN_POINT('',(0.0273151105532262,-0.0502101697346284,-0.00183064459446257));
#6662=CARTESIAN_POINT('',(0.0271922361042348,-0.0505938131200762,-0.00192965421741267));
#6663=CARTESIAN_POINT('',(0.026839327180888,-0.0508031403263045,-0.00198446766755542));
#6664=CARTESIAN_POINT('',(0.0271372686155326,-0.0505838198498729,-0.00148483668196803));
#6665=CARTESIAN_POINT('',(0.027001284110726,-0.0507641761287041,-0.00153435340926575));
#6666=CARTESIAN_POINT('',(0.0268047645940343,-0.0508803240025453,-0.00157462125269722));
#6667=CARTESIAN_POINT('',(0.0269117080934987,-0.0508252362537313,-0.00120820907415848));
#6668=CARTESIAN_POINT('',(0.026839409106631,-0.0508828093820148,-0.00122819942461197));
#6669=CARTESIAN_POINT('',(0.0267597933463062,-0.050929748660947,-0.00124676631011505));
#6670=CARTESIAN_POINT('',(0.0268025180976546,-0.0509081283784101,-0.00106862007542177));
#6671=CARTESIAN_POINT('',(0.0267699329759333,-0.0509269316618999,-0.00107497380053835));
#6672=CARTESIAN_POINT('',(0.0267378528216254,-0.050946583960362,-0.00108132749679576));
#6673=CARTESIAN_POINT('',(0.0267215167003027,-0.0509562988349727,-0.000999999996914801));
#6674=CARTESIAN_POINT('',(0.0267215167003027,-0.0509562988349727,-0.000999999996914801));
#6675=CARTESIAN_POINT('',(0.0267215167003027,-0.0509562988349727,-0.000999999996914801));
#6676=CARTESIAN_POINT('',(0.0196835456927086,-0.0195376312359448,0.001));
#6677=CARTESIAN_POINT('',(0.0177139301866843,-0.0198849275912787,0.001));
#6678=CARTESIAN_POINT('',(0.0172442332718059,-0.0199677478301272,-0.00239362398051844));
#6679=CARTESIAN_POINT('',(0.0172442332718059,-0.0199677478301272,-0.00239362398051844));
#6680=CARTESIAN_POINT('',(0.0171749106470701,-0.0200743478901226,-0.00301109835826843));
#6681=CARTESIAN_POINT('',(0.017092204608369,-0.0203542083982582,-0.0039214548588549));
#6682=CARTESIAN_POINT('',(0.0172402933919244,-0.0210321457930901,-0.00498519781303825));
#6683=CARTESIAN_POINT('',(0.0175111365549429,-0.0214770167257955,-0.00538012371004973));
#6684=CARTESIAN_POINT('',(0.0177226596155967,-0.0216900332818211,-0.00548697491096655));
#6685=CARTESIAN_POINT('',(0.0177226596155967,-0.0216900332818211,-0.00548697491096655));
#6686=CARTESIAN_POINT('',(0.0177226596155966,-0.0216900332818211,-0.00548697491096655));
#6687=CARTESIAN_POINT('',(0.0181488605751003,-0.0221192435073524,-0.00570227098418958));
#6688=CARTESIAN_POINT('',(0.0187876492386266,-0.0224084619313067,-0.00567834620192013));
#6689=CARTESIAN_POINT('',(0.0194247299353983,-0.0224647917841747,-0.00567834620192013));
#6690=CARTESIAN_POINT('',(0.0194247299353983,-0.0224647917841747,-0.00567834620192013));
#6691=CARTESIAN_POINT('',(0.0196835456927086,-0.0195376312359448,-0.00567834620192013));
#6692=CARTESIAN_POINT('',(0.0199423614500175,-0.0224647917841748,-0.00567834620192016));
#6693=CARTESIAN_POINT('',(0.0199423614500175,-0.0224647917841748,-0.00567834620192016));
#6694=CARTESIAN_POINT('',(0.0205790211016574,-0.0224084991595742,-0.00567834620192016));
#6695=CARTESIAN_POINT('',(0.0212091890465813,-0.0221228454710741,-0.00570081466155539));
#6696=CARTESIAN_POINT('',(0.0216334633343129,-0.0217010086755229,-0.00549243834568764));
#6697=CARTESIAN_POINT('',(0.0216334633343129,-0.0217010086755229,-0.00549243834568765));
#6698=CARTESIAN_POINT('',(0.0216334633343129,-0.0217010086755229,-0.00549243834568765));
#6699=CARTESIAN_POINT('',(0.0218494105854445,-0.0214863020577002,-0.00538637889596437));
#6700=CARTESIAN_POINT('',(0.0221233591315276,-0.0210402687358129,-0.00499250001744787));
#6701=CARTESIAN_POINT('',(0.0222752631272632,-0.0203536989298654,-0.00391737926423383));
#6702=CARTESIAN_POINT('',(0.0221907817470977,-0.0200736669801441,-0.0030004539344597));
#6703=CARTESIAN_POINT('',(0.0221205975238663,-0.0199673492271631,-0.00237729091268287));
#6704=CARTESIAN_POINT('',(0.0221205975238652,-0.0199673492271626,-0.00237729091268309));
#6705=CARTESIAN_POINT('',(0.021653161198733,-0.0198849275912787,0.001));
#6706=CARTESIAN_POINT('',(0.0196835456927086,-0.0195376312359448,-0.009002));
#6707=CARTESIAN_POINT('',(0.0196835456927086,-0.0195376312359448,-0.0055));
#6708=CARTESIAN_POINT('',(0.0206835456927086,-0.0195376312359448,-0.0055));
#6709=CARTESIAN_POINT('',(0.0190022349075329,-0.0349190776717088,0.001));
#6710=CARTESIAN_POINT('',(0.0221205975238652,-0.0199673492271626,-0.00237729091268309));
#6711=CARTESIAN_POINT('',(0.022087531142155,-0.0198639653017598,-0.00201784762756604));
#6712=CARTESIAN_POINT('',(0.0220451732491948,-0.0198066072855523,-0.00165016448062206));
#6713=CARTESIAN_POINT('',(0.0219939885448937,-0.019795961866523,-0.00127834620192009));
#6714=CARTESIAN_POINT('',(0.0219939885448937,-0.019795961866523,-0.00127834620192009));
#6715=CARTESIAN_POINT('',(0.0219939885448937,-0.019795961866523,-0.00127834620192009));
#6716=CARTESIAN_POINT('',(0.0219481019047878,-0.0197864183413929,-0.000945014364362461));
#6717=CARTESIAN_POINT('',(0.0219021010270383,-0.0197775214851636,-0.00061168103797705));
#6718=CARTESIAN_POINT('',(0.0218559843123079,-0.0197692803512564,-0.000278346201920131));
#6719=CARTESIAN_POINT('',(0.0218559853517227,-0.0197692744579346,-0.000278346203764764));
#6720=CARTESIAN_POINT('',(0.0218559853517227,-0.0197692744579346,-0.000278346203764764));
#6721=CARTESIAN_POINT('',(0.0217970315142932,-0.0197587432959624,0.000147771325581115));
#6722=CARTESIAN_POINT('',(0.0217378890352336,-0.0197492832169196,0.000573887319010899));
#6723=CARTESIAN_POINT('',(0.021678555022893,-0.0197409120579898,0.001));
#6724=CARTESIAN_POINT('',(0.0203643161170399,-0.0349160131330757,0.001));
#6725=CARTESIAN_POINT('',(0.0176880865189154,-0.0197383608681089,0.001));
#6726=CARTESIAN_POINT('',(0.0176287130041028,-0.0197465075338624,0.000573887891728843));
#6727=CARTESIAN_POINT('',(0.0175695312808519,-0.0197557450411644,0.000147771906790779));
#6728=CARTESIAN_POINT('',(0.0175105384338606,-0.0197660554370216,-0.000278346200930199));
#6729=CARTESIAN_POINT('',(0.0175105392614505,-0.0197660601313181,-0.000278346201920129));
#6730=CARTESIAN_POINT('',(0.0175105392614505,-0.0197660601313181,-0.000278346201920129));
#6731=CARTESIAN_POINT('',(0.017464392117265,-0.0197741284180141,-0.000611680700424144));
#6732=CARTESIAN_POINT('',(0.0174183609909123,-0.0197828537270886,-0.000945014028289918));
#6733=CARTESIAN_POINT('',(0.0173724442567807,-0.019792226852515,-0.00127834620192013));
#6734=CARTESIAN_POINT('',(0.0173724442567807,-0.019792226852515,-0.00127834620192013));
#6735=CARTESIAN_POINT('',(0.0173724442567807,-0.019792226852515,-0.00127834620192013));
#6736=CARTESIAN_POINT('',(0.0173204719114676,-0.0198028361286434,-0.00165563903773471));
#6737=CARTESIAN_POINT('',(0.0172775290758253,-0.0198616437643027,-0.00202921214446355));
#6738=CARTESIAN_POINT('',(0.0172442332718059,-0.0199677478301272,-0.00239362398051844));
#6739=CARTESIAN_POINT('',(0.0206809373901222,-0.0381862389267475,0.001));
#6740=CARTESIAN_POINT('',(0.00879171745834337,-0.0419862480610792,0.001));
#6741=CARTESIAN_POINT('',(0.00881564335141752,-0.0420414727082503,0.000573880065312628));
#6742=CARTESIAN_POINT('',(0.00883986551415741,-0.0420966019975194,0.000147764636191213));
#6743=CARTESIAN_POINT('',(0.00886438956505759,-0.0421516341205076,-0.000278346201920131));
#6744=CARTESIAN_POINT('',(0.00886438990970701,-0.0421516340095393,-0.000278346196415846));
#6745=CARTESIAN_POINT('',(0.00886438990970701,-0.0421516340095393,-0.000278346196415846));
#6746=CARTESIAN_POINT('',(0.00888357461053559,-0.0421946842981367,-0.000611682609291425));
#6747=CARTESIAN_POINT('',(0.00890294405089011,-0.0422376750888808,-0.00094501596025948));
#6748=CARTESIAN_POINT('',(0.00892250109063199,-0.0422806054607147,-0.00127834620192013));
#6749=CARTESIAN_POINT('',(0.00892250109063199,-0.0422806054607147,-0.00127834620192013));
#6750=CARTESIAN_POINT('',(0.00892250109063199,-0.0422806054607148,-0.00127834620192013));
#6751=CARTESIAN_POINT('',(0.00897608460207186,-0.0423982285826516,-0.00219162372515549));
#6752=CARTESIAN_POINT('',(0.00930148813278994,-0.0424247679733149,-0.003076400417294));
#6753=CARTESIAN_POINT('',(0.00984960095254138,-0.0423585720485388,-0.0038150966984329));
#6754=CARTESIAN_POINT('',(0.00984960095254138,-0.0423585720485387,-0.00381509669843293));
#6755=CARTESIAN_POINT('',(0.00964357717400087,-0.0417139783310884,0.000999999999976812));
#6756=CARTESIAN_POINT('',(0.00903468582758,-0.03980891892827,-500.));
#6757=CARTESIAN_POINT('',(0.00903468582758,-0.03980891892827,-0.00389999999998736));
#6758=CARTESIAN_POINT('',(0.01003468582758,-0.03980891892827,-0.00389999999998736));
#6759=CARTESIAN_POINT('',(0.0195444991590367,-0.0382348772021458,0.001));
#6760=CARTESIAN_POINT('',(0.00911599260364507,-0.037810572309646,0.000999999999976354));
#6761=CARTESIAN_POINT('',(0.00914818267862764,-0.0370194091298,-0.00463407617367348));
#6762=CARTESIAN_POINT('',(0.00914818267862749,-0.0370194091297967,-0.00463407617367302));
#6763=CARTESIAN_POINT('',(0.00816597287092762,-0.0370966117483965,-0.00380108729465004));
#6764=CARTESIAN_POINT('',(0.00759450029036964,-0.0372485305872664,-0.0025557158272156));
#6765=CARTESIAN_POINT('',(0.00759746537465445,-0.0374283223535298,-0.00127834620192013));
#6766=CARTESIAN_POINT('',(0.00759746537465445,-0.0374283223535298,-0.00127834620192013));
#6767=CARTESIAN_POINT('',(0.00759746537465445,-0.0374283223535298,-0.00127834620192013));
#6768=CARTESIAN_POINT('',(0.00759823912460952,-0.0374752396947267,-0.000945011768480486));
#6769=CARTESIAN_POINT('',(0.0075991453515111,-0.0375221622716847,-0.000611678432259447));
#6770=CARTESIAN_POINT('',(0.00760018428065383,-0.0375690900933077,-0.000278346195122979));
#6771=CARTESIAN_POINT('',(0.00760018428065383,-0.0375690900933077,-0.000278346195122979));
#6772=CARTESIAN_POINT('',(0.00760018506435617,-0.0375690901242382,-0.000278346201920131));
#6773=CARTESIAN_POINT('',(0.00760151327066793,-0.0376290806076583,0.000147771188703743));
#6774=CARTESIAN_POINT('',(0.007603058239859,-0.0376890796308264,0.000573886590887295));
#6775=CARTESIAN_POINT('',(0.00760482047671001,-0.0377490872136295,0.001));
#6776=CARTESIAN_POINT('',(0.00903468582758,-0.03980891892827,0.000999999999976353));
#6777=CARTESIAN_POINT('',(0.00903468582758,-0.03980891892827,-0.00178917310096006));
#6778=CARTESIAN_POINT('',(0.00903468582758,-0.03980891892827,-0.00567834620192013));
#6779=CARTESIAN_POINT('',(0.0108629716563332,-0.0375083482599996,-0.00567834620192014));
#6780=CARTESIAN_POINT('',(0.0108629716563332,-0.0375083482599996,-0.00567834620192013));
#6781=CARTESIAN_POINT('',(0.0105732075647009,-0.0372780699252717,-0.00567834620192014));
#6782=CARTESIAN_POINT('',(0.00988748969698758,-0.0369682232468695,-0.00549300507362863));
#6783=CARTESIAN_POINT('',(0.00935774319882278,-0.0369853500579228,-0.00493683701036218));
#6784=CARTESIAN_POINT('',(0.00914818267862764,-0.0370194091298,-0.00463407617367315));
#6785=CARTESIAN_POINT('',(0.00984960095254031,-0.0423585720485356,-0.00381509669843339));
#6786=CARTESIAN_POINT('',(0.00985754186588098,-0.0423586689387374,-0.00383295533367064));
#6787=CARTESIAN_POINT('',(0.00986556988057359,-0.0423586984128465,-0.00385077201871139));
#6788=CARTESIAN_POINT('',(0.00987368590694558,-0.0423586575800385,-0.00386854628740959));
#6789=CARTESIAN_POINT('',(0.00760018506435617,-0.0375690901242382,-0.00027834620192013));
#6790=CARTESIAN_POINT('',(0.00572238297213941,-0.0374949787985228,-0.00026205941569547));
#6791=CARTESIAN_POINT('',(0.00568119058047765,-0.0356344609955838,-2.98519141380022E-33));
#6792=CARTESIAN_POINT('',(0.00760152124209022,-0.0376294406490299,0.000150328592495045));
#6793=CARTESIAN_POINT('',(0.00572822332238148,-0.0375555276832501,0.000166722721726565));
#6794=CARTESIAN_POINT('',(0.00568263389537458,-0.0356996505355122,0.00042867479441548));
#6795=CARTESIAN_POINT('',(0.00760307679008551,-0.0376897997173934,0.000579000671432534));
#6796=CARTESIAN_POINT('',(0.00573427701836337,-0.0376161524895393,0.000595982909335291));
#6797=CARTESIAN_POINT('',(0.00568431421118108,-0.0357648512140104,0.000857346873351257));
#6798=CARTESIAN_POINT('',(0.007604852220387,-0.03775016734927,0.00100767002854904));
#6799=CARTESIAN_POINT('',(0.00574054675023109,-0.0376768526115612,0.00102571606190979));
#6800=CARTESIAN_POINT('',(0.00568623212965608,-0.0358300636846997,0.00128601623046917));
#6801=CARTESIAN_POINT('',(0.00760018506435616,-0.0375690901242382,-0.000278346201920136));
#6802=CARTESIAN_POINT('',(0.00709772611139298,-0.037549259547163,-0.000273988212551878));
#6803=CARTESIAN_POINT('',(0.00611218905815546,-0.0371158279551455,-0.000209896091765007));
#6804=CARTESIAN_POINT('',(0.00569221276757084,-0.0361322950490811,-7.01213936070605E-5));
#6805=CARTESIAN_POINT('',(0.00568119058047766,-0.0356344609955837,8.37793089678991E-19));
#6806=CARTESIAN_POINT('',(0.00759746537465445,-0.0374283223535299,-0.00127834620192013));
#6807=CARTESIAN_POINT('',(0.0057091119434774,-0.0373535870073962,-0.00126344375975329));
#6808=CARTESIAN_POINT('',(0.0056782528017435,-0.0354824025604212,-0.001));
#6809=CARTESIAN_POINT('',(0.0075982391246029,-0.0374752396944073,-0.000945011770749477));
#6810=CARTESIAN_POINT('',(0.00571340538252875,-0.0374006714874553,-0.000929939173419428));
#6811=CARTESIAN_POINT('',(0.00567908857422663,-0.0355330807187815,-0.000666665568825508));
#6812=CARTESIAN_POINT('',(0.00759914535149899,-0.037522162271047,-0.000611678436788989));
#6813=CARTESIAN_POINT('',(0.00571782770404305,-0.0374478021307279,-0.000596143671732645));
#6814=CARTESIAN_POINT('',(0.00568006746791644,-0.0355837660266408,-0.000333332234869597));
#6815=CARTESIAN_POINT('',(0.00760018428063265,-0.0375690900923508,-0.000278346201920132));
#6816=CARTESIAN_POINT('',(0.00572237956296466,-0.037494978611501,-0.000262059759173599));
#6817=CARTESIAN_POINT('',(0.00568118973439768,-0.0356344581471814,-3.8537588893566E-19));
#6818=CARTESIAN_POINT('',(0.00767798087876401,-0.0354494235068288,-0.001));
#6819=CARTESIAN_POINT('',(0.0056782528017435,-0.0354824025604212,-0.001));
#6820=CARTESIAN_POINT('',(0.00570911194347742,-0.0373535870073961,-0.00126344375975329));
#6821=CARTESIAN_POINT('',(0.00759746537465445,-0.0374283223535298,-0.00127834620192013));
#6822=CARTESIAN_POINT('',(0.00567505004125677,-0.0352881989865879,-0.00285799217978385));
#6823=CARTESIAN_POINT('',(0.00576702284355886,-0.0371041089852828,-0.00305385617456485));
#6824=CARTESIAN_POINT('',(0.00759450030091624,-0.0372485305879331,-0.00255571582552651));
#6825=CARTESIAN_POINT('',(0.00650644031277472,-0.0351221884972694,-0.00466944159028322));
#6826=CARTESIAN_POINT('',(0.0066128384483089,-0.0368936196711026,-0.0047949912338044));
#6827=CARTESIAN_POINT('',(0.00816597287606149,-0.0370966117492605,-0.00380108728999317));
#6828=CARTESIAN_POINT('',(0.00793511290983249,-0.0350406694555093,-0.00588106177709512));
#6829=CARTESIAN_POINT('',(0.00801510670271846,-0.0367883936921125,-0.00594871958279653));
#6830=CARTESIAN_POINT('',(0.00914818267862749,-0.0370194091297968,-0.00463407617367302));
#6831=CARTESIAN_POINT('',(0.00922869818273712,-0.0350405102830958,-0.00435572997175296));
#6832=CARTESIAN_POINT('',(0.0079351129098327,-0.0350406694555127,-0.0058810617770953));
#6833=CARTESIAN_POINT('',(0.00801510670271875,-0.0367883936921157,-0.0059487195827966));
#6834=CARTESIAN_POINT('',(0.00914818267862764,-0.0370194091298,-0.00463407617367315));
#6835=CARTESIAN_POINT('',(0.00855403151080885,-0.0350053543920417,-0.00640595059520635));
#6836=CARTESIAN_POINT('',(0.00851034092349496,-0.0366528667748738,-0.00635386593580005));
#6837=CARTESIAN_POINT('',(0.0093979581562612,-0.0369788140750893,-0.00499493723357566));
#6838=CARTESIAN_POINT('',(0.0100016335324092,-0.0350945337259989,-0.00720970618899219));
#6839=CARTESIAN_POINT('',(0.0096308426233929,-0.036579346307831,-0.00700192359558755));
#6840=CARTESIAN_POINT('',(0.00999366943280173,-0.0369950491643347,-0.00554751919848557));
#6841=CARTESIAN_POINT('',(0.0114674965750134,-0.0356193586388763,-0.00740000000000001));
#6842=CARTESIAN_POINT('',(0.0106329030218958,-0.0370355183399276,-0.00729375213012037));
#6843=CARTESIAN_POINT('',(0.0106021127205013,-0.0373010411295444,-0.00567834622120235));
#6844=CARTESIAN_POINT('',(0.0120951946084572,-0.0359578160971162,-0.0074));
#6845=CARTESIAN_POINT('',(0.0110135126840109,-0.0373189193057301,-0.0074));
#6846=CARTESIAN_POINT('',(0.0108629716563333,-0.0375083482599996,-0.00567834620192013));
#6847=CARTESIAN_POINT('',(0.0120951946084571,-0.0359578160971162,-0.0054));
#6848=CARTESIAN_POINT('',(0.00903468582758,-0.03980891892827,-0.0054));
#6849=CARTESIAN_POINT('',(0.00981883638672038,-0.0447307710980013,-0.00566760299702178));
#6850=CARTESIAN_POINT('',(0.00913720221059941,-0.0430242546206249,-0.00581538610212274));
#6851=CARTESIAN_POINT('',(0.0102049871496673,-0.0423208714381835,-0.00448732326237261));
#6852=CARTESIAN_POINT('',(0.00951916939619267,-0.044838415911709,-0.0053710768981195));
#6853=CARTESIAN_POINT('',(0.00884972039449076,-0.0430560433699506,-0.00557726172040035));
#6854=CARTESIAN_POINT('',(0.0100775055623343,-0.0423486564846443,-0.00428346156806499));
#6855=CARTESIAN_POINT('',(0.00923820358953759,-0.044914545490312,-0.00504278294956945));
#6856=CARTESIAN_POINT('',(0.00856681521325946,-0.0430556478870067,-0.00531290780577721));
#6857=CARTESIAN_POINT('',(0.00995750192581346,-0.0423598885906514,-0.00405775948031258));
#6858=CARTESIAN_POINT('',(0.00898550045814467,-0.0449649180184337,-0.00468981890401934));
#6859=CARTESIAN_POINT('',(0.00830052928883526,-0.0430321793015626,-0.00502487142650281));
#6860=CARTESIAN_POINT('',(0.00984960095254033,-0.0423585720485357,-0.00381509669843343));
#6861=CARTESIAN_POINT('',(0.0104525666102332,-0.0442450915442004,-0.00353675049651307));
#6862=CARTESIAN_POINT('',(0.00898550045814578,-0.0449649180184372,-0.00468981890401857));
#6863=CARTESIAN_POINT('',(0.00830052928883585,-0.0430321793015659,-0.00502487142650236));
#6864=CARTESIAN_POINT('',(0.00984960095254137,-0.0423585720485387,-0.0038150966984329));
#6865=CARTESIAN_POINT('',(0.00821624008777648,-0.0451182584001367,-0.00361535158728048));
#6866=CARTESIAN_POINT('',(0.00743892168247359,-0.0431516526878615,-0.00396816246982314));
#6867=CARTESIAN_POINT('',(0.00930148813882222,-0.0424247679709172,-0.00307640041411105));
#6868=CARTESIAN_POINT('',(0.00776529347610652,-0.0451276692942111,-0.00232840366857637));
#6869=CARTESIAN_POINT('',(0.00690811670548793,-0.0431303932178188,-0.00267422142006782));
#6870=CARTESIAN_POINT('',(0.00897608460873458,-0.0423982285803615,-0.00219162372406737));
#6871=CARTESIAN_POINT('',(0.00770542491427006,-0.0449962496287236,-0.001));
#6872=CARTESIAN_POINT('',(0.00678238468979029,-0.0429700503379499,-0.00131511519264751));
#6873=CARTESIAN_POINT('',(0.00892250109063199,-0.0422806054607147,-0.00127834620192013));
#6874=CARTESIAN_POINT('',(0.00952546674832467,-0.0441671249563787,-0.001));
#6875=CARTESIAN_POINT('',(0.0088643899100238,-0.0421516340102502,-0.000278346201920134));
#6876=CARTESIAN_POINT('',(0.00674163353453696,-0.0428351072799793,-0.000312248062183603));
#6877=CARTESIAN_POINT('',(0.00764054033223127,-0.0448522456968846,-2.3621979425739E-19));
#6878=CARTESIAN_POINT('',(0.00888357446862835,-0.0421946839797048,-0.00061168014368146));
#6879=CARTESIAN_POINT('',(0.00675511606430707,-0.0428801930095863,-0.000647027591006761));
#6880=CARTESIAN_POINT('',(0.00766194698943991,-0.0449002820347384,-0.000333333941764039));
#6881=CARTESIAN_POINT('',(0.00890294405089454,-0.0422376750889091,-0.000945015960461241));
#6882=CARTESIAN_POINT('',(0.00676870067109519,-0.0429251754833155,-0.000981328416625733));
#6883=CARTESIAN_POINT('',(0.00768357394221302,-0.0449482837623285,-0.000666669758547595));
#6884=CARTESIAN_POINT('',(0.00892250109063199,-0.0422806054607147,-0.00127834620192013));
#6885=CARTESIAN_POINT('',(0.00678238468979037,-0.0429700503379499,-0.0013151151926475));
#6886=CARTESIAN_POINT('',(0.00770542491427003,-0.0449962496287235,-0.001));
#6887=CARTESIAN_POINT('',(0.0088643899100238,-0.0421516340102502,-0.000278346201920134));
#6888=CARTESIAN_POINT('',(0.00833153222761541,-0.0423232005577361,-0.000286856300816993));
#6889=CARTESIAN_POINT('',(0.00742201736789485,-0.043135406867738,-0.000234305949627385));
#6890=CARTESIAN_POINT('',(0.00741489531782839,-0.0443459004024641,-7.83810053160312E-5));
#6891=CARTESIAN_POINT('',(0.00764054033223129,-0.0448522456968847,-2.70762454110485E-18));
#6892=CARTESIAN_POINT('',(0.00764053788102757,-0.0448522410807484,1.49259570690011E-33));
#6893=CARTESIAN_POINT('',(0.00674163861355999,-0.042835105525019,-0.00031224717016346));
#6894=CARTESIAN_POINT('',(0.0088643895650576,-0.0421516341205076,-0.00027834620192013));
#6895=CARTESIAN_POINT('',(0.00761294762980431,-0.0447903283851348,0.000429625610578403));
#6896=CARTESIAN_POINT('',(0.00672432108148948,-0.042777195747823,0.000117756185095331));
#6897=CARTESIAN_POINT('',(0.00883966322768041,-0.0420961480654129,0.000151279408660356));
#6898=CARTESIAN_POINT('',(0.00758572269901891,-0.0447283568535669,0.000859254462633249));
#6899=CARTESIAN_POINT('',(0.00670717066970302,-0.0427191095061003,0.000548593523381127));
#6900=CARTESIAN_POINT('',(0.00881524386078336,-0.0420405634187531,0.000580908260715098));
#6901=CARTESIAN_POINT('',(0.00755885459538426,-0.0446663266986334,0.00128888649529017));
#6902=CARTESIAN_POINT('',(0.00669019225892272,-0.0426608535901381,0.000980208250057718));
#6903=CARTESIAN_POINT('',(0.00879112569968422,-0.0419848820320064,0.00101054029337004));
#6904=CARTESIAN_POINT('',(0.0239068996573727,-0.0181042289589723,0.00128601604882048));
#6905=CARTESIAN_POINT('',(0.0220118055168617,-0.0178372867174999,0.0010168876269032));
#6906=CARTESIAN_POINT('',(0.0216774870151868,-0.0197407614982981,0.00100766984690035));
#6907=CARTESIAN_POINT('',(0.0239915899959768,-0.0181161584079293,0.000854800343524064));
#6908=CARTESIAN_POINT('',(0.0220768235029058,-0.0178222518804839,0.000579865569879734));
#6909=CARTESIAN_POINT('',(0.0217375339293894,-0.0197492196838539,0.000576454141603208));
#6910=CARTESIAN_POINT('',(0.0240758444729417,-0.018129638788803,0.000423554090528));
#6911=CARTESIAN_POINT('',(0.0221413194406139,-0.0178081928657352,0.00014529594926117));
#6912=CARTESIAN_POINT('',(0.0217973884493447,-0.0197587937149533,0.000145207888608031));
#6913=CARTESIAN_POINT('',(0.0241596285465498,-0.0181446243809005,-7.69535064409259E-6));
#6914=CARTESIAN_POINT('',(0.0222052856528111,-0.0177950712479141,-0.000286719961324381));
#6915=CARTESIAN_POINT('',(0.0218570499913158,-0.0197694647589137,-0.000286041552564223));
#6916=CARTESIAN_POINT('',(0.0218559853517228,-0.0197692744579346,-0.000278346203764766));
#6917=CARTESIAN_POINT('',(0.0219470583044822,-0.0192529073045245,-0.000278510816209918));
#6918=CARTESIAN_POINT('',(0.0225523653627812,-0.0182990525495757,-0.000218345816805743));
#6919=CARTESIAN_POINT('',(0.0236469932697372,-0.0180530498346078,-7.29887556536507E-5));
#6920=CARTESIAN_POINT('',(0.0241581369103459,-0.0181443577552288,-1.79268339954823E-8));
#6921=CARTESIAN_POINT('',(0.0241582614252721,-0.0181443860811919,5.08840608313086E-19));
#6922=CARTESIAN_POINT('',(0.0222041613258233,-0.0177951851313437,-0.000278982208187893));
#6923=CARTESIAN_POINT('',(0.0218559843123079,-0.0197692803512563,-0.00027834620192013));
#6924=CARTESIAN_POINT('',(0.024223039041928,-0.0181559619494248,-0.000333344945112773));
#6925=CARTESIAN_POINT('',(0.0222541445344901,-0.017784915393059,-0.000616539119477994));
#6926=CARTESIAN_POINT('',(0.0219021024256198,-0.0197775217351015,-0.000611691147033361));
#6927=CARTESIAN_POINT('',(0.0242875128717893,-0.0181684337101106,-0.000666678224058205));
#6928=CARTESIAN_POINT('',(0.0223038037832458,-0.017775237529855,-0.000952557259791669));
#6929=CARTESIAN_POINT('',(0.0219481032898757,-0.0197864186294588,-0.000945024425974423));
#6930=CARTESIAN_POINT('',(0.0243516821794947,-0.0181817796731023,-0.000999999999999997));
#6931=CARTESIAN_POINT('',(0.0223531419478437,-0.0177661223296953,-0.00128702068590283));
#6932=CARTESIAN_POINT('',(0.0219939885448937,-0.019795961866523,-0.00127834620192013));
#6933=CARTESIAN_POINT('',(0.0219939885448936,-0.019795961866523,-0.00127834620192008));
#6934=CARTESIAN_POINT('',(0.0220869701327953,-0.0192704546549264,-0.0012805919478557));
#6935=CARTESIAN_POINT('',(0.0227120859073382,-0.0183015641898805,-0.00122227818997447));
#6936=CARTESIAN_POINT('',(0.0238342780766858,-0.0180741697228819,-0.00107430707579721));
#6937=CARTESIAN_POINT('',(0.0243516821794947,-0.0181817796731024,-0.000999999999999949));
#6938=CARTESIAN_POINT('',(0.0243516821794947,-0.0181817796731023,-0.000999999999999922));
#6939=CARTESIAN_POINT('',(0.0223531419478437,-0.0177661223296953,-0.00128702068590275));
#6940=CARTESIAN_POINT('',(0.0219939885448936,-0.019795961866523,-0.00127834620192008));
#6941=CARTESIAN_POINT('',(0.0244227529265672,-0.0181965610007205,-0.00153697554859877));
#6942=CARTESIAN_POINT('',(0.0224271524423035,-0.0177845470745474,-0.00182839737741625));
#6943=CARTESIAN_POINT('',(0.0220448087804872,-0.0198065314842123,-0.00164751689158288));
#6944=CARTESIAN_POINT('',(0.0244816410182978,-0.018278875206961,-0.00207375254964949));
#6945=CARTESIAN_POINT('',(0.0224890150808007,-0.0178713169624228,-0.00236909602264657));
#6946=CARTESIAN_POINT('',(0.0220874118686126,-0.0198635923847365,-0.00201655108004487));
#6947=CARTESIAN_POINT('',(0.024526323002035,-0.0184289264112185,-0.00259846503383703));
#6948=CARTESIAN_POINT('',(0.0225369129599707,-0.0180269957947088,-0.00289708170341371));
#6949=CARTESIAN_POINT('',(0.0221205975238652,-0.0199673492271627,-0.00237729091268309));
#6950=CARTESIAN_POINT('',(0.0240710448671795,-0.0203112657182401,-0.00209894471076295));
#6951=CARTESIAN_POINT('',(0.024526323002035,-0.0184289264112185,-0.00259846503383703));
#6952=CARTESIAN_POINT('',(0.0225369129599707,-0.0180269957947088,-0.0028970817034137));
#6953=CARTESIAN_POINT('',(0.0221205975238653,-0.0199673492271627,-0.00237729091268309));
#6954=CARTESIAN_POINT('',(0.0246195951272194,-0.0187421531710572,-0.00369378439842309));
#6955=CARTESIAN_POINT('',(0.0227164674852743,-0.018354678100047,-0.00393768317365318));
#6956=CARTESIAN_POINT('',(0.0222054083490661,-0.020095823920551,-0.00313032297489064));
#6957=CARTESIAN_POINT('',(0.0246636266759901,-0.0199284552811073,-0.00570605404043553));
#6958=CARTESIAN_POINT('',(0.0230537045375637,-0.0194798028328385,-0.00564174032910703));
#6959=CARTESIAN_POINT('',(0.0223163844942802,-0.0205840266455192,-0.00451375835487171));
#6960=CARTESIAN_POINT('',(0.0237185784976057,-0.0218194607883805,-0.00689611461600774));
#6961=CARTESIAN_POINT('',(0.0225019923408904,-0.0210749216657472,-0.00664437569890268));
#6962=CARTESIAN_POINT('',(0.0219602839814696,-0.0213760656432626,-0.0053319250010665));
#6963=CARTESIAN_POINT('',(0.0229594531035653,-0.0225969401227802,-0.00712958859445873));
#6964=CARTESIAN_POINT('',(0.021973476900194,-0.0216505262261148,-0.00684538429771208));
#6965=CARTESIAN_POINT('',(0.0216334633239125,-0.0217010086877206,-0.00549243836061051));
#6966=CARTESIAN_POINT('',(0.022959453006862,-0.0231721560580803,-0.00521409214116267));
#6967=CARTESIAN_POINT('',(0.0229594530571798,-0.0225969400807592,-0.00712958857275279));
#6968=CARTESIAN_POINT('',(0.021973476885193,-0.0216505262272639,-0.00684538424344139));
#6969=CARTESIAN_POINT('',(0.0216334633343128,-0.021701008675523,-0.00549243834568767));
#6970=CARTESIAN_POINT('',(0.0225849216635263,-0.0231175393523016,-0.0072859224707217));
#6971=CARTESIAN_POINT('',(0.0216842363390791,-0.0219885989166733,-0.00703573297490566));
#6972=CARTESIAN_POINT('',(0.0214146245853359,-0.0219185901742795,-0.00559991788721232));
#6973=CARTESIAN_POINT('',(0.0216837974232577,-0.0239866313283822,-0.00740571441952254));
#6974=CARTESIAN_POINT('',(0.0209833350683508,-0.0224992389939731,-0.00728431402087605));
#6975=CARTESIAN_POINT('',(0.0208787291292851,-0.022279757666792,-0.00568227487078169));
#6976=CARTESIAN_POINT('',(0.0206464758566471,-0.0243695098035093,-0.0074));
#6977=CARTESIAN_POINT('',(0.0203059792876387,-0.0226729589814782,-0.0073816511428775));
#6978=CARTESIAN_POINT('',(0.0202587806286042,-0.0224368144091822,-0.00567834620436951));
#6979=CARTESIAN_POINT('',(0.0201167973678106,-0.0244376312359449,-0.0074));
#6980=CARTESIAN_POINT('',(0.0199636723355866,-0.0227058141397482,-0.00740000000000002));
#6981=CARTESIAN_POINT('',(0.0199423614500174,-0.0224647917841748,-0.00567834620192013));
#6982=CARTESIAN_POINT('',(0.0201167973678106,-0.0244376312359449,-0.0054));
#6983=CARTESIAN_POINT('',(0.0196835456927086,-0.0195376312359448,-0.0054));
#6984=CARTESIAN_POINT('',(0.019250294017604,-0.0244376312359445,-0.0054));
#6985=CARTESIAN_POINT('',(0.0192502940176041,-0.0244376312359446,-0.0074));
#6986=CARTESIAN_POINT('',(0.019403419049829,-0.022705814139748,-0.00739999999999993));
#6987=CARTESIAN_POINT('',(0.0194247299353983,-0.0224647917841747,-0.00567834620192013));
#6988=CARTESIAN_POINT('',(0.0187197534107355,-0.0243693989238332,-0.0074));
#6989=CARTESIAN_POINT('',(0.0190605575100045,-0.0226729057495655,-0.00738162141408358));
#6990=CARTESIAN_POINT('',(0.0191077957448748,-0.0224367688724608,-0.00567834620415347));
#6991=CARTESIAN_POINT('',(0.0176681200408835,-0.0239799088417382,-0.00740574588491241));
#6992=CARTESIAN_POINT('',(0.0183737663252348,-0.0224962204711904,-0.00728263633336696));
#6993=CARTESIAN_POINT('',(0.0184792926303341,-0.022276999425831,-0.0056822965043994));
#6994=CARTESIAN_POINT('',(0.0167650693780226,-0.0230998899946001,-0.00728303738609473));
#6995=CARTESIAN_POINT('',(0.0176698097094901,-0.0219781511844768,-0.00703067784309371));
#6996=CARTESIAN_POINT('',(0.0179423154748519,-0.02191124005602,-0.00559793438942294));
#6997=CARTESIAN_POINT('',(0.0163888594578318,-0.022570681268965,-0.00712164175861297));
#6998=CARTESIAN_POINT('',(0.0173793081326452,-0.0216336838673121,-0.00683588062833861));
#6999=CARTESIAN_POINT('',(0.0177226596155966,-0.0216900332818211,-0.00548697491096655));
#7000=CARTESIAN_POINT('',(0.0163888594578318,-0.0231541031336461,-0.00520862870904642));
#7001=CARTESIAN_POINT('',(0.0163888594578318,-0.0225706812689649,-0.00712164175861297));
#7002=CARTESIAN_POINT('',(0.0173793081326452,-0.0216336838673121,-0.00683588062833861));
#7003=CARTESIAN_POINT('',(0.0177226596155967,-0.0216900332818211,-0.00548697491096655));
#7004=CARTESIAN_POINT('',(0.0156411365605585,-0.0217963044327442,-0.00688547589562724));
#7005=CARTESIAN_POINT('',(0.0168593911545588,-0.0210594402866807,-0.00663317882599317));
#7006=CARTESIAN_POINT('',(0.0174012431506675,-0.0213663473980923,-0.00532461087694635));
#7007=CARTESIAN_POINT('',(0.0147131495950641,-0.0199309218880545,-0.00570999743130956));
#7008=CARTESIAN_POINT('',(0.0163192518413404,-0.0194865896523812,-0.00564332260026529));
#7009=CARTESIAN_POINT('',(0.0170519202275586,-0.0205849390231862,-0.00451646943801681));
#7010=CARTESIAN_POINT('',(0.0147531793664178,-0.0187439532129801,-0.00370734228521155));
#7011=CARTESIAN_POINT('',(0.0166509664325587,-0.018363917745217,-0.00394729915947578));
#7012=CARTESIAN_POINT('',(0.0171604790805117,-0.020096539866486,-0.00313964402207786));
#7013=CARTESIAN_POINT('',(0.0148450096857608,-0.0184297484851936,-0.00262222222341572));
#7014=CARTESIAN_POINT('',(0.0168288392498562,-0.0180363516344451,-0.00291802547417733));
#7015=CARTESIAN_POINT('',(0.0172442332718059,-0.0199677478301272,-0.00239362398051844));
#7016=CARTESIAN_POINT('',(0.0152937859284917,-0.0203116643212046,-0.0021152777785983));
#7017=CARTESIAN_POINT('',(0.0148450096857607,-0.0184297484851936,-0.00262222222341571));
#7018=CARTESIAN_POINT('',(0.0168288392498561,-0.018036351634445,-0.00291802547417733));
#7019=CARTESIAN_POINT('',(0.0172442332718059,-0.0199677478301272,-0.00239362398051843));
#7020=CARTESIAN_POINT('',(0.014889543503742,-0.0182773724732849,-0.00209598485547845));
#7021=CARTESIAN_POINT('',(0.0168765008430679,-0.0178785918400033,-0.0023891243367343));
#7022=CARTESIAN_POINT('',(0.0172772893571313,-0.0198624076795205,-0.00203183578985875));
#7023=CARTESIAN_POINT('',(0.0149493006990137,-0.0181913912531362,-0.0015484458660105));
#7024=CARTESIAN_POINT('',(0.0169391846321893,-0.0177882274106408,-0.00183823035519809));
#7025=CARTESIAN_POINT('',(0.0173205044619415,-0.0198028294815694,-0.00165540273480265));
#7026=CARTESIAN_POINT('',(0.0150219800617404,-0.0181765549892855,-0.000999999999999982));
#7027=CARTESIAN_POINT('',(0.017014745564023,-0.0177697655833884,-0.00128594351046443));
#7028=CARTESIAN_POINT('',(0.0173724442567807,-0.0197922268525149,-0.00127834620192012));
#7029=CARTESIAN_POINT('',(0.0154219969134664,-0.0201361433435924,-0.001));
#7030=CARTESIAN_POINT('',(0.0176891552365669,-0.0197382143495588,0.0010076698285627));
#7031=CARTESIAN_POINT('',(0.0173562344559182,-0.0178418769946121,0.00101786302265848));
#7032=CARTESIAN_POINT('',(0.0154672735092776,-0.0181006356033984,0.00128601603048283));
#7033=CARTESIAN_POINT('',(0.0176290684061624,-0.0197464453215537,0.000576455158093649));
#7034=CARTESIAN_POINT('',(0.0172911885120275,-0.0178266625017014,0.000580867034984471));
#7035=CARTESIAN_POINT('',(0.0153824937695316,-0.0181122491243391,0.000854801360014542));
#7036=CARTESIAN_POINT('',(0.0175691742397214,-0.0197557940891451,0.000145209420473925));
#7037=CARTESIAN_POINT('',(0.0172266639228068,-0.0178124256167206,0.000146316416821558));
#7038=CARTESIAN_POINT('',(0.015298146438338,-0.018125418125786,0.000423555622394093));
#7039=CARTESIAN_POINT('',(0.0175094732387513,-0.0197662417252695,-0.000286040484368543));
#7040=CARTESIAN_POINT('',(0.0171626686048432,-0.0177991279663459,-0.000285685945081039));
#7041=CARTESIAN_POINT('',(0.0152142664823756,-0.0181400970632084,-7.69428244841225E-6));
#7042=CARTESIAN_POINT('',(0.015215759768109,-0.0181398359073135,-1.71441371684328E-8));
#7043=CARTESIAN_POINT('',(0.0157260362325411,-0.0180506527647506,-7.28160298796225E-5));
#7044=CARTESIAN_POINT('',(0.0168170055124578,-0.018299042007773,-0.000217836567961096));
#7045=CARTESIAN_POINT('',(0.0174197174763552,-0.0192508985810264,-0.000278240422642528));
#7046=CARTESIAN_POINT('',(0.0175105384338606,-0.0197660554370216,-0.000278346200930201));
#7047=CARTESIAN_POINT('',(0.0175105392614505,-0.0197660601313181,-0.000278346201920126));
#7048=CARTESIAN_POINT('',(0.0171637942561125,-0.0177992497694516,-0.000277948697667402));
#7049=CARTESIAN_POINT('',(0.0152156404241721,-0.0181398616084165,6.02935179514331E-18));
#7050=CARTESIAN_POINT('',(0.0174643907117916,-0.0197741286637558,-0.000611690852588919));
#7051=CARTESIAN_POINT('',(0.0171137883274901,-0.0177888370995182,-0.00061548821143194));
#7052=CARTESIAN_POINT('',(0.0151507831657871,-0.0181512011390462,-0.000333344650664848));
#7053=CARTESIAN_POINT('',(0.0174183595990999,-0.0197828540111993,-0.000945024132136041));
#7054=CARTESIAN_POINT('',(0.0170641063744251,-0.01777901878287,-0.000951491906675377));
#7055=CARTESIAN_POINT('',(0.0150862294075473,-0.0181634395709484,-0.000666677930214356));
#7056=CARTESIAN_POINT('',(0.0173724442567807,-0.0197922268525149,-0.00127834620192012));
#7057=CARTESIAN_POINT('',(0.017014745564023,-0.0177697655833882,-0.00128594351046445));
#7058=CARTESIAN_POINT('',(0.0150219800617402,-0.0181765549892855,-0.00099999999999999));
#7059=CARTESIAN_POINT('',(0.009031157799506,-0.03981940722684,-0.003898));
#7060=CARTESIAN_POINT('',(0.009031157799506,-0.03981940722684,-0.0049));
#7061=CARTESIAN_POINT('',(0.00790991896106367,-0.0417122419970111,-0.0049));
#7062=CARTESIAN_POINT('',(0.00723947174725321,-0.0385427470958095,-0.0049));
#7063=CARTESIAN_POINT('',(0.00723947174725321,-0.0385427470958095,-0.0049));
#7064=CARTESIAN_POINT('',(0.00741248032436463,-0.0382999439824386,-0.00533163979073342));
#7065=CARTESIAN_POINT('',(0.00786276153539992,-0.037867533447719,-0.00618771618534495));
#7066=CARTESIAN_POINT('',(0.00876760642311794,-0.0375601027742724,-0.00714901655770552));
#7067=CARTESIAN_POINT('',(0.00968732567920523,-0.0376767340920862,-0.00769057911153897));
#7068=CARTESIAN_POINT('',(0.0106135100038522,-0.0381378316886004,-0.00799091146743029));
#7069=CARTESIAN_POINT('',(0.0113829555981826,-0.0393224695673643,-0.00799284696651626));
#7070=CARTESIAN_POINT('',(0.0111566050643039,-0.0407216240876469,-0.00799137870028528));
#7071=CARTESIAN_POINT('',(0.0104965258136773,-0.0415142362716971,-0.0076863200895796));
#7072=CARTESIAN_POINT('',(0.009706185775523,-0.041990938373927,-0.00714106613815056));
#7073=CARTESIAN_POINT('',(0.00875698945883999,-0.042077835887981,-0.00618367483326237));
#7074=CARTESIAN_POINT('',(0.00816724408149052,-0.0418646710012095,-0.00533020096376801));
#7075=CARTESIAN_POINT('',(0.00790991896106363,-0.041712241997011,-0.00490000000000003));
#7076=CARTESIAN_POINT('',(0.,-0.03981940722684,-0.0039));
#7077=CARTESIAN_POINT('',(0.009031157799506,-0.03981940722684,-0.0039));
#7078=CARTESIAN_POINT('',(0.010231157799506,-0.03981940722684,-0.0039));
#7079=CARTESIAN_POINT('',(0.0196835456927086,-0.0195376312359448,-0.005498));
#7080=CARTESIAN_POINT('',(0.0196835456927086,-0.0195376312359448,-0.0065));
#7081=CARTESIAN_POINT('',(0.0175187125771737,-0.0199294189104358,-0.0065));
#7082=CARTESIAN_POINT('',(0.0218483788082436,-0.0199294189104358,-0.0065));
#7083=CARTESIAN_POINT('',(0.0218483788082436,-0.0199294189104358,-0.0065));
#7084=CARTESIAN_POINT('',(0.0217801521133901,-0.0203064073100181,-0.00693171111533264));
#7085=CARTESIAN_POINT('',(0.0213955336564326,-0.0212287545359516,-0.00764495498808023));
#7086=CARTESIAN_POINT('',(0.0196817252826877,-0.021993962233487,-0.00786423722534088));
#7087=CARTESIAN_POINT('',(0.0179645013765399,-0.0212211761587204,-0.00764069996618747));
#7088=CARTESIAN_POINT('',(0.0175868333165824,-0.0203058218504171,-0.00693104067184526));
#7089=CARTESIAN_POINT('',(0.0175187125771737,-0.0199294189104358,-0.0065));
#7090=CARTESIAN_POINT('',(0.,-0.0195376312359448,-0.0055));
#7091=CARTESIAN_POINT('',(0.0196835456927086,-0.0195376312359448,-0.0055));
#7092=CARTESIAN_POINT('',(0.0199824481845437,-0.0183754534094592,-0.0055));
#7093=CARTESIAN_POINT('',(0.0193846432008948,-0.0183754534094537,-0.0055));
#7094=CARTESIAN_POINT('',(0.0216867569120385,-0.0183754534094537,-0.0055));
#7095=CARTESIAN_POINT('',(0.009031157799506,-0.03981940722684,-0.0049));
#7096=CARTESIAN_POINT('',(0.00790991896106367,-0.0417122419970111,-0.0049000000000001));
#7097=CARTESIAN_POINT('',(0.00768991168676032,-0.0415819185770401,-0.00471609385573354));
#7098=CARTESIAN_POINT('',(0.00731575870842685,-0.0411382879461508,-0.00443422568379165));
#7099=CARTESIAN_POINT('',(0.00699283621127839,-0.0402528282796236,-0.00431802887094147));
#7100=CARTESIAN_POINT('',(0.00692948277976757,-0.0393050660662237,-0.00443273951741146));
#7101=CARTESIAN_POINT('',(0.00709157835542529,-0.0387503031406155,-0.00471551009272126));
#7102=CARTESIAN_POINT('',(0.00723947174725314,-0.0385427470958095,-0.0049));
#7103=CARTESIAN_POINT('',(0.0196835456927086,-0.0195376312359448,-0.0065));
#7104=CARTESIAN_POINT('',(0.0175187125771737,-0.0199294189104358,-0.0065));
#7105=CARTESIAN_POINT('',(0.0174797958615206,-0.0197143835729841,-0.00637687532896231));
#7106=CARTESIAN_POINT('',(0.0175167158802746,-0.0192934717097059,-0.00608569227781166));
#7107=CARTESIAN_POINT('',(0.0179738399716778,-0.0188283439337982,-0.00566031092078629));
#7108=CARTESIAN_POINT('',(0.0186586307318774,-0.0185382186404191,-0.00549485802464199));
#7109=CARTESIAN_POINT('',(0.0191395322123733,-0.0184059645466571,-0.0055));
#7110=CARTESIAN_POINT('',(0.0193846432008949,-0.0183754534094537,-0.0055));
#7111=CARTESIAN_POINT('',(0.019982448184544,-0.0183754534094564,-0.0055));
#7112=CARTESIAN_POINT('',(0.020229061873898,-0.0184061516011532,-0.00550000000000009));
#7113=CARTESIAN_POINT('',(0.0207096848122839,-0.0185386715198627,-0.00549493636158896));
#7114=CARTESIAN_POINT('',(0.021393280469818,-0.0188287810482069,-0.00566073090635156));
#7115=CARTESIAN_POINT('',(0.0218495599731957,-0.0192916112880311,-0.00608420568124751));
#7116=CARTESIAN_POINT('',(0.0218872995601892,-0.0197143612703539,-0.00637686255895056));
#7117=CARTESIAN_POINT('',(0.0218483788082455,-0.0199294189104355,-0.00650000000000086));
#7118=CARTESIAN_POINT('',(0.00790991896106367,-0.0417122419970111,-0.00490000000000009));
#7119=CARTESIAN_POINT('',(0.00665811927837814,-0.0409707264435695,-0.00637127173544845));
#7120=CARTESIAN_POINT('',(0.00660957436001482,-0.0428263934572995,-0.00545714285714296));
#7121=CARTESIAN_POINT('',(0.00819985819216279,-0.0418839902826087,-0.00538472584949923));
#7122=CARTESIAN_POINT('',(0.00702238769378363,-0.0414127444561222,-0.00658187045869117));
#7123=CARTESIAN_POINT('',(0.00707986516205894,-0.0430754861070993,-0.00601111525403974));
#7124=CARTESIAN_POINT('',(0.00887530480444314,-0.0421100799976304,-0.00634173930234298));
#7125=CARTESIAN_POINT('',(0.00791238643204374,-0.0421032189991759,-0.00723067742865824));
#7126=CARTESIAN_POINT('',(0.00818033995103188,-0.0433886393837148,-0.00710484491816813));
#7127=CARTESIAN_POINT('',(0.00990561690098194,-0.0419233185102735,-0.00730508645948169));
#7128=CARTESIAN_POINT('',(0.00948114309793135,-0.0421479006366763,-0.00815384952174176));
#7129=CARTESIAN_POINT('',(0.00988021392991098,-0.0430458785188607,-0.00820581309640099));
#7130=CARTESIAN_POINT('',(0.010642336553686,-0.0413718237705101,-0.00776252730203978));
#7131=CARTESIAN_POINT('',(0.0105029665595576,-0.0415402590090558,-0.00861421441731943));
#7132=CARTESIAN_POINT('',(0.0111208134626285,-0.042170111712171,-0.00872860263093078));
#7133=CARTESIAN_POINT('',(0.0110524837549036,-0.0407826569577413,-0.00793497086964593));
#7134=CARTESIAN_POINT('',(0.0110272393475674,-0.040861903798906,-0.00882058780059116));
#7135=CARTESIAN_POINT('',(0.0118292791303244,-0.0412653799332479,-0.00892568099387348));
#7136=CARTESIAN_POINT('',(0.0112550451726207,-0.0400836284570712,-0.00798783043366551));
#7137=CARTESIAN_POINT('',(0.0112577874696134,-0.0400957553240241,-0.00892451975356214));
#7138=CARTESIAN_POINT('',(0.0122015266439371,-0.0402200015682654,-0.00898609192419132));
#7139=CARTESIAN_POINT('',(0.0112221239350015,-0.0393563496526654,-0.0079943859624532));
#7140=CARTESIAN_POINT('',(0.01122258167963,-0.0393562459178528,-0.0089569168824362));
#7141=CARTESIAN_POINT('',(0.0121811541662492,-0.0391535905622245,-0.00899358395708827));
#7142=CARTESIAN_POINT('',(0.0109583155787753,-0.0386788438485357,-0.00798762257249132));
#7143=CARTESIAN_POINT('',(0.0109557195843288,-0.0386663817448266,-0.0089240091201428));
#7144=CARTESIAN_POINT('',(0.0117683822336089,-0.0381714684842018,-0.00898585436856373));
#7145=CARTESIAN_POINT('',(0.0104912787701226,-0.0381218616379568,-0.00793503207322183));
#7146=CARTESIAN_POINT('',(0.0104368345525217,-0.0380604680181428,-0.00882048689895291));
#7147=CARTESIAN_POINT('',(0.0110074038658435,-0.0373675295931846,-0.00892575094081718));
#7148=CARTESIAN_POINT('',(0.00987739976691908,-0.0377481027296753,-0.00776503626817519));
#7149=CARTESIAN_POINT('',(0.00968576856314099,-0.0376522418286887,-0.00861493532950011));
#7150=CARTESIAN_POINT('',(0.0099942296869152,-0.0368287564864543,-0.0087314700208005));
#7151=CARTESIAN_POINT('',(0.00897871669172914,-0.0375411536631342,-0.00731281826446593));
#7152=CARTESIAN_POINT('',(0.00850787757668092,-0.0375076057061354,-0.00815566721993373));
#7153=CARTESIAN_POINT('',(0.00850363147274923,-0.0365342259499329,-0.00821464944495078));
#7154=CARTESIAN_POINT('',(0.00795778992316077,-0.0377896950425919,-0.00634734450815896));
#7155=CARTESIAN_POINT('',(0.00708588027527767,-0.0381834282499379,-0.00722409651733624));
#7156=CARTESIAN_POINT('',(0.0068045042456131,-0.0369138044007734,-0.0071112508677014));
#7157=CARTESIAN_POINT('',(0.00743452383159255,-0.0382690077579236,-0.00538663622898879));
#7158=CARTESIAN_POINT('',(0.00655186908911385,-0.039174148764394,-0.00657044959358957));
#7159=CARTESIAN_POINT('',(0.00592861175504904,-0.0376402904231772,-0.00601329854482342));
#7160=CARTESIAN_POINT('',(0.00723947174725322,-0.0385427470958095,-0.00490000000000003));
#7161=CARTESIAN_POINT('',(0.00639679853402479,-0.0397253686926238,-0.0063589063584323));
#7162=CARTESIAN_POINT('',(0.00559987001692485,-0.0380553904668395,-0.00545714285714289));
#7163=CARTESIAN_POINT('',(0.00642506899622922,-0.0379624470362502,-0.0049));
#7164=CARTESIAN_POINT('',(0.00740026494358988,-0.0425726214379979,-0.0049000000000001));
#7165=CARTESIAN_POINT('',(0.00723947174725321,-0.0385427470958095,-0.0049));
#7166=CARTESIAN_POINT('',(0.00639679853402479,-0.0397253686926238,-0.00635890635843224));
#7167=CARTESIAN_POINT('',(0.00559987001692484,-0.0380553904668396,-0.00545714285714286));
#7168=CARTESIAN_POINT('',(0.00710497452118727,-0.0387315027388752,-0.00473222116305698));
#7169=CARTESIAN_POINT('',(0.00628362152729374,-0.0397293794937005,-0.00627576560051207));
#7170=CARTESIAN_POINT('',(0.0053731877373358,-0.0383416207235914,-0.00507364838170446));
#7171=CARTESIAN_POINT('',(0.00693394668379594,-0.0392409737518113,-0.00445001439866321));
#7172=CARTESIAN_POINT('',(0.00605214401354298,-0.0398347131162182,-0.00607601388589668));
#7173=CARTESIAN_POINT('',(0.00513088242021513,-0.0391397528131081,-0.00442860433538615));
#7174=CARTESIAN_POINT('',(0.00698445311310618,-0.0402555145781727,-0.0043094324929233));
#7175=CARTESIAN_POINT('',(0.00598686468347407,-0.0404611403337046,-0.00583716048406552));
#7176=CARTESIAN_POINT('',(0.0052616192982225,-0.0406195696457984,-0.00410727427148916));
#7177=CARTESIAN_POINT('',(0.00734531895562558,-0.0411939623921146,-0.00445133929036556));
#7178=CARTESIAN_POINT('',(0.00630039506134395,-0.0410086647824966,-0.00607803296728027));
#7179=CARTESIAN_POINT('',(0.00573619237659185,-0.0420145440319833,-0.00443163266030747));
#7180=CARTESIAN_POINT('',(0.00770970005051177,-0.0415936404041836,-0.0047326351279495));
#7181=CARTESIAN_POINT('',(0.00655523040472559,-0.0410146869341311,-0.00628640252497729));
#7182=CARTESIAN_POINT('',(0.00628481280895783,-0.042654381337986,-0.00507459458476907));
#7183=CARTESIAN_POINT('',(0.0079099189610637,-0.0417122419970111,-0.00490000000000007));
#7184=CARTESIAN_POINT('',(0.00665811927837811,-0.0409707264435694,-0.00637127173544841));
#7185=CARTESIAN_POINT('',(0.00660957436001486,-0.0428263934572995,-0.00545714285714302));
#7186=CARTESIAN_POINT('',(0.0165346975246577,-0.0194889146428909,-0.00728571428571429));
#7187=CARTESIAN_POINT('',(0.0174210684381396,-0.019389883648145,-0.0072077475973398));
#7188=CARTESIAN_POINT('',(0.0175187125771737,-0.0199294189104358,-0.0065));
#7189=CARTESIAN_POINT('',(0.0164812297570015,-0.0191512716931544,-0.00701988940218659));
#7190=CARTESIAN_POINT('',(0.0173506171699102,-0.0191707245687404,-0.00702674695310933));
#7191=CARTESIAN_POINT('',(0.0174819534848488,-0.0197263055775185,-0.00638370161317293));
#7192=CARTESIAN_POINT('',(0.0165490530326361,-0.018508025772202,-0.00641928808673485));
#7193=CARTESIAN_POINT('',(0.0173394786031253,-0.018720172681918,-0.00662090960893811));
#7194=CARTESIAN_POINT('',(0.0175122992254252,-0.0193431954867562,-0.00612093853743726));
#7195=CARTESIAN_POINT('',(0.0172051619265164,-0.0178319764378434,-0.00554032285109184));
#7196=CARTESIAN_POINT('',(0.0177400931649671,-0.0181937291975059,-0.00605108656856708));
#7197=CARTESIAN_POINT('',(0.017870745829468,-0.0189057869718811,-0.00573639124956055));
#7198=CARTESIAN_POINT('',(0.0182446663732323,-0.0175240400093791,-0.00502731255202213));
#7199=CARTESIAN_POINT('',(0.0183770572461945,-0.0178990521274012,-0.00567240725530416));
#7200=CARTESIAN_POINT('',(0.0184564587764792,-0.0186150494448864,-0.00551194923318743));
#7201=CARTESIAN_POINT('',(0.0190079949037582,-0.0175094279819858,-0.00499999995897901));
#7202=CARTESIAN_POINT('',(0.019010882613845,-0.0178134478218623,-0.00552657777531862));
#7203=CARTESIAN_POINT('',(0.01901967912132,-0.0184208837860502,-0.0055));
#7204=CARTESIAN_POINT('',(0.0193846432008948,-0.0175094280056693,-0.005));
#7205=CARTESIAN_POINT('',(0.0193846432008948,-0.0177981031402641,-0.0055));
#7206=CARTESIAN_POINT('',(0.0193846432008948,-0.0183754534094537,-0.0055));
#7207=CARTESIAN_POINT('',(0.0193846432008763,-0.0183754534094537,-0.0045));
#7208=CARTESIAN_POINT('',(0.0165346975246577,-0.0201075042170226,-0.0065));
#7209=CARTESIAN_POINT('',(0.0175187125771737,-0.0199294189104358,-0.0065));
#7210=CARTESIAN_POINT('',(0.0174210684381396,-0.019389883648145,-0.0072077475973398));
#7211=CARTESIAN_POINT('',(0.0165346975246577,-0.0194889146428909,-0.00728571428571429));
#7212=CARTESIAN_POINT('',(0.0175571340788934,-0.0201417179302547,-0.00674311582319865));
#7213=CARTESIAN_POINT('',(0.017419863132698,-0.0196782704181361,-0.00744359428575816));
#7214=CARTESIAN_POINT('',(0.0165905833388074,-0.019841827297793,-0.00756356094431631));
#7215=CARTESIAN_POINT('',(0.0177018069626712,-0.0205828986664703,-0.00716293590552907));
#7216=CARTESIAN_POINT('',(0.0175165815747922,-0.0202768613145256,-0.00786624418909389));
#7217=CARTESIAN_POINT('',(0.0168010166337747,-0.0205752186535668,-0.00804335531900659));
#7218=CARTESIAN_POINT('',(0.0183299856927082,-0.021412295712435,-0.0076974046056691));
#7219=CARTESIAN_POINT('',(0.0181972098693169,-0.0213611818093126,-0.00844075502016925));
#7220=CARTESIAN_POINT('',(0.0177147311456275,-0.0219539565990789,-0.00865417669314786));
#7221=CARTESIAN_POINT('',(0.0196821531378677,-0.0219533497690362,-0.00785198236393717));
#7222=CARTESIAN_POINT('',(0.0196821854218826,-0.0219945473805289,-0.00865971018837942));
#7223=CARTESIAN_POINT('',(0.019681520158335,-0.0228533711353255,-0.00883083698675562));
#7224=CARTESIAN_POINT('',(0.0210322104375432,-0.0214158074184583,-0.00769881918270597));
#7225=CARTESIAN_POINT('',(0.0211642712235995,-0.021365603141367,-0.00844252971132703));
#7226=CARTESIAN_POINT('',(0.0216452398688178,-0.0219597942403773,-0.00865579335251278));
#7227=CARTESIAN_POINT('',(0.0216642232376183,-0.0205859567789766,-0.0071656553619962));
#7228=CARTESIAN_POINT('',(0.0218496837361473,-0.0202809609196545,-0.00786896793882219));
#7229=CARTESIAN_POINT('',(0.0225645312093413,-0.0205803022689514,-0.00804646326944516));
#7230=CARTESIAN_POINT('',(0.0218099276142914,-0.0201418819954675,-0.00674330370440941));
#7231=CARTESIAN_POINT('',(0.021947229163643,-0.0196784881956839,-0.00744377238772001));
#7232=CARTESIAN_POINT('',(0.0227764648585621,-0.0198421000300426,-0.00756377566527686));
#7233=CARTESIAN_POINT('',(0.0218483788082436,-0.0199294189104358,-0.0065));
#7234=CARTESIAN_POINT('',(0.0219460229472777,-0.019389883648145,-0.0072077475973398));
#7235=CARTESIAN_POINT('',(0.0228323938607596,-0.0194889146428909,-0.00728571428571429));
#7236=CARTESIAN_POINT('',(0.0228323938607595,-0.0201075042170226,-0.0065));
#7237=CARTESIAN_POINT('',(0.0196745855790354,-0.0183754534094537,-0.0045));
#7238=CARTESIAN_POINT('',(0.0199824481845444,-0.0183754534094564,-0.0045));
#7239=CARTESIAN_POINT('',(0.0199824481845444,-0.0175094280056693,-0.005));
#7240=CARTESIAN_POINT('',(0.0199824481845439,-0.017798103140265,-0.00550000000000153));
#7241=CARTESIAN_POINT('',(0.0199824481845437,-0.0183754534094564,-0.0055));
#7242=CARTESIAN_POINT('',(0.0203596037703782,-0.0175094279819405,-0.00499999995890053));
#7243=CARTESIAN_POINT('',(0.020356718869879,-0.0178134687637774,-0.00552661404779854));
#7244=CARTESIAN_POINT('',(0.0203479038161115,-0.0184209449737392,-0.00550000000000013));
#7245=CARTESIAN_POINT('',(0.0211172458845754,-0.0175232670445693,-0.00502612750551167));
#7246=CARTESIAN_POINT('',(0.0209861251582376,-0.0178980826910303,-0.00567105008354341));
#7247=CARTESIAN_POINT('',(0.020907155824621,-0.0186137056644601,-0.00551143077528214));
#7248=CARTESIAN_POINT('',(0.0221613726457149,-0.0178319559578005,-0.0055399118354732));
#7249=CARTESIAN_POINT('',(0.0216268220161925,-0.0181936701124764,-0.00605093458857168));
#7250=CARTESIAN_POINT('',(0.0214961703343598,-0.0189058158718097,-0.00573621143037428));
#7251=CARTESIAN_POINT('',(0.022815959542268,-0.0185034144616403,-0.00641434116557551));
#7252=CARTESIAN_POINT('',(0.0220264849106316,-0.0187168002586689,-0.00661760044422172));
#7253=CARTESIAN_POINT('',(0.0218536482626379,-0.0193403417214536,-0.0061187742588995));
#7254=CARTESIAN_POINT('',(0.0228859288859208,-0.0191508470225103,-0.00701955506076294));
#7255=CARTESIAN_POINT('',(0.0220165611928512,-0.0191704540201132,-0.00702652351194912));
#7256=CARTESIAN_POINT('',(0.0218851841347398,-0.0197260501093872,-0.00638355533994011));
#7257=CARTESIAN_POINT('',(0.0228323938607595,-0.0194889146428909,-0.00728571428571429));
#7258=CARTESIAN_POINT('',(0.0219460229472777,-0.019389883648145,-0.0072077475973398));
#7259=CARTESIAN_POINT('',(0.0218483788082436,-0.0199294189104358,-0.0065));
#7260=CARTESIAN_POINT('',(0.02418360382758,-0.040451064,-0.000498562020262806));
#7261=CARTESIAN_POINT('',(0.02418360382758,-0.040451064,-0.000997124040525614));
#7262=CARTESIAN_POINT('',(0.02418360382758,-0.052947649924643,-0.000997124040525615));
#7263=CARTESIAN_POINT('',(0.02418360382758,-0.052947649924643,-0.000498562020262806));
#7264=CARTESIAN_POINT('',(0.01963860382758,-0.040451064,-0.00234712404052562));
#7265=CARTESIAN_POINT('',(0.01644360382758,-0.040451064,-0.00234712404052562));
#7266=CARTESIAN_POINT('',(0.01644360382758,-0.0529066155376827,-0.00234712404052562));
#7267=CARTESIAN_POINT('',(0.02283360382758,-0.0529066155376827,-0.00234712404052562));
#7268=CARTESIAN_POINT('',(0.02283360382758,-0.0529066155376827,-0.00234712404052562));
#7269=CARTESIAN_POINT('',(0.02283360382758,-0.040451064,-0.00234712404052562));
#7270=CARTESIAN_POINT('',(0.02283360382758,-0.040451064,-0.000997124040525608));
#7271=CARTESIAN_POINT('',(0.0229268569949333,-0.0529077370424343,-0.00234389939179196));
#7272=CARTESIAN_POINT('',(0.0232665227825762,-0.052915906157273,-0.00232038031675879));
#7273=CARTESIAN_POINT('',(0.023915344143724,-0.0529361757345998,-0.00200739492582083));
#7274=CARTESIAN_POINT('',(0.0241830727369413,-0.0529478114401012,-0.00133980423277807));
#7275=CARTESIAN_POINT('',(0.0241836021963091,-0.052947650420746,-0.000999222713655572));
#7276=CARTESIAN_POINT('',(0.0229268569956572,-0.0529077370121909,-0.00234389939174183));
#7277=CARTESIAN_POINT('',(0.0241836021963091,-0.052947650420746,-0.000999222713655572));
#7278=CARTESIAN_POINT('',(0.0241836021963091,-0.052947650420746,-0.000999222713655572));
#7279=CARTESIAN_POINT('',(0.024183603283823,-0.0529476500900109,-0.000998523156407332));
#7280=CARTESIAN_POINT('',(0.02418360382758,-0.0529476499246432,-0.000997823598697347));
#7281=CARTESIAN_POINT('',(0.02418360382758,-0.0529476499246432,-0.000997124040525615));
#7282=CARTESIAN_POINT('',(0.02283360382758,-0.0529066155376827,-0.00234712404052562));
#7283=CARTESIAN_POINT('',(0.0228647298815284,-0.0529066155376827,-0.00234712404052562));
#7284=CARTESIAN_POINT('',(0.0228958142474252,-0.0529069904230634,-0.00234604884793424));
#7285=CARTESIAN_POINT('',(0.0229268569956572,-0.0529077370121909,-0.00234389939174183));
#7286=CARTESIAN_POINT('',(0.01644360382758,-0.040451064,-0.000997124040525614));
#7287=CARTESIAN_POINT('',(0.0150936054588509,-0.0529310936474043,-0.000999222713655571));
#7288=CARTESIAN_POINT('',(0.0150941487692815,-0.0529312660498257,-0.00134871410631293));
#7289=CARTESIAN_POINT('',(0.0153778624486085,-0.0529224219440923,-0.00203471260010005));
#7290=CARTESIAN_POINT('',(0.0160543362189316,-0.0529104208228735,-0.00233619142035114));
#7291=CARTESIAN_POINT('',(0.0164036552334185,-0.0529068213603633,-0.0023465328406394));
#7292=CARTESIAN_POINT('',(0.0150936054588509,-0.0529310936474043,-0.000999222713655571));
#7293=CARTESIAN_POINT('',(0.0164036552334185,-0.0529068213603633,-0.0023465328406394));
#7294=CARTESIAN_POINT('',(0.0164036552334185,-0.0529068213603633,-0.0023465328406394));
#7295=CARTESIAN_POINT('',(0.0164169681619396,-0.0529066841809223,-0.00234692696344232));
#7296=CARTESIAN_POINT('',(0.0164302843596549,-0.0529066155376827,-0.00234712404052562));
#7297=CARTESIAN_POINT('',(0.01644360382758,-0.0529066155376827,-0.00234712404052562));
#7298=CARTESIAN_POINT('',(0.01509360382758,-0.040451064,-0.000997124040525614));
#7299=CARTESIAN_POINT('',(0.01509360382758,-0.0529310931297716,-0.000997124040525615));
#7300=CARTESIAN_POINT('',(0.01509360382758,-0.0529310931297716,-0.000997124040525615));
#7301=CARTESIAN_POINT('',(0.01509360382758,-0.0529310931297716,-0.000997823598700813));
#7302=CARTESIAN_POINT('',(0.015093604371337,-0.0529310933023162,-0.000998523156410798));
#7303=CARTESIAN_POINT('',(0.0150936054588509,-0.0529310936474044,-0.000999222713655571));
#7304=CARTESIAN_POINT('',(0.01509360382758,-0.040451064,0.000501437979737195));
#7305=CARTESIAN_POINT('',(0.01509360382758,-0.0529310931297716,-0.000997124040525615));
#7306=CARTESIAN_POINT('',(0.01459360382758,-0.0529310931297716,-0.000997124040525614));
#7307=CARTESIAN_POINT('',(0.01459360382758,-0.0529310931297716,-0.000997124040525615));
#7308=CARTESIAN_POINT('',(0.015093605458851,-0.0529310936474043,-0.000999222713656207));
#7309=CARTESIAN_POINT('',(0.0150936051068569,-0.0535601013821901,-0.000998996288928814));
#7310=CARTESIAN_POINT('',(0.0144808121488719,-0.053418205064772,-0.00100000000000087));
#7311=CARTESIAN_POINT('',(0.015093604371337,-0.052931093302316,-0.000998523156391326));
#7312=CARTESIAN_POINT('',(0.0150936042540052,-0.0535601013053937,-0.000998372206017044));
#7313=CARTESIAN_POINT('',(0.0144808105675226,-0.0534182046985999,-0.0009990413474527));
#7314=CARTESIAN_POINT('',(0.01509360382758,-0.0529310931297716,-0.00099782359868113));
#7315=CARTESIAN_POINT('',(0.0150936038275799,-0.0535601012669955,-0.00099774812337799));
#7316=CARTESIAN_POINT('',(0.0144808097768478,-0.0534182045155135,-0.000998082694294285));
#7317=CARTESIAN_POINT('',(0.01509360382758,-0.0529310931297716,-0.000997124040525616));
#7318=CARTESIAN_POINT('',(0.01509360382758,-0.0535601012669957,-0.000997124040525609));
#7319=CARTESIAN_POINT('',(0.0144808097768477,-0.0534182045155135,-0.000997124040525611));
#7320=CARTESIAN_POINT('',(0.0145936060630254,-0.0529310936474043,-0.001));
#7321=CARTESIAN_POINT('',(0.0164036552334197,-0.0529068213603633,-0.00234653284063943));
#7322=CARTESIAN_POINT('',(0.0164084842560509,-0.0535496011795668,-0.00234667580151628));
#7323=CARTESIAN_POINT('',(0.0163888594578031,-0.0533914340353245,-0.00296940146956653));
#7324=CARTESIAN_POINT('',(0.0160543404340584,-0.0529104207793518,-0.00233619154513825));
#7325=CARTESIAN_POINT('',(0.0160613865919955,-0.0535518352747781,-0.00233764965387873));
#7326=CARTESIAN_POINT('',(0.0158797017669276,-0.0533952734217139,-0.00295428528050726));
#7327=CARTESIAN_POINT('',(0.0153778435630556,-0.0529224223417123,-0.00203470200959453));
#7328=CARTESIAN_POINT('',(0.0153872825264537,-0.0535575001556422,-0.0020456056692326));
#7329=CARTESIAN_POINT('',(0.014894063138581,-0.0534084068831134,-0.00251358950127528));
#7330=CARTESIAN_POINT('',(0.01509414874837,-0.0529312660428721,-0.00134870065474814));
#7331=CARTESIAN_POINT('',(0.0150940952420071,-0.0535602203699372,-0.00135197873080171));
#7332=CARTESIAN_POINT('',(0.0144816021571552,-0.053418387996486,-0.00151084182992063));
#7333=CARTESIAN_POINT('',(0.015093605458851,-0.0529310936474043,-0.000999222713655572));
#7334=CARTESIAN_POINT('',(0.0150936051068568,-0.0535601013821901,-0.000998996288928248));
#7335=CARTESIAN_POINT('',(0.0144808121488719,-0.053418205064772,-0.001));
#7336=CARTESIAN_POINT('',(0.0163888594578031,-0.0529068213603633,-0.00284631387771857));
#7337=CARTESIAN_POINT('',(0.01644360382758,-0.0529066155376827,-0.00234712404052562));
#7338=CARTESIAN_POINT('',(0.01644360382758,-0.0535495612129327,-0.00234712404052562));
#7339=CARTESIAN_POINT('',(0.01644360382758,-0.0533912144911319,-0.00297026564322732));
#7340=CARTESIAN_POINT('',(0.0164302845249053,-0.0529066155377048,-0.00234712404052562));
#7341=CARTESIAN_POINT('',(0.0164318964504111,-0.0535495612129367,-0.00234712404048311));
#7342=CARTESIAN_POINT('',(0.0164253514498406,-0.0533912144911542,-0.00297026564313969));
#7343=CARTESIAN_POINT('',(0.0164169683270254,-0.0529066841791981,-0.00234692696832961));
#7344=CARTESIAN_POINT('',(0.0164201929098261,-0.0535495745093501,-0.00234697474157702));
#7345=CARTESIAN_POINT('',(0.016407103326822,-0.0533912877087897,-0.00296997757713666));
#7346=CARTESIAN_POINT('',(0.0164036552334184,-0.0529068213603633,-0.0023465328406394));
#7347=CARTESIAN_POINT('',(0.0164084842560521,-0.0535496011795667,-0.00234667580151632));
#7348=CARTESIAN_POINT('',(0.0163888594578031,-0.0533914340353245,-0.00296940146956648));
#7349=CARTESIAN_POINT('',(0.01644360382758,-0.0529066155376827,-0.00284712404052562));
#7350=CARTESIAN_POINT('',(0.0196745855790354,-0.0529066155376827,-0.00284712404052562));
#7351=CARTESIAN_POINT('',(0.02283360382758,-0.0529066155376827,-0.00284712404052562));
#7352=CARTESIAN_POINT('',(0.0229268569712921,-0.0529077370116049,-0.00234389939342891));
#7353=CARTESIAN_POINT('',(0.0229156427180254,-0.0535497800663479,-0.00234467588846147));
#7354=CARTESIAN_POINT('',(0.022961395172667,-0.0533924107299822,-0.00296555208500202));
#7355=CARTESIAN_POINT('',(0.0228958136914178,-0.0529069904095643,-0.00234604888586889));
#7356=CARTESIAN_POINT('',(0.0228882709333016,-0.0535496334084418,-0.00234631129609941));
#7357=CARTESIAN_POINT('',(0.0229188543817539,-0.0533916143547003,-0.0029686940595916));
#7358=CARTESIAN_POINT('',(0.0228647277798072,-0.0529066155378014,-0.00234712404052562));
#7359=CARTESIAN_POINT('',(0.022860961104203,-0.0535495612129551,-0.00234712404028095));
#7360=CARTESIAN_POINT('',(0.0228762551695208,-0.0533912144912551,-0.00297026564274226));
#7361=CARTESIAN_POINT('',(0.02283360382758,-0.0529066155376827,-0.00234712404052562));
#7362=CARTESIAN_POINT('',(0.02283360382758,-0.0535495612129327,-0.00234712404052562));
#7363=CARTESIAN_POINT('',(0.02283360382758,-0.0533912144911319,-0.00297026564322732));
#7364=CARTESIAN_POINT('',(0.0229613952060562,-0.0529077370121909,-0.00284270507737747));
#7365=CARTESIAN_POINT('',(0.0241836021963091,-0.052947650420746,-0.00099922271365557));
#7366=CARTESIAN_POINT('',(0.024183602530509,-0.0535707778001517,-0.000999007735253962));
#7367=CARTESIAN_POINT('',(0.0247919288617651,-0.0534357745879969,-0.001));
#7368=CARTESIAN_POINT('',(0.0241830727960456,-0.0529478114214053,-0.00133976621320709));
#7369=CARTESIAN_POINT('',(0.0241831198537284,-0.0535708900046008,-0.00134436664837703));
#7370=CARTESIAN_POINT('',(0.024791158892001,-0.0534359454640318,-0.00149778210300957));
#7371=CARTESIAN_POINT('',(0.0239154086000927,-0.0529361780733016,-0.0020073398881557));
#7372=CARTESIAN_POINT('',(0.0239033184497599,-0.0535658658627425,-0.00202304632535755));
#7373=CARTESIAN_POINT('',(0.0244019162788575,-0.0534230589303288,-0.00247359350473433));
#7374=CARTESIAN_POINT('',(0.0232665328140584,-0.0529159063988807,-0.00232037962207503));
#7375=CARTESIAN_POINT('',(0.0232529881522734,-0.0535548501407568,-0.00232415104139963));
#7376=CARTESIAN_POINT('',(0.0234565036173749,-0.0534011247430103,-0.00293117255697106));
#7377=CARTESIAN_POINT('',(0.0229268569952716,-0.0529077370424424,-0.00234389939176853));
#7378=CARTESIAN_POINT('',(0.0229156426956289,-0.0535497800928363,-0.00234467589021288));
#7379=CARTESIAN_POINT('',(0.0229613951724591,-0.0533924107608582,-0.00296555208257499));
#7380=CARTESIAN_POINT('',(0.0246836015921346,-0.052947650420746,-0.001));
#7381=CARTESIAN_POINT('',(0.02418360382758,-0.052947649924643,-0.000997124040525615));
#7382=CARTESIAN_POINT('',(0.02418360382758,-0.0535707776914887,-0.000997124040525604));
#7383=CARTESIAN_POINT('',(0.0247919312342446,-0.0534357740614825,-0.000997124040525609));
#7384=CARTESIAN_POINT('',(0.02418360382758,-0.0529476499246431,-0.000997823598679071));
#7385=CARTESIAN_POINT('',(0.02418360382758,-0.0535707776914888,-0.000997751938833545));
#7386=CARTESIAN_POINT('',(0.0247919312342445,-0.0534357740614825,-0.000998082694291468));
#7387=CARTESIAN_POINT('',(0.024183603283823,-0.0529476500900108,-0.000998523156389055));
#7388=CARTESIAN_POINT('',(0.0241836033952234,-0.0535707777277097,-0.00099837983692017));
#7389=CARTESIAN_POINT('',(0.024791930443418,-0.0534357742369876,-0.000999041347449591));
#7390=CARTESIAN_POINT('',(0.024183602196309,-0.052947650420746,-0.00099922271365557));
#7391=CARTESIAN_POINT('',(0.024183602530509,-0.0535707778001517,-0.000999007735253961));
#7392=CARTESIAN_POINT('',(0.024791928861765,-0.0534357745879969,-0.000999999999999999));
#7393=CARTESIAN_POINT('',(0.02468360382758,-0.052947649924643,-0.000997124040525617));
#7394=CARTESIAN_POINT('',(0.02468360382758,-0.052947649924643,-0.000997124040525614));
#7395=CARTESIAN_POINT('',(0.014174641878094,-0.0430376312359448,-0.009002));
#7396=CARTESIAN_POINT('',(0.013174641878094,-0.0430376312359448,-0.009002));
#7397=CARTESIAN_POINT('',(0.013174641878094,-0.0430376312359448,-0.00365));
#7398=CARTESIAN_POINT('',(0.014174641878094,-0.0430376312359448,-0.00365));
#7399=CARTESIAN_POINT('',(0.014174641878094,-0.0440376312359448,-0.00365));
#7400=CARTESIAN_POINT('',(0.014174641878094,-0.0440376312359448,-0.009002));
#7401=CARTESIAN_POINT('',(0.014174641878094,-0.0450376312359448,-0.009002));
#7402=CARTESIAN_POINT('',(0.014174641878094,-0.0450376312359448,-0.00365));
#7403=CARTESIAN_POINT('',(0.014174641878094,-0.0460376312359448,-0.00365));
#7404=CARTESIAN_POINT('',(0.014174641878094,-0.0460376312359448,-0.009002));
#7405=CARTESIAN_POINT('',(0.014174641878094,-0.0430376312359448,-0.009002));
#7406=CARTESIAN_POINT('',(0.014174641878094,-0.0430376312359448,-0.00365));
#7407=CARTESIAN_POINT('',(0.012174641878094,-0.0430376312359448,-0.009002));
#7408=CARTESIAN_POINT('',(0.012174641878094,-0.0430376312359448,-0.00365));
#7409=CARTESIAN_POINT('',(0.019674641878094,-0.0350376312359448,-0.00265));
#7410=CARTESIAN_POINT('',(0.014174641878094,-0.0430376312359448,-0.00265));
#7411=CARTESIAN_POINT('',(0.0121785574566899,-0.0431627191355507,-0.00265));
#7412=CARTESIAN_POINT('',(0.012174641878094,-0.0430376312359448,-0.00265));
#7413=CARTESIAN_POINT('',(0.012174641878094,-0.0430376312359448,-0.00265));
#7414=CARTESIAN_POINT('',(0.0121719907669969,-0.0430372250659442,-0.00265));
#7415=CARTESIAN_POINT('',(0.0121693411652503,-0.0430368137813228,-0.00265));
#7416=CARTESIAN_POINT('',(0.0121666930704691,-0.0430363973901624,-0.00265));
#7417=CARTESIAN_POINT('',(0.0121666930704691,-0.0430363973901624,-0.00265));
#7418=CARTESIAN_POINT('',(0.0121666930704691,-0.0430363973901624,-0.00265));
#7419=CARTESIAN_POINT('',(0.012171933793145,-0.043078202295502,-0.00265));
#7420=CARTESIAN_POINT('',(0.0121758996275229,-0.0431203069485172,-0.00265));
#7421=CARTESIAN_POINT('',(0.0121785574566893,-0.0431627191355509,-0.00265));
#7422=CARTESIAN_POINT('',(0.025174641878094,-0.0430376312359447,-0.009002));
#7423=CARTESIAN_POINT('',(0.025174641878094,-0.0440376312359448,-0.009002));
#7424=CARTESIAN_POINT('',(0.025174641878094,-0.0440376312359448,-0.0064));
#7425=CARTESIAN_POINT('',(0.025174641878094,-0.0440376312359448,-0.00365));
#7426=CARTESIAN_POINT('',(0.025174641878094,-0.0430376312359447,-0.00365));
#7427=CARTESIAN_POINT('',(0.026174641878094,-0.0430376312359448,-0.00365));
#7428=CARTESIAN_POINT('',(0.026174641878094,-0.0430376312359448,-0.009002));
#7429=CARTESIAN_POINT('',(0.026174641878094,-0.0430376312359448,-0.0064));
#7430=CARTESIAN_POINT('',(0.025174641878094,-0.0430376312359447,-0.0064));
#7431=CARTESIAN_POINT('',(0.027174641878094,-0.0430376312359448,-0.009002));
#7432=CARTESIAN_POINT('',(0.027174641878094,-0.0430376312359448,-0.00365));
#7433=CARTESIAN_POINT('',(0.028174641878094,-0.0430376312359448,-0.00365));
#7434=CARTESIAN_POINT('',(0.028174641878094,-0.0430376312359448,-0.009002));
#7435=CARTESIAN_POINT('',(0.028174641878094,-0.0430376312359448,-0.00522881431891801));
#7436=CARTESIAN_POINT('',(0.028174641878094,-0.0430376312359448,-0.00522881431891801));
#7437=CARTESIAN_POINT('',(0.028174641878094,-0.042862253091758,-0.00533257147183287));
#7438=CARTESIAN_POINT('',(0.02809005346624,-0.0425626909208427,-0.00559931877070266));
#7439=CARTESIAN_POINT('',(0.0278025868506936,-0.0422114451372804,-0.0060083801395634));
#7440=CARTESIAN_POINT('',(0.0273133413818478,-0.0419919225418076,-0.00634423567259665));
#7441=CARTESIAN_POINT('',(0.026897183303162,-0.0420555059990833,-0.00640000000000005));
#7442=CARTESIAN_POINT('',(0.0267160373850924,-0.0421489907467711,-0.0064));
#7443=CARTESIAN_POINT('',(0.0267160373850924,-0.0421489907467711,-0.0064));
#7444=CARTESIAN_POINT('',(0.027174641878094,-0.0430376312359448,-0.0064));
#7445=CARTESIAN_POINT('',(0.025174641878094,-0.0450376312359448,-0.009002));
#7446=CARTESIAN_POINT('',(0.0247958880105752,-0.0459631286739961,-0.009002));
#7447=CARTESIAN_POINT('',(0.0247958880105753,-0.0459631286739961,-0.00611633726520805));
#7448=CARTESIAN_POINT('',(0.0247958880105752,-0.0459631286739961,-0.00365));
#7449=CARTESIAN_POINT('',(0.025174641878094,-0.0450376312359448,-0.00365));
#7450=CARTESIAN_POINT('',(0.025174641878094,-0.0450376312359448,-0.0064));
#7451=CARTESIAN_POINT('',(0.0242096715822316,-0.0452999903945483,-0.0064));
#7452=CARTESIAN_POINT('',(0.0242096715822316,-0.0452999903945483,-0.0064));
#7453=CARTESIAN_POINT('',(0.0242955638602094,-0.0456159065506061,-0.0064));
#7454=CARTESIAN_POINT('',(0.0245314947375266,-0.0458549274293509,-0.00627307358446862));
#7455=CARTESIAN_POINT('',(0.0247958880105753,-0.0459631286739961,-0.00611633726520805));
#7456=CARTESIAN_POINT('',(0.025174641878094,-0.0430376312359448,-0.009002));
#7457=CARTESIAN_POINT('',(0.025174641878094,-0.0430376312359448,-0.00365));
#7458=CARTESIAN_POINT('',(0.0280758102335769,-0.0438013210768781,-0.00365));
#7459=CARTESIAN_POINT('',(0.0280758102335769,-0.0438013210768781,-0.009002));
#7460=CARTESIAN_POINT('',(0.0280758102335769,-0.0438013210768781,-0.00498486698689887));
#7461=CARTESIAN_POINT('',(0.0280758102335769,-0.0438013210768781,-0.00498486698689887));
#7462=CARTESIAN_POINT('',(0.0281434913815216,-0.0435442083143986,-0.00504412818895251));
#7463=CARTESIAN_POINT('',(0.028174641878094,-0.0432905659649233,-0.00512905355160084));
#7464=CARTESIAN_POINT('',(0.028174641878094,-0.0430376312359448,-0.00522881431891799));
#7465=CARTESIAN_POINT('',(0.019674641878094,-0.0350376312359448,-0.00265));
#7466=CARTESIAN_POINT('',(0.0290428663520712,-0.0440558843571892,-0.00265));
#7467=CARTESIAN_POINT('',(0.0271087541150826,-0.043546757796567,-0.00265));
#7468=CARTESIAN_POINT('',(0.025174641878094,-0.0430376312359447,-0.00265));
#7469=CARTESIAN_POINT('',(0.025174641878094,-0.0450376312359448,-0.00265));
#7470=CARTESIAN_POINT('',(0.0244171341430565,-0.0468886261120475,-0.00265));
#7471=CARTESIAN_POINT('',(0.027174641878094,-0.0270376312359448,-0.009002));
#7472=CARTESIAN_POINT('',(0.028174641878094,-0.0270376312359448,-0.009002));
#7473=CARTESIAN_POINT('',(0.028174641878094,-0.0270376312359448,-0.0052280455082186));
#7474=CARTESIAN_POINT('',(0.028174641878094,-0.0270376312359448,-0.00365));
#7475=CARTESIAN_POINT('',(0.027174641878094,-0.0270376312359448,-0.00365));
#7476=CARTESIAN_POINT('',(0.026174641878094,-0.0270376312359448,-0.00365));
#7477=CARTESIAN_POINT('',(0.026174641878094,-0.0270376312359448,-0.009002));
#7478=CARTESIAN_POINT('',(0.026174641878094,-0.0270376312359448,-0.0064));
#7479=CARTESIAN_POINT('',(0.027174641878094,-0.0270376312359448,-0.0064));
#7480=CARTESIAN_POINT('',(0.0267154513099652,-0.0279259690220045,-0.0064));
#7481=CARTESIAN_POINT('',(0.0267154513099652,-0.0279259690220045,-0.0064));
#7482=CARTESIAN_POINT('',(0.0268969246150935,-0.0280197743642851,-0.00639999999999998));
#7483=CARTESIAN_POINT('',(0.0273172243406145,-0.0280831038461193,-0.00634282494817558));
#7484=CARTESIAN_POINT('',(0.0278028370170485,-0.0278630275426176,-0.00600720477684533));
#7485=CARTESIAN_POINT('',(0.0280902574365583,-0.0275122029995447,-0.00559844183701332));
#7486=CARTESIAN_POINT('',(0.028174641878094,-0.027213149899097,-0.00533195870505167));
#7487=CARTESIAN_POINT('',(0.028174641878094,-0.0270376312359448,-0.00522804550821861));
#7488=CARTESIAN_POINT('',(0.025174641878094,-0.0270376312359448,-0.009002));
#7489=CARTESIAN_POINT('',(0.025174641878094,-0.0270376312359448,-0.00365));
#7490=CARTESIAN_POINT('',(0.025174641878094,-0.0260376312359448,-0.00365));
#7491=CARTESIAN_POINT('',(0.025174641878094,-0.0260376312359448,-0.009002));
#7492=CARTESIAN_POINT('',(0.025174641878094,-0.0260376312359448,-0.0064));
#7493=CARTESIAN_POINT('',(0.025174641878094,-0.0270376312359448,-0.0064));
#7494=CARTESIAN_POINT('',(0.025174641878094,-0.0270376312359448,-0.009002));
#7495=CARTESIAN_POINT('',(0.025174641878094,-0.0240376312359448,-0.009002));
#7496=CARTESIAN_POINT('',(0.025174641878094,-0.0240376312359448,-0.00589143815783707));
#7497=CARTESIAN_POINT('',(0.025174641878094,-0.0240376312359448,-0.00365));
#7498=CARTESIAN_POINT('',(0.025174641878094,-0.0270376312359448,-0.00365));
#7499=CARTESIAN_POINT('',(0.028174641878094,-0.0270376312359448,-0.0052280455082186));
#7500=CARTESIAN_POINT('',(0.028174641878094,-0.0266517420498984,-0.00507573889791194));
#7501=CARTESIAN_POINT('',(0.0280243434830136,-0.0258523856296037,-0.00483419510877606));
#7502=CARTESIAN_POINT('',(0.0273014725841684,-0.0248068153350895,-0.00496028620378996));
#7503=CARTESIAN_POINT('',(0.026306870048779,-0.0241839427348311,-0.00541385378514745));
#7504=CARTESIAN_POINT('',(0.0255613214107927,-0.0240376312359448,-0.00574241820892184));
#7505=CARTESIAN_POINT('',(0.0251746418780941,-0.0240376312359448,-0.00589143815783707));
#7506=CARTESIAN_POINT('',(0.025174641878094,-0.0250376312359448,-0.009002));
#7507=CARTESIAN_POINT('',(0.025174641878094,-0.0250376312359448,-0.00365));
#7508=CARTESIAN_POINT('',(0.025174641878094,-0.0240376312359448,-0.00589143815783707));
#7509=CARTESIAN_POINT('',(0.0249682259971515,-0.0240376312359448,-0.00601076209962425));
#7510=CARTESIAN_POINT('',(0.0245647618920686,-0.0241580246465364,-0.00626274726034797));
#7511=CARTESIAN_POINT('',(0.0242723388039301,-0.0245444320968373,-0.0064));
#7512=CARTESIAN_POINT('',(0.0242095719452842,-0.02477563882234,-0.0064));
#7513=CARTESIAN_POINT('',(0.0242095719452842,-0.02477563882234,-0.0064));
#7514=CARTESIAN_POINT('',(0.025174641878094,-0.0250376312359448,-0.0064));
#7515=CARTESIAN_POINT('',(0.014174641878094,-0.0270376312359448,-0.009002));
#7516=CARTESIAN_POINT('',(0.014174641878094,-0.0260376312359448,-0.009002));
#7517=CARTESIAN_POINT('',(0.014174641878094,-0.0260376312359448,-0.0064));
#7518=CARTESIAN_POINT('',(0.014174641878094,-0.0260376312359448,-0.00365));
#7519=CARTESIAN_POINT('',(0.014174641878094,-0.0270376312359448,-0.00365));
#7520=CARTESIAN_POINT('',(0.013174641878094,-0.0270376312359448,-0.00365));
#7521=CARTESIAN_POINT('',(0.013174641878094,-0.0270376312359448,-0.009002));
#7522=CARTESIAN_POINT('',(0.013174641878094,-0.0270376312359448,-0.0064));
#7523=CARTESIAN_POINT('',(0.014174641878094,-0.0270376312359448,-0.0064));
#7524=CARTESIAN_POINT('',(0.012174641878094,-0.0270376312359448,-0.009002));
#7525=CARTESIAN_POINT('',(0.012174641878094,-0.0270376312359448,-0.00365));
#7526=CARTESIAN_POINT('',(0.011174641878094,-0.0270376312359448,-0.00365));
#7527=CARTESIAN_POINT('',(0.011174641878094,-0.0270376312359448,-0.009002));
#7528=CARTESIAN_POINT('',(0.011174641878094,-0.0270376312359448,-0.00522849989041713));
#7529=CARTESIAN_POINT('',(0.011174641878094,-0.0270376312359448,-0.00522849989041713));
#7530=CARTESIAN_POINT('',(0.011174641878094,-0.0272130235844188,-0.00533229906903107));
#7531=CARTESIAN_POINT('',(0.0112592431457956,-0.0275126050037294,-0.0055991375839807));
#7532=CARTESIAN_POINT('',(0.0115467499269572,-0.0278638688706544,-0.00600831381202099));
#7533=CARTESIAN_POINT('',(0.0120360967684467,-0.0280833806334515,-0.00634425046222664));
#7534=CARTESIAN_POINT('',(0.0124523266770794,-0.0280196998409865,-0.00640000000000001));
#7535=CARTESIAN_POINT('',(0.012633479351333,-0.027926151451332,-0.0064));
#7536=CARTESIAN_POINT('',(0.012633479351333,-0.027926151451332,-0.0064));
#7537=CARTESIAN_POINT('',(0.012174641878094,-0.0270376312359448,-0.0064));
#7538=CARTESIAN_POINT('',(0.014174641878094,-0.0270376312359448,-0.009002));
#7539=CARTESIAN_POINT('',(0.014174641878094,-0.0270376312359448,-0.00365));
#7540=CARTESIAN_POINT('',(0.014174641878094,-0.0240376312359448,-0.00365));
#7541=CARTESIAN_POINT('',(0.014174641878094,-0.0240376312359448,-0.009002));
#7542=CARTESIAN_POINT('',(0.014174641878094,-0.0240376312359448,-0.00589170393794491));
#7543=CARTESIAN_POINT('',(0.0141746418780916,-0.0240376312359448,-0.00589170393794491));
#7544=CARTESIAN_POINT('',(0.0137885673922064,-0.0240376312359451,-0.00574298009909502));
#7545=CARTESIAN_POINT('',(0.0130423994803106,-0.0241833868051358,-0.00541426320510659));
#7546=CARTESIAN_POINT('',(0.0120446689331514,-0.0248096726174435,-0.00495968165218082));
#7547=CARTESIAN_POINT('',(0.0113247242624141,-0.0258538568226979,-0.00483530980294778));
#7548=CARTESIAN_POINT('',(0.011174641878094,-0.0266526097658202,-0.005076593178806));
#7549=CARTESIAN_POINT('',(0.011174641878094,-0.0270376312359448,-0.00522849989041713));
#7550=CARTESIAN_POINT('',(0.014174641878094,-0.0250376312359448,-0.009002));
#7551=CARTESIAN_POINT('',(0.014174641878094,-0.0250376312359448,-0.00365));
#7552=CARTESIAN_POINT('',(0.014174641878094,-0.0250376312359448,-0.0064));
#7553=CARTESIAN_POINT('',(0.0151396603846615,-0.0247754494631568,-0.0064));
#7554=CARTESIAN_POINT('',(0.0151396603846615,-0.0247754494631568,-0.0064));
#7555=CARTESIAN_POINT('',(0.0150768352917755,-0.024544207692735,-0.0064));
#7556=CARTESIAN_POINT('',(0.0147833698295745,-0.0241572525512262,-0.00626219378736515));
#7557=CARTESIAN_POINT('',(0.0143809991366296,-0.0240376312359443,-0.00601094353335787));
#7558=CARTESIAN_POINT('',(0.0141746418780918,-0.0240376312359448,-0.00589170393794453));
#7559=CARTESIAN_POINT('',(0.0244171341430565,-0.0468886261120475,-0.00900200000000149));
#7560=CARTESIAN_POINT('',(0.0244171341430565,-0.0468886261120475,-0.00365));
#7561=CARTESIAN_POINT('',(0.0244171341430565,-0.0468886261120475,-0.00611633726521112));
#7562=CARTESIAN_POINT('',(0.0244171341430565,-0.0468886261120476,-0.00611633726520802));
#7563=CARTESIAN_POINT('',(0.0244171341430565,-0.0468886261120476,-0.00611633726520802));
#7564=CARTESIAN_POINT('',(0.0245870837180483,-0.0471595836712878,-0.00706380712913547));
#7565=CARTESIAN_POINT('',(0.0250915496206999,-0.0460841262842622,-0.00728087951394931));
#7566=CARTESIAN_POINT('',(0.0247958880105753,-0.0459631286739962,-0.00611633726520805));
#7567=CARTESIAN_POINT('',(0.0239582168976293,-0.0468682385024173,-0.0072599271660726));
#7568=CARTESIAN_POINT('',(0.0247233962858634,-0.0460309868392495,-0.00732388996562443));
#7569=CARTESIAN_POINT('',(0.0245167515927659,-0.0458488938922844,-0.00628181355092804));
#7570=CARTESIAN_POINT('',(0.0234550353584828,-0.0462717508044109,-0.0074));
#7571=CARTESIAN_POINT('',(0.0243206599625343,-0.0457082112768114,-0.00738329255481089));
#7572=CARTESIAN_POINT('',(0.0242918242953483,-0.0456021522413239,-0.00640000000223796));
#7573=CARTESIAN_POINT('',(0.0232447012863691,-0.0455623495531518,-0.0074));
#7574=CARTESIAN_POINT('',(0.0242096715822316,-0.0452999903945483,-0.00740000000000004));
#7575=CARTESIAN_POINT('',(0.0242096715822316,-0.0452999903945483,-0.0064));
#7576=CARTESIAN_POINT('',(0.0232447012863692,-0.0455623495531518,-0.0064));
#7577=CARTESIAN_POINT('',(0.025174641878094,-0.0450376312359448,-0.0064));
#7578=CARTESIAN_POINT('',(0.025174641878094,-0.0430376312359448,-0.0064));
#7579=CARTESIAN_POINT('',(0.025174641878094,-0.0430376312359447,-0.0064));
#7580=CARTESIAN_POINT('',(0.025174641878094,-0.0430376312359447,-0.0064));
#7581=CARTESIAN_POINT('',(0.027174641878094,-0.0430376312359448,-0.0064));
#7582=CARTESIAN_POINT('',(0.0262574328920909,-0.0412603502575975,-0.0064));
#7583=CARTESIAN_POINT('',(0.026257432892092,-0.0412603502575969,-0.0074));
#7584=CARTESIAN_POINT('',(0.0267160373850931,-0.0421489907467708,-0.00740000000000006));
#7585=CARTESIAN_POINT('',(0.026716037385093,-0.0421489907467709,-0.0064));
#7586=CARTESIAN_POINT('',(0.0266218322198702,-0.0411098844032075,-0.00739999999999994));
#7587=CARTESIAN_POINT('',(0.026901360278952,-0.0420533503473434,-0.007367143686482));
#7588=CARTESIAN_POINT('',(0.026876698721064,-0.0420660775648649,-0.00640000001568143));
#7589=CARTESIAN_POINT('',(0.0274602518044315,-0.040995601919048,-0.00735595860580113));
#7590=CARTESIAN_POINT('',(0.0273979707953673,-0.0419603053267624,-0.00728375696633568));
#7591=CARTESIAN_POINT('',(0.0272387649128129,-0.0419915396573545,-0.00636284006608426));
#7592=CARTESIAN_POINT('',(0.0286716570982729,-0.041404001874294,-0.00700460827385995));
#7593=CARTESIAN_POINT('',(0.0281315162017952,-0.0423734563473097,-0.00705814539540928));
#7594=CARTESIAN_POINT('',(0.0277489823240783,-0.0421666080593231,-0.0060663882340087));
#7595=CARTESIAN_POINT('',(0.0294968126237855,-0.0422114332362805,-0.00647420388597695));
#7596=CARTESIAN_POINT('',(0.0284282085948502,-0.043144343097864,-0.00687208261345874));
#7597=CARTESIAN_POINT('',(0.0280867000658351,-0.0425395040563974,-0.00561885952459613));
#7598=CARTESIAN_POINT('',(0.029733893838856,-0.0429026800625076,-0.0061335426132831));
#7599=CARTESIAN_POINT('',(0.0282635517606799,-0.0435306310645958,-0.00698087311797509));
#7600=CARTESIAN_POINT('',(0.028174641878094,-0.0428641883001224,-0.00533142658779089));
#7601=CARTESIAN_POINT('',(0.0297517639134848,-0.0432692839735463,-0.0060119280816806));
#7602=CARTESIAN_POINT('',(0.028174641878094,-0.0435854316819092,-0.0070806813545679));
#7603=CARTESIAN_POINT('',(0.028174641878094,-0.0430376312359448,-0.00522881431891801));
#7604=CARTESIAN_POINT('',(0.0291746418780941,-0.0430376312359447,-0.00522881431891801));
#7605=CARTESIAN_POINT('',(0.0297517639134848,-0.0432692839735463,-0.00601192808168059));
#7606=CARTESIAN_POINT('',(0.028174641878094,-0.0435854316819092,-0.00708068135456789));
#7607=CARTESIAN_POINT('',(0.028174641878094,-0.0430376312359448,-0.005228814318918));
#7608=CARTESIAN_POINT('',(0.0297693027181583,-0.0436290923163849,-0.00589256787793171));
#7609=CARTESIAN_POINT('',(0.0281258678951055,-0.0438293858812218,-0.00709986361577021));
#7610=CARTESIAN_POINT('',(0.028174641878094,-0.0432929730932201,-0.0051281041432713));
#7611=CARTESIAN_POINT('',(0.0297378411799271,-0.0439868231740719,-0.00579225795831074));
#7612=CARTESIAN_POINT('',(0.0280524269981278,-0.0440127483728789,-0.007140680587103));
#7613=CARTESIAN_POINT('',(0.0281427369877623,-0.0435470741680263,-0.00504346765364828));
#7614=CARTESIAN_POINT('',(0.0296531023575597,-0.044344084005665,-0.00572280531780726));
#7615=CARTESIAN_POINT('',(0.0279824875305506,-0.0441558431071031,-0.00717783243127424));
#7616=CARTESIAN_POINT('',(0.0280758102335781,-0.0438013210768737,-0.00498486698689988));
#7617=CARTESIAN_POINT('',(0.0290428663520711,-0.0440558843571896,-0.00498486698689883));
#7618=CARTESIAN_POINT('',(0.0290428663520714,-0.0440558843571893,-0.00498486698689874));
#7619=CARTESIAN_POINT('',(0.029042866352052,-0.0440558843571767,-0.00498486698691965));
#7620=CARTESIAN_POINT('',(0.0290428663520712,-0.0440558843571892,-0.00900200000000666));
#7621=CARTESIAN_POINT('',(0.0290428663520712,-0.0440558843571892,-0.00365));
#7622=CARTESIAN_POINT('',(0.027174641878094,-0.0270376312359448,-0.0064));
#7623=CARTESIAN_POINT('',(0.025174641878094,-0.0270376312359448,-0.0064));
#7624=CARTESIAN_POINT('',(0.0262562607418362,-0.0288143068080642,-0.0064));
#7625=CARTESIAN_POINT('',(0.0297519086835975,-0.0268058579910223,-0.00601101689862945));
#7626=CARTESIAN_POINT('',(0.028174641878094,-0.026489358121981,-0.00708020994811642));
#7627=CARTESIAN_POINT('',(0.028174641878094,-0.0270376312359448,-0.0052280455082186));
#7628=CARTESIAN_POINT('',(0.0297340069409822,-0.0271730518276671,-0.00613291124876288));
#7629=CARTESIAN_POINT('',(0.0282637571604888,-0.0265442449192916,-0.00698015049344025));
#7630=CARTESIAN_POINT('',(0.028174641878094,-0.0272113512508089,-0.00533089387262614));
#7631=CARTESIAN_POINT('',(0.0294964988393749,-0.0278646615124665,-0.00647411744906201));
#7632=CARTESIAN_POINT('',(0.0284284877628075,-0.0269314701233867,-0.0068715199451985));
#7633=CARTESIAN_POINT('',(0.0280865254739972,-0.0275362000458533,-0.00561878659405407));
#7634=CARTESIAN_POINT('',(0.0286705667611227,-0.0286714515699615,-0.00700454990778957));
#7635=CARTESIAN_POINT('',(0.0281309530690185,-0.0277020571560709,-0.00705798909562357));
#7636=CARTESIAN_POINT('',(0.0277484628433292,-0.0279087633768538,-0.00606633898754579));
#7637=CARTESIAN_POINT('',(0.0274618213312974,-0.0290798995761173,-0.00735570356772547));
#7638=CARTESIAN_POINT('',(0.0273988174683024,-0.0281151164024132,-0.00728339574275218));
#7639=CARTESIAN_POINT('',(0.0272393875174708,-0.0280839060588862,-0.00636262487746714));
#7640=CARTESIAN_POINT('',(0.026619205286275,-0.0289644512383317,-0.00740000000000052));
#7641=CARTESIAN_POINT('',(0.0269000100602013,-0.0280213692861631,-0.00736726304722137));
#7642=CARTESIAN_POINT('',(0.026875483227942,-0.0280086910996733,-0.00640000001630439));
#7643=CARTESIAN_POINT('',(0.0262562607418356,-0.0288143068080623,-0.0074));
#7644=CARTESIAN_POINT('',(0.0267154513099639,-0.0279259690220038,-0.00739999999999865));
#7645=CARTESIAN_POINT('',(0.0267154513099651,-0.0279259690220045,-0.0064));
#7646=CARTESIAN_POINT('',(0.0291746418780941,-0.0270376312359448,-0.0052280455082186));
#7647=CARTESIAN_POINT('',(0.025174641878094,-0.0270376312359448,-0.0064));
#7648=CARTESIAN_POINT('',(0.025174641878094,-0.0270376312359448,-0.0064));
#7649=CARTESIAN_POINT('',(0.0254364585486787,-0.0227045565434811,-0.00679726003891753));
#7650=CARTESIAN_POINT('',(0.025567214580952,-0.0240376312359449,-0.00724964404812933));
#7651=CARTESIAN_POINT('',(0.0251746418780951,-0.0240376312359448,-0.00589143815783667));
#7652=CARTESIAN_POINT('',(0.0260171751332106,-0.0226759173315104,-0.00661888029030585));
#7653=CARTESIAN_POINT('',(0.0260419435934908,-0.0240912581758467,-0.00718189441348008));
#7654=CARTESIAN_POINT('',(0.0255651824078997,-0.0240376312359449,-0.00574093023861081));
#7655=CARTESIAN_POINT('',(0.0268638016172833,-0.0228026849927858,-0.00631904851997866));
#7656=CARTESIAN_POINT('',(0.0266885280303286,-0.0243423705706013,-0.00709510728754007));
#7657=CARTESIAN_POINT('',(0.0261359527441807,-0.0241510687105517,-0.00548794719015636));
#7658=CARTESIAN_POINT('',(0.0278698105237794,-0.0232741503278329,-0.00595616457449517));
#7659=CARTESIAN_POINT('',(0.0272781939386163,-0.0248123309936339,-0.00709965363629012));
#7660=CARTESIAN_POINT('',(0.0268201689756496,-0.0245065159558491,-0.00518176385946804));
#7661=CARTESIAN_POINT('',(0.0285470122114398,-0.0237812233355909,-0.00573567852631011));
#7662=CARTESIAN_POINT('',(0.0275834336462177,-0.0251896077961898,-0.00716758386586877));
#7663=CARTESIAN_POINT('',(0.0272850161020075,-0.0248776058665027,-0.0049957287566205));
#7664=CARTESIAN_POINT('',(0.0291021048753064,-0.0244208959869408,-0.00561269531634084));
#7665=CARTESIAN_POINT('',(0.0277440050706396,-0.0254848408604668,-0.00724740356180197));
#7666=CARTESIAN_POINT('',(0.0276718559836183,-0.0253388459940277,-0.00489196167323948));
#7667=CARTESIAN_POINT('',(0.0295073718334744,-0.025169852945806,-0.00561874211390509));
#7668=CARTESIAN_POINT('',(0.027865655383269,-0.0257028320902293,-0.00724336516378012));
#7669=CARTESIAN_POINT('',(0.0279623193573847,-0.0258744989774992,-0.00489706365825354));
#7670=CARTESIAN_POINT('',(0.0297347505489353,-0.0259843814297932,-0.00575964449805918));
#7671=CARTESIAN_POINT('',(0.0280309206093709,-0.0259932887538095,-0.00715010129104134));
#7672=CARTESIAN_POINT('',(0.0281373136836586,-0.0264543866770487,-0.00501595004657609));
#7673=CARTESIAN_POINT('',(0.0297653077468567,-0.0265310208899044,-0.00591978148176699));
#7674=CARTESIAN_POINT('',(0.028137755011339,-0.0263049937520028,-0.00709472326165192));
#7675=CARTESIAN_POINT('',(0.028174641878094,-0.026842592400317,-0.0051510656223533));
#7676=CARTESIAN_POINT('',(0.0297519086835976,-0.0268058579910224,-0.00601101689862945));
#7677=CARTESIAN_POINT('',(0.028174641878094,-0.0264893581219812,-0.00708020994811662));
#7678=CARTESIAN_POINT('',(0.028174641878094,-0.0270376312359448,-0.0052280455082186));
#7679=CARTESIAN_POINT('',(0.025174641878094,-0.0230376312359448,-0.00589143815783707));
#7680=CARTESIAN_POINT('',(0.025174641878094,-0.0250376312359448,-0.0064));
#7681=CARTESIAN_POINT('',(0.0232445020124744,-0.0245136464087352,-0.0064));
#7682=CARTESIAN_POINT('',(0.0232445020124744,-0.0245136464087353,-0.0074));
#7683=CARTESIAN_POINT('',(0.0242095719452842,-0.02477563882234,-0.00739999999999999));
#7684=CARTESIAN_POINT('',(0.0242095719452842,-0.02477563882234,-0.0064));
#7685=CARTESIAN_POINT('',(0.0233954047760027,-0.0240044089817286,-0.0074));
#7686=CARTESIAN_POINT('',(0.0242893077303925,-0.0244819257284974,-0.00738785880080574));
#7687=CARTESIAN_POINT('',(0.0242684632532677,-0.0245587079965322,-0.00639999999983155));
#7688=CARTESIAN_POINT('',(0.0239989994711411,-0.0230887620118262,-0.00725798820888201));
#7689=CARTESIAN_POINT('',(0.0247540779186906,-0.0239510480290708,-0.00732528119845318));
#7690=CARTESIAN_POINT('',(0.0245353850699652,-0.0241772284031021,-0.00628017754854305));
#7691=CARTESIAN_POINT('',(0.024955422683188,-0.0227282798242492,-0.00694502069250227));
#7692=CARTESIAN_POINT('',(0.0253505603388792,-0.0239577666902945,-0.00724585628736008));
#7693=CARTESIAN_POINT('',(0.0249589727018326,-0.0240376312359448,-0.00601611121486953));
#7694=CARTESIAN_POINT('',(0.0254364585486771,-0.0227045565434811,-0.00679726003891801));
#7695=CARTESIAN_POINT('',(0.0255672145809507,-0.0240376312359448,-0.00724964404812966));
#7696=CARTESIAN_POINT('',(0.025174641878094,-0.0240376312359448,-0.00589143815783707));
#7697=CARTESIAN_POINT('',(0.012174641878094,-0.0270376312359448,-0.0064));
#7698=CARTESIAN_POINT('',(0.014174641878094,-0.0270376312359448,-0.0064));
#7699=CARTESIAN_POINT('',(0.013092316824572,-0.0288146716667192,-0.0064));
#7700=CARTESIAN_POINT('',(0.013092316824572,-0.0288146716667191,-0.0074));
#7701=CARTESIAN_POINT('',(0.0126334793513331,-0.027926151451332,-0.00739999999999998));
#7702=CARTESIAN_POINT('',(0.012633479351333,-0.027926151451332,-0.0064));
#7703=CARTESIAN_POINT('',(0.012727927052142,-0.0289652449693001,-0.00740000000000002));
#7704=CARTESIAN_POINT('',(0.0124481762958974,-0.028021843146161,-0.00736714064812987));
#7705=CARTESIAN_POINT('',(0.0124728169157546,-0.0280091185518083,-0.00640000001568585));
#7706=CARTESIAN_POINT('',(0.0118894335899388,-0.0290797046726089,-0.00735598044176524));
#7707=CARTESIAN_POINT('',(0.0119515506092112,-0.0281150250392007,-0.00728373879411841));
#7708=CARTESIAN_POINT('',(0.0121107115458667,-0.02808374914787,-0.00636285849017641));
#7709=CARTESIAN_POINT('',(0.0106777930812889,-0.028671379349987,-0.00700457804744429));
#7710=CARTESIAN_POINT('',(0.0112178092701135,-0.0277019255224857,-0.00705804045246078));
#7711=CARTESIAN_POINT('',(0.0116003906600756,-0.0279087269694346,-0.00606636273047289));
#7712=CARTESIAN_POINT('',(0.00985247222115332,-0.0278638947936613,-0.00647401968703516));
#7713=CARTESIAN_POINT('',(0.0109209850229836,-0.0269308855805457,-0.00687182834476191));
#7714=CARTESIAN_POINT('',(0.0112626037412291,-0.027535812673524,-0.00561870410673192));
#7715=CARTESIAN_POINT('',(0.00961533798871881,-0.0271725684903763,-0.00613322318745186));
#7716=CARTESIAN_POINT('',(0.0110856905288913,-0.0265444376231265,-0.00698061345249097));
#7717=CARTESIAN_POINT('',(0.011174641878094,-0.0272110938815347,-0.00533115707226066));
#7718=CARTESIAN_POINT('',(0.0095974640533466,-0.0268059206679625,-0.00601155542567956));
#7719=CARTESIAN_POINT('',(0.011174641878094,-0.0264896217379947,-0.00708047355947715));
#7720=CARTESIAN_POINT('',(0.011174641878094,-0.0270376312359448,-0.00522849989041713));
#7721=CARTESIAN_POINT('',(0.010174641878094,-0.0270376312359448,-0.00522849989041713));
#7722=CARTESIAN_POINT('',(0.014174641878094,-0.0270376312359448,-0.0064));
#7723=CARTESIAN_POINT('',(0.014174641878094,-0.0270376312359448,-0.0064));
#7724=CARTESIAN_POINT('',(0.00959746405334659,-0.0268059206679625,-0.00601155542567956));
#7725=CARTESIAN_POINT('',(0.011174641878094,-0.0264896217379947,-0.00708047355947714));
#7726=CARTESIAN_POINT('',(0.011174641878094,-0.0270376312359448,-0.00522849989041713));
#7727=CARTESIAN_POINT('',(0.00958408846495111,-0.026531547054283,-0.005920507785162));
#7728=CARTESIAN_POINT('',(0.0112114463835027,-0.0263055914743066,-0.00709494883781357));
#7729=CARTESIAN_POINT('',(0.011174641878094,-0.0268429202478771,-0.00515167844082341));
#7730=CARTESIAN_POINT('',(0.00961426255891358,-0.0259869715543188,-0.00576090621523329));
#7731=CARTESIAN_POINT('',(0.0113177544713675,-0.0259948894357739,-0.00715002390642652));
#7732=CARTESIAN_POINT('',(0.0112116523077183,-0.0264561806662632,-0.00501701462045118));
#7733=CARTESIAN_POINT('',(0.00984122758700035,-0.0251725168588734,-0.00561987225357966));
#7734=CARTESIAN_POINT('',(0.0114830931665075,-0.0257036577900588,-0.00724311800566615));
#7735=CARTESIAN_POINT('',(0.0113863721207694,-0.02587634528355,-0.00489801721360006));
#7736=CARTESIAN_POINT('',(0.0102429407287993,-0.0244273842476225,-0.00561294405569715));
#7737=CARTESIAN_POINT('',(0.0116041054557445,-0.0254870402647322,-0.00724784010126919));
#7738=CARTESIAN_POINT('',(0.0116743670806047,-0.0253434502173512,-0.00489217154707747));
#7739=CARTESIAN_POINT('',(0.010798488602989,-0.0237848817962761,-0.00573523388092083));
#7740=CARTESIAN_POINT('',(0.011764746674999,-0.025191611136268,-0.00716837260789475));
#7741=CARTESIAN_POINT('',(0.012061587896208,-0.02488020710463,-0.00499535358705273));
#7742=CARTESIAN_POINT('',(0.0114733820090956,-0.023277743905083,-0.00595462429640834));
#7743=CARTESIAN_POINT('',(0.0120677797686756,-0.0248154759287864,-0.00710013064217387));
#7744=CARTESIAN_POINT('',(0.0125248913515131,-0.0245091348575951,-0.00518046424990842));
#7745=CARTESIAN_POINT('',(0.0124868336847884,-0.0228014588983133,-0.00631998049808879));
#7746=CARTESIAN_POINT('',(0.0126610455792601,-0.02434163149418,-0.00709517597200199));
#7747=CARTESIAN_POINT('',(0.0132141972488376,-0.0241501386482864,-0.00548873354628273));
#7748=CARTESIAN_POINT('',(0.0133328368918605,-0.0226760112120553,-0.00661946440319751));
#7749=CARTESIAN_POINT('',(0.0133080922278626,-0.0240911716910253,-0.00718223032745226));
#7750=CARTESIAN_POINT('',(0.0137845255289823,-0.0240376312359448,-0.00574142308565469));
#7751=CARTESIAN_POINT('',(0.0139129217326998,-0.0227046145451186,-0.00679757503756544));
#7752=CARTESIAN_POINT('',(0.0137822480328591,-0.0240376312359448,-0.00724986550984732));
#7753=CARTESIAN_POINT('',(0.014174641878094,-0.0240376312359448,-0.00589170393794584));
#7754=CARTESIAN_POINT('',(0.0141746418780925,-0.0230376312359448,-0.00589170393794539));
#7755=CARTESIAN_POINT('',(0.014174641878094,-0.0250376312359448,-0.0064));
#7756=CARTESIAN_POINT('',(0.016104678891229,-0.0245132676903688,-0.0064));
#7757=CARTESIAN_POINT('',(0.0139129217326982,-0.0227046145451186,-0.00679757503756497));
#7758=CARTESIAN_POINT('',(0.0137822480328584,-0.0240376312359451,-0.00724986550984731));
#7759=CARTESIAN_POINT('',(0.0141746418780933,-0.0240376312359448,-0.00589170393794544));
#7760=CARTESIAN_POINT('',(0.0143939924521657,-0.022728335625064,-0.00694528414788591));
#7761=CARTESIAN_POINT('',(0.0139989036289029,-0.0239577956977424,-0.00724607701920524));
#7762=CARTESIAN_POINT('',(0.0143903270546839,-0.0240376312359446,-0.00601633350532399));
#7763=CARTESIAN_POINT('',(0.0153479917179822,-0.0230870603408784,-0.00725739271859416));
#7764=CARTESIAN_POINT('',(0.014593732113354,-0.0239504474765506,-0.00732521673949416));
#7765=CARTESIAN_POINT('',(0.0148128432311496,-0.0241765164771691,-0.00627967510288254));
#7766=CARTESIAN_POINT('',(0.0159536985820734,-0.0240039085177492,-0.0074));
#7767=CARTESIAN_POINT('',(0.015059841310644,-0.0244816575647899,-0.00738791933270014));
#7768=CARTESIAN_POINT('',(0.0150807131265831,-0.0245584809288755,-0.00640000000131731));
#7769=CARTESIAN_POINT('',(0.016104678891229,-0.0245132676903688,-0.0074));
#7770=CARTESIAN_POINT('',(0.0151396603846615,-0.0247754494631568,-0.0074));
#7771=CARTESIAN_POINT('',(0.0151396603846615,-0.0247754494631568,-0.0064));
#7772=CARTESIAN_POINT('',(0.00903468582758,-0.03980891892827,-0.00165));
#7773=CARTESIAN_POINT('',(0.0108810837070283,-0.0417084279129638,-0.00232997163636789));
#7774=CARTESIAN_POINT('',(0.0105335413366491,-0.0417994587987101,-0.00213914244076526));
#7775=CARTESIAN_POINT('',(0.0101983676817375,-0.0419587392671282,-0.00196192212426405));
#7776=CARTESIAN_POINT('',(0.00984105680577481,-0.0420608947269087,-0.00178917310096001));
#7777=CARTESIAN_POINT('',(0.0108810837070286,-0.0417084279129643,-0.00232997163636753));
#7778=CARTESIAN_POINT('',(0.0108810837070281,-0.0417084279129641,-0.00232997163636791));
#7779=CARTESIAN_POINT('',(0.0109826679582194,-0.0413632916373449,-0.00213945303488412));
#7780=CARTESIAN_POINT('',(0.0111511251624224,-0.041032384158668,-0.00196219184760878));
#7781=CARTESIAN_POINT('',(0.011263247683772,-0.040677907538814,-0.00178917310095984));
#7782=CARTESIAN_POINT('',(0.014174641878094,-0.0430376312359448,-0.00365));
#7783=CARTESIAN_POINT('',(0.014174641878094,-0.0450376312359448,-0.00365));
#7784=CARTESIAN_POINT('',(0.012174641878094,-0.0430376312359448,-0.00365));
#7785=CARTESIAN_POINT('',(0.0121785574566899,-0.0431627191355507,-0.00365));
#7786=CARTESIAN_POINT('',(0.014174641878094,-0.0450376312359448,-0.00365));
#7787=CARTESIAN_POINT('',(0.012174641878094,-0.0430376312359448,-0.00365));
#7788=CARTESIAN_POINT('',(0.012174641878094,-0.0430376312359448,-0.00365));
#7789=CARTESIAN_POINT('',(0.0110809405313288,-0.0425019710446603,-0.00265));
#7790=CARTESIAN_POINT('',(0.0117147027144393,-0.0418350731514606,-0.00265));
#7791=CARTESIAN_POINT('',(0.0117674219826304,-0.0417795975017222,-0.00356681537713037));
#7792=CARTESIAN_POINT('',(0.011382209166229,-0.0427882707208604,-0.00265));
#7793=CARTESIAN_POINT('',(0.0118963364309226,-0.0419763001478272,-0.00264999999999904));
#7794=CARTESIAN_POINT('',(0.0119215110757662,-0.0419232345127731,-0.00359109543810927));
#7795=CARTESIAN_POINT('',(0.0117638654158081,-0.0429746972033748,-0.00265));
#7796=CARTESIAN_POINT('',(0.0121151078647061,-0.0420465239704098,-0.00264999999999622));
#7797=CARTESIAN_POINT('',(0.0121164761927742,-0.0420170516292082,-0.00362022354999666));
#7798=CARTESIAN_POINT('',(0.012174641878094,-0.0430376312359448,-0.00265));
#7799=CARTESIAN_POINT('',(0.0123260823036815,-0.0420491648493145,-0.00265));
#7800=CARTESIAN_POINT('',(0.0123260823036815,-0.0420491648493145,-0.00365));
#7801=CARTESIAN_POINT('',(0.0113619723561657,-0.0422062457127892,-0.00273700074396606));
#7802=CARTESIAN_POINT('',(0.0116310050424513,-0.0424836671185503,-0.00272995387019786));
#7803=CARTESIAN_POINT('',(0.0118978116405105,-0.04275897816894,-0.00265000000000001));
#7804=CARTESIAN_POINT('',(0.0121666930704691,-0.0430363973901624,-0.00265));
#7805=CARTESIAN_POINT('',(0.0113619723561657,-0.0422062457127892,-0.00273700074396605));
#7806=CARTESIAN_POINT('',(0.0110809405313288,-0.0425019710446603,-0.00365));
#7807=CARTESIAN_POINT('',(0.0121785574566899,-0.0431627191355507,-0.00265));
#7808=CARTESIAN_POINT('',(0.0111805152459879,-0.0432252630853536,-0.00265));
#7809=CARTESIAN_POINT('',(0.0111805152459879,-0.0432252630853536,-0.00365000000000001));
#7810=CARTESIAN_POINT('',(0.0121500184965823,-0.0427073102850879,-0.00265));
#7811=CARTESIAN_POINT('',(0.0111983898382463,-0.0429945353751165,-0.00264999999999966));
#7812=CARTESIAN_POINT('',(0.0111659477488217,-0.0429928029173933,-0.00361720055997554));
#7813=CARTESIAN_POINT('',(0.0119700371869293,-0.0422743374012845,-0.00265));
#7814=CARTESIAN_POINT('',(0.0111355887233041,-0.0427471818444524,-0.00264999999999807));
#7815=CARTESIAN_POINT('',(0.0110756850768466,-0.0427716776787387,-0.00358525875691477));
#7816=CARTESIAN_POINT('',(0.0116658983586936,-0.0419341033038758,-0.00265));
#7817=CARTESIAN_POINT('',(0.0109849866109064,-0.0425427775102401,-0.00265));
#7818=CARTESIAN_POINT('',(0.0109234062041335,-0.0425978248865586,-0.00355956183826605));
#7819=CARTESIAN_POINT('',(0.0116658983586936,-0.0419341033038758,-0.00364999999999979));
#7820=CARTESIAN_POINT('',(0.011361733617551,-0.0422059993800131,-0.00273700693648463));
#7821=CARTESIAN_POINT('',(0.0113617336175509,-0.0422059993800131,-0.00273700693648461));
#7822=CARTESIAN_POINT('',(0.0113618131688067,-0.0422060815117853,-0.00273700489333597));
#7823=CARTESIAN_POINT('',(0.0113618927483433,-0.0422061636227119,-0.00273700282916352));
#7824=CARTESIAN_POINT('',(0.0113619723561657,-0.0422062457127892,-0.00273700074396606));
#7825=CARTESIAN_POINT('',(0.0116658983586936,-0.0419341033038758,-0.00265));
#7826=CARTESIAN_POINT('',(0.0109849866109064,-0.0425427775102401,-0.00265));
#7827=CARTESIAN_POINT('',(0.0109234062041335,-0.0425978248865586,-0.00355956183826605));
#7828=CARTESIAN_POINT('',(0.011592388202788,-0.0418208107026398,-0.00265));
#7829=CARTESIAN_POINT('',(0.0109788412067829,-0.0425130241811501,-0.00263104377662719));
#7830=CARTESIAN_POINT('',(0.0108365984540217,-0.0424987187556939,-0.00354491310378688));
#7831=CARTESIAN_POINT('',(0.0113907135698519,-0.0416583968225758,-0.00259885844723423));
#7832=CARTESIAN_POINT('',(0.010998862437751,-0.0424289136753705,-0.00263364866559965));
#7833=CARTESIAN_POINT('',(0.0106310629278324,-0.0423296560118083,-0.00341879086884439));
#7834=CARTESIAN_POINT('',(0.0109847226501159,-0.0416569880870844,-0.00239025609793446));
#7835=CARTESIAN_POINT('',(0.0107526919475643,-0.0421722238070527,-0.00257268337975058));
#7836=CARTESIAN_POINT('',(0.0103187062819344,-0.0421766120401452,-0.00298518511783384));
#7837=CARTESIAN_POINT('',(0.0104831539462962,-0.0418413128586336,-0.00210749043068876));
#7838=CARTESIAN_POINT('',(0.0103045683586709,-0.0420251191469846,-0.00226572394089511));
#7839=CARTESIAN_POINT('',(0.0100552435796353,-0.0420944295683349,-0.00241761152928911));
#7840=CARTESIAN_POINT('',(0.0100636944013242,-0.0419972393748065,-0.00189679096639004));
#7841=CARTESIAN_POINT('',(0.00998668242798424,-0.0420324999290897,-0.00194882408689789));
#7842=CARTESIAN_POINT('',(0.00990972194588794,-0.0420679043808367,-0.00200083561007739));
#7843=CARTESIAN_POINT('',(0.00984105680577481,-0.0420608947269087,-0.00178917310096001));
#7844=CARTESIAN_POINT('',(0.00984105680577481,-0.0420608947269087,-0.00178917310096));
#7845=CARTESIAN_POINT('',(0.0098410568057748,-0.0420608947269087,-0.00178917310095999));
#7846=CARTESIAN_POINT('',(0.0108810837070286,-0.0417084279129643,-0.00232997163636755));
#7847=CARTESIAN_POINT('',(0.0110106613887568,-0.0418423599990246,-0.00253092451204932));
#7848=CARTESIAN_POINT('',(0.01116992977834,-0.0420079737288833,-0.00274193311584648));
#7849=CARTESIAN_POINT('',(0.0113617336175509,-0.0422059993800131,-0.00273700693648458));
#7850=CARTESIAN_POINT('',(0.0117674219826304,-0.0417795975017222,-0.00356681537713037));
#7851=CARTESIAN_POINT('',(0.0117147027144393,-0.0418350731514606,-0.00265));
#7852=CARTESIAN_POINT('',(0.0110809405313288,-0.0425019710446603,-0.00265));
#7853=CARTESIAN_POINT('',(0.0116709413751761,-0.0416896613113597,-0.00355161277220706));
#7854=CARTESIAN_POINT('',(0.0116859231269318,-0.0418293885047693,-0.00263099985780081));
#7855=CARTESIAN_POINT('',(0.0109700044271803,-0.0424249671921202,-0.00265));
#7856=CARTESIAN_POINT('',(0.0115083871875663,-0.0414782193890401,-0.00342357316106384));
#7857=CARTESIAN_POINT('',(0.0116005044757702,-0.0418494100146592,-0.00263486891144976));
#7858=CARTESIAN_POINT('',(0.0108145351880765,-0.042217850306394,-0.00259879848406902));
#7859=CARTESIAN_POINT('',(0.0113652843917176,-0.0411597818522804,-0.00298716229741917));
#7860=CARTESIAN_POINT('',(0.0113490245192168,-0.0415938459957329,-0.00257375526811508));
#7861=CARTESIAN_POINT('',(0.0108266869309799,-0.0418107725632305,-0.00239025708023232));
#7862=CARTESIAN_POINT('',(0.0112909470602544,-0.0408928461296617,-0.0024180088627702));
#7863=CARTESIAN_POINT('',(0.0112146981085284,-0.0411402447019102,-0.00226597394687751));
#7864=CARTESIAN_POINT('',(0.0110259010705601,-0.0413136999637408,-0.00210761436992829));
#7865=CARTESIAN_POINT('',(0.0112684161256461,-0.0407465345438555,-0.00200083302500572));
#7866=CARTESIAN_POINT('',(0.0112308622394117,-0.0408225201557794,-0.00194885357700917));
#7867=CARTESIAN_POINT('',(0.0111934507862504,-0.0408985612727227,-0.00189685252649929));
#7868=CARTESIAN_POINT('',(0.011263247683772,-0.0406779075388141,-0.00178917310095961));
#7869=CARTESIAN_POINT('',(0.011263247683772,-0.040677907538814,-0.00178917310095972));
#7870=CARTESIAN_POINT('',(0.0112632476837721,-0.040677907538814,-0.00178917310095984));
#7871=CARTESIAN_POINT('',(0.014174641878094,-0.0250376312359448,-0.00365));
#7872=CARTESIAN_POINT('',(0.014174641878094,-0.0250376312359448,-0.00365));
#7873=CARTESIAN_POINT('',(0.014174641878094,-0.0270376312359448,-0.00365));
#7874=CARTESIAN_POINT('',(0.012174641878094,-0.0270376312359448,-0.00365));
#7875=CARTESIAN_POINT('',(0.012174641878094,-0.0270376312359448,-0.00365));
#7876=CARTESIAN_POINT('',(0.025174641878094,-0.0250376312359448,-0.00365));
#7877=CARTESIAN_POINT('',(0.025174641878094,-0.0250376312359448,-0.00365));
#7878=CARTESIAN_POINT('',(0.025174641878094,-0.0270376312359448,-0.00365));
#7879=CARTESIAN_POINT('',(0.027174641878094,-0.0270376312359448,-0.00365));
#7880=CARTESIAN_POINT('',(0.027174641878094,-0.0270376312359448,-0.00365));
#7881=CARTESIAN_POINT('',(0.0244171341430565,-0.0468886261120475,-0.00365));
#7882=CARTESIAN_POINT('',(0.025174641878094,-0.0450376312359448,-0.00365));
#7883=CARTESIAN_POINT('',(0.025174641878094,-0.0450376312359448,-0.00365));
#7884=CARTESIAN_POINT('',(0.025174641878094,-0.0450376312359448,-0.00365));
#7885=CARTESIAN_POINT('',(0.025174641878094,-0.0430376312359447,-0.00365));
#7886=CARTESIAN_POINT('',(0.027174641878094,-0.0430376312359448,-0.00365));
#7887=CARTESIAN_POINT('',(0.0271087541150826,-0.043546757796567,-0.00365));
#7888=CARTESIAN_POINT('',(0.027174641878094,-0.0430376312359448,-0.00365));
#7889=CARTESIAN_POINT('',(0.0290428663520712,-0.0440558843571892,-0.00365));
#7890=MECHANICAL_DESIGN_GEOMETRIC_PRESENTATION_REPRESENTATION('',(#2921),
#7891);
#7891=(
GEOMETRIC_REPRESENTATION_CONTEXT(3)
GLOBAL_UNCERTAINTY_ASSIGNED_CONTEXT((#7892))
GLOBAL_UNIT_ASSIGNED_CONTEXT((#7895,#7894,#7893))
REPRESENTATION_CONTEXT('Back','TOP_LEVEL_ASSEMBLY_PART')
);
#7892=UNCERTAINTY_MEASURE_WITH_UNIT(LENGTH_MEASURE(5.40014026581316E-5),
#7895,'DISTANCE_ACCURACY_VALUE','Maximum Tolerance applied to model');
#7893=(
NAMED_UNIT(*)
SI_UNIT($,.STERADIAN.)
SOLID_ANGLE_UNIT()
);
#7894=(
NAMED_UNIT(*)
PLANE_ANGLE_UNIT()
SI_UNIT($,.RADIAN.)
);
#7895=(
LENGTH_UNIT()
NAMED_UNIT(*)
SI_UNIT($,.METRE.)
);
#7896=PRODUCT_DEFINITION_SHAPE('','',#7897);
#7897=PRODUCT_DEFINITION('','',#7899,#7898);
#7898=PRODUCT_DEFINITION_CONTEXT('',#7905,'design');
#7899=PRODUCT_DEFINITION_FORMATION_WITH_SPECIFIED_SOURCE('','',#7901,
 .NOT_KNOWN.);
#7900=PRODUCT_RELATED_PRODUCT_CATEGORY('','',(#7901));
#7901=PRODUCT('Back','Back','Back',(#7903));
#7902=PRODUCT_CATEGORY('','');
#7903=PRODUCT_CONTEXT('',#7905,'mechanical');
#7904=APPLICATION_PROTOCOL_DEFINITION('international standard',
'ap242_managed_model_based_3d_engineering',2020,#7905);
#7905=APPLICATION_CONTEXT('managed model based 3d engineering');
ENDSEC;
END-ISO-10303-21;
